🚀 Iniciando benchmark com Hyperledger Caliper...
2026.03.02-03:05:53.585[32m info [39m [caliper] [cli-launch-manager] 	Binding specification is present, performing binding for "besu:latest"
2026.03.02-03:05:53.587[33m warn [39m [caliper] [bind] 	Working directory not specified. Using "/home/stefa/Área de Trabalho/dapp-benchmarking/src/caliper"
2026.03.02-03:05:53.587[32m info [39m [caliper] [bind] 	Binding for besu@latest. This might take some time...
2026.03.02-03:05:53.588[32m info [39m [caliper] [bind] 	Using working directory: /home/stefa/Área de Trabalho/dapp-benchmarking/src/caliper
2026.03.02-03:05:53.588[32m info [39m [caliper] [bind] 	Calling npm with: install web3@1.3.0

up to date, audited 788 packages in 17s

60 packages are looking for funding
  run `npm fund` for details

73 vulnerabilities (16 low, 12 moderate, 19 high, 26 critical)

To address issues that do not require attention, run:
  npm audit fix

To address all issues (including breaking changes), run:
  npm audit fix --force

Run `npm audit` for details.
2026.03.02-03:06:11.376[32m info [39m [caliper] [cli-launch-manager] 	Set workspace path: /home/stefa/Área de Trabalho/dapp-benchmarking/src/caliper
2026.03.02-03:06:11.377[32m info [39m [caliper] [cli-launch-manager] 	Set benchmark configuration path: /home/stefa/Área de Trabalho/dapp-benchmarking/src/caliper/benchmarks/scenario-monitoring/Simple/config.yaml
2026.03.02-03:06:11.377[32m info [39m [caliper] [cli-launch-manager] 	Set network configuration path: /home/stefa/Área de Trabalho/dapp-benchmarking/src/caliper/networks/besu/networkconfig.json
2026.03.02-03:06:11.378[32m info [39m [caliper] [cli-launch-manager] 	Set SUT type: ethereum
2026.03.02-03:06:11.923[32m info [39m [caliper] [benchmark-validator] 	No observer specified, will default to `none`
2026.03.02-03:06:11.924[32m info [39m [caliper] [caliper-engine] 	Starting benchmark flow
2026.03.02-03:06:11.924[32m info [39m [caliper] [caliper-engine] 	Network configuration attribute "caliper.command.start" is not present, skipping start command
2026.03.02-03:06:11.935[32m info [39m [caliper] [caliper-engine] 	Executed "init" step in 0 seconds
2026.03.02-03:06:11.935[32m info [39m [caliper] [caliper-engine] 	Skipping install smart contract phase due to benchmark flow conditioning
2026.03.02-03:06:11.938[32m info [39m [caliper] [monitor.js] 	Attempting to create resource monitor of type docker
2026.03.02-03:06:11.938[32m info [39m [caliper] [monitor.js] 	Attempting to create resource monitor of type prometheus
2026.03.02-03:06:11.938[33m warn [39m [caliper] [monitor-prometheus] 	No monitor `metrics` specified, will not provide statistics on any resources
2026.03.02-03:06:11.940[32m info [39m [caliper] [default-observer] 	Observer interval set to 5000 milliseconds
2026.03.02-03:06:11.945[32m info [39m [caliper] [round-orchestrator] 	Preparing worker connections
2026.03.02-03:06:11.945[32m info [39m [caliper] [worker-orchestrator] 	Launching worker 1 of 1
2026.03.02-03:06:11.951[32m info [39m [caliper] [worker-orchestrator] 	Messenger not configured, entering configure phase...
2026.03.02-03:06:11.951[32m info [39m [caliper] [worker-orchestrator] 	No existing workers detected, entering worker launch phase...
2026.03.02-03:06:11.952[32m info [39m [caliper] [worker-orchestrator] 	Waiting for 1 workers to be connected...
2026.03.02-03:06:12.347[32m info [39m [caliper] [cli-launch-worker] 	Worker is a locally forked process, skipping binding step already performed by the manager process
2026.03.02-03:06:12.348[32m info [39m [caliper] [cli-launch-worker] 	Set workspace path: /home/stefa/Área de Trabalho/dapp-benchmarking/src/caliper
2026.03.02-03:06:12.348[32m info [39m [caliper] [cli-launch-worker] 	Set benchmark configuration path: /home/stefa/Área de Trabalho/dapp-benchmarking/src/caliper/benchmarks/scenario-monitoring/Simple/config.yaml
2026.03.02-03:06:12.348[32m info [39m [caliper] [cli-launch-worker] 	Set network configuration path: /home/stefa/Área de Trabalho/dapp-benchmarking/src/caliper/networks/besu/networkconfig.json
2026.03.02-03:06:12.349[32m info [39m [caliper] [cli-launch-worker] 	Set SUT type: ethereum
2026.03.02-03:06:12.805[32m info [39m [caliper] [worker-orchestrator] 	1 workers connected, progressing to worker assignment phase.
2026.03.02-03:06:12.806[32m info [39m [caliper] [worker-orchestrator] 	Workers currently unassigned, awaiting index assignment...
2026.03.02-03:06:12.806[32m info [39m [caliper] [worker-orchestrator] 	Waiting for 1 workers to be assigned...
2026.03.02-03:06:12.934[32m info [39m [caliper] [worker-orchestrator] 	1 workers assigned, progressing to worker initialization phase.
2026.03.02-03:06:12.935[32m info [39m [caliper] [worker-orchestrator] 	Waiting for 1 workers to be ready...
2026.03.02-03:06:12.936[32m info [39m [caliper] [worker-message-handler] 	Initializing Worker#0...
2026.03.02-03:06:12.949[32m info [39m [caliper] [worker-message-handler] 	Worker#0 initialized
2026.03.02-03:06:12.951[32m info [39m [caliper] [worker-orchestrator] 	1 workers ready, progressing to test preparation phase.
2026.03.02-03:06:12.951[32m info [39m [caliper] [round-orchestrator] 	Started round 1 (open)
2026.03.02-03:06:12.957[32m info [39m [caliper] [worker-message-handler] 	Preparing Worker#0 for Round#0
2026.03.02-03:06:13.027[32m info [39m [caliper] [caliper-worker] 	Info: worker 0 prepare test phase for round 0 is starting...
2026.03.02-03:06:13.030[32m info [39m [caliper] [caliper-worker] 	Info: worker 0 prepare test phase for round 0 is completed
2026.03.02-03:06:13.030[32m info [39m [caliper] [worker-message-handler] 	Worker#0 prepared for Round#0
2026.03.02-03:06:13.031[32m info [39m [caliper] [worker-orchestrator] 	1 workers prepared, progressing to test phase.
2026.03.02-03:06:15.087[32m info [39m [caliper] [round-orchestrator] 	Monitors successfully started
2026.03.02-03:06:15.090[32m info [39m [caliper] [worker-message-handler] 	Worker#0 is starting Round#0
2026.03.02-03:06:15.145[32m info [39m [caliper] [caliper-worker] 	Worker #0 starting workload loop
2026.03.02-03:06:18.061[32m info [39m [caliper] [default-observer] 	[open Round 0 Transaction Info] - Submitted: 100 Succ: 0 Fail:0 Unfinished:100
2026.03.02-03:06:23.034[32m info [39m [caliper] [default-observer] 	[open Round 0 Transaction Info] - Submitted: 351 Succ: 0 Fail:0 Unfinished:351
2026.03.02-03:06:28.035[32m info [39m [caliper] [default-observer] 	[open Round 0 Transaction Info] - Submitted: 601 Succ: 0 Fail:0 Unfinished:601
2026.03.02-03:06:33.036[32m info [39m [caliper] [default-observer] 	[open Round 0 Transaction Info] - Submitted: 851 Succ: 693 Fail:0 Unfinished:158
2026.03.02-03:06:38.037[32m info [39m [caliper] [default-observer] 	[open Round 0 Transaction Info] - Submitted: 1000 Succ: 693 Fail:0 Unfinished:307
2026.03.02-03:06:43.038[32m info [39m [caliper] [default-observer] 	[open Round 0 Transaction Info] - Submitted: 1000 Succ: 693 Fail:0 Unfinished:307
2026.03.02-03:06:48.039[32m info [39m [caliper] [default-observer] 	[open Round 0 Transaction Info] - Submitted: 1000 Succ: 693 Fail:0 Unfinished:307
2026.03.02-03:06:50.588[32m info [39m [caliper] [worker-message-handler] 	Worker#0 finished Round#0
2026.03.02-03:06:55.592[32m info [39m [caliper] [default-observer] 	Resetting txCount indicator count
2026.03.02-03:06:55.593[32m info [39m [caliper] [report-builder] 	### Test result ###
2026.03.02-03:06:55.604[32m info [39m [caliper] [report-builder] 	
+------+------+------+-----------------+-----------------+-----------------+-----------------+------------------+
| Name | Succ | Fail | Send Rate (TPS) | Max Latency (s) | Min Latency (s) | Avg Latency (s) | Throughput (TPS) |
|------|------|------|-----------------|-----------------|-----------------|-----------------|------------------|
| open | 1000 | 0    | 50.1            | 20.36           | 2.14            | 10.99           | 29.1             |
+------+------+------+-----------------+-----------------+-----------------+-----------------+------------------+

2026.03.02-03:06:55.623[32m info [39m [caliper] [report-builder] 	### docker resource stats ###'
2026.03.02-03:06:55.627[32m info [39m [caliper] [report-builder] 	
+-------------+----------------------+----------------------+------------------+------------------+----------------+-----------------+-----------------+---------------+
| Name        | CPU%(max)            | CPU%(avg)            | Memory(max) [GB] | Memory(avg) [GB] | Traffic In [B] | Traffic Out [B] | Disc Write [MB] | Disc Read [B] |
|-------------|----------------------|----------------------|------------------|------------------|----------------|-----------------|-----------------|---------------|
| /node-besu2 | 0.010833333333333334 | 0.005416666666666667 | 0.682            | 0.682            | 0.00           | 0.00            | 0.387           | 0.00          |
|-------------|----------------------|----------------------|------------------|------------------|----------------|-----------------|-----------------|---------------|
| /node-besu4 | 0.029166666666666664 | 0.008749999999999999 | 0.659            | 0.659            | 0.00           | 0.00            | 0.527           | 0.00          |
|-------------|----------------------|----------------------|------------------|------------------|----------------|-----------------|-----------------|---------------|
| /node-besu1 | 0.16708333333333333  | 0.03666666666666667  | 1.38             | 1.38             | 0.00           | 0.00            | 1.04            | 0.00          |
|-------------|----------------------|----------------------|------------------|------------------|----------------|-----------------|-----------------|---------------|
| /node-besu3 | 0.01875              | 0.006666666666666667 | 0.681            | 0.680            | 0.00           | 0.00            | 0.164           | 0.00          |
+-------------+----------------------+----------------------+------------------+------------------+----------------+-----------------+-----------------+---------------+

2026.03.02-03:06:55.629[32m info [39m [caliper] [round-orchestrator] 	Finished round 1 (open) in 34.443 seconds
2026.03.02-03:06:55.629[32m info [39m [caliper] [monitor.js] 	Stopping all monitors
2026.03.02-03:06:55.729[32m info [39m [caliper] [round-orchestrator] 	Waiting 5 seconds for the next round...
2026.03.02-03:07:00.731[32m info [39m [caliper] [round-orchestrator] 	Started round 2 (query)
2026.03.02-03:07:00.734[32m info [39m [caliper] [worker-message-handler] 	Preparing Worker#0 for Round#1
2026.03.02-03:07:00.805[32m info [39m [caliper] [caliper-worker] 	Info: worker 0 prepare test phase for round 1 is starting...
2026.03.02-03:07:00.807[32m info [39m [caliper] [caliper-worker] 	Info: worker 0 prepare test phase for round 1 is completed
2026.03.02-03:07:00.808[32m info [39m [caliper] [worker-message-handler] 	Worker#0 prepared for Round#1
2026.03.02-03:07:00.809[32m info [39m [caliper] [worker-orchestrator] 	1 workers prepared, progressing to test phase.
2026.03.02-03:07:02.837[32m info [39m [caliper] [round-orchestrator] 	Monitors successfully started
2026.03.02-03:07:02.840[32m info [39m [caliper] [worker-message-handler] 	Worker#0 is starting Round#1
2026.03.02-03:07:02.873[32m info [39m [caliper] [caliper-worker] 	Worker #0 starting workload loop
2026.03.02-03:07:02.880[31m error[39m [caliper] [ethereum-connector] 	Failed tx on simple calling method query nonce undefined
2026.03.02-03:07:02.880[31m error[39m [caliper] [ethereum-connector] 	Error: Returned values aren't valid, did it run Out of Gas? You might also see this error if you are not using the correct ABI for the contract you are retrieving data from, requesting data from a block number that does not exist, or querying a node which is not fully synced.
2026.03.02-03:07:02.885[31m error[39m [caliper] [ethereum-connector] 	Failed tx on simple calling method query nonce undefined
2026.03.02-03:07:02.885[31m error[39m [caliper] [ethereum-connector] 	Error: Returned values aren't valid, did it run Out of Gas? You might also see this error if you are not using the correct ABI for the contract you are retrieving data from, requesting data from a block number that does not exist, or querying a node which is not fully synced.
2026.03.02-03:07:02.895[31m error[39m [caliper] [ethereum-connector] 	Failed tx on simple calling method query nonce undefined
2026.03.02-03:07:02.896[31m error[39m [caliper] [ethereum-connector] 	Error: Returned values aren't valid, did it run Out of Gas? You might also see this error if you are not using the correct ABI for the contract you are retrieving data from, requesting data from a block number that does not exist, or querying a node which is not fully synced.
2026.03.02-03:07:02.905[31m error[39m [caliper] [ethereum-connector] 	Failed tx on simple calling method query nonce undefined
2026.03.02-03:07:02.906[31m error[39m [caliper] [ethereum-connector] 	Error: Returned values aren't valid, did it run Out of Gas? You might also see this error if you are not using the correct ABI for the contract you are retrieving data from, requesting data from a block number that does not exist, or querying a node which is not fully synced.
2026.03.02-03:07:02.915[31m error[39m [caliper] [ethereum-connector] 	Failed tx on simple calling method query nonce undefined
2026.03.02-03:07:02.915[31m error[39m [caliper] [ethereum-connector] 	Error: Returned values aren't valid, did it run Out of Gas? You might also see this error if you are not using the correct ABI for the contract you are retrieving data from, requesting data from a block number that does not exist, or querying a node which is not fully synced.
2026.03.02-03:07:02.925[31m error[39m [caliper] [ethereum-connector] 	Failed tx on simple calling method query nonce undefined
2026.03.02-03:07:02.926[31m error[39m [caliper] [ethereum-connector] 	Error: Returned values aren't valid, did it run Out of Gas? You might also see this error if you are not using the correct ABI for the contract you are retrieving data from, requesting data from a block number that does not exist, or querying a node which is not fully synced.
2026.03.02-03:07:02.935[31m error[39m [caliper] [ethereum-connector] 	Failed tx on simple calling method query nonce undefined
2026.03.02-03:07:02.935[31m error[39m [caliper] [ethereum-connector] 	Error: Returned values aren't valid, did it run Out of Gas? You might also see this error if you are not using the correct ABI for the contract you are retrieving data from, requesting data from a block number that does not exist, or querying a node which is not fully synced.
2026.03.02-03:07:02.946[31m error[39m [caliper] [ethereum-connector] 	Failed tx on simple calling method query nonce undefined
2026.03.02-03:07:02.946[31m error[39m [caliper] [ethereum-connector] 	Error: Returned values aren't valid, did it run Out of Gas? You might also see this error if you are not using the correct ABI for the contract you are retrieving data from, requesting data from a block number that does not exist, or querying a node which is not fully synced.
2026.03.02-03:07:02.955[31m error[39m [caliper] [ethereum-connector] 	Failed tx on simple calling method query nonce undefined
2026.03.02-03:07:02.955[31m error[39m [caliper] [ethereum-connector] 	Error: Returned values aren't valid, did it run Out of Gas? You might also see this error if you are not using the correct ABI for the contract you are retrieving data from, requesting data from a block number that does not exist, or querying a node which is not fully synced.
2026.03.02-03:07:02.965[31m error[39m [caliper] [ethereum-connector] 	Failed tx on simple calling method query nonce undefined
2026.03.02-03:07:02.965[31m error[39m [caliper] [ethereum-connector] 	Error: Returned values aren't valid, did it run Out of Gas? You might also see this error if you are not using the correct ABI for the contract you are retrieving data from, requesting data from a block number that does not exist, or querying a node which is not fully synced.
2026.03.02-03:07:02.976[31m error[39m [caliper] [ethereum-connector] 	Failed tx on simple calling method query nonce undefined
2026.03.02-03:07:02.976[31m error[39m [caliper] [ethereum-connector] 	Error: Returned values aren't valid, did it run Out of Gas? You might also see this error if you are not using the correct ABI for the contract you are retrieving data from, requesting data from a block number that does not exist, or querying a node which is not fully synced.
2026.03.02-03:07:02.985[31m error[39m [caliper] [ethereum-connector] 	Failed tx on simple calling method query nonce undefined
2026.03.02-03:07:02.985[31m error[39m [caliper] [ethereum-connector] 	Error: Returned values aren't valid, did it run Out of Gas? You might also see this error if you are not using the correct ABI for the contract you are retrieving data from, requesting data from a block number that does not exist, or querying a node which is not fully synced.
2026.03.02-03:07:02.996[31m error[39m [caliper] [ethereum-connector] 	Failed tx on simple calling method query nonce undefined
2026.03.02-03:07:02.996[31m error[39m [caliper] [ethereum-connector] 	Error: Returned values aren't valid, did it run Out of Gas? You might also see this error if you are not using the correct ABI for the contract you are retrieving data from, requesting data from a block number that does not exist, or querying a node which is not fully synced.
2026.03.02-03:07:03.005[31m error[39m [caliper] [ethereum-connector] 	Failed tx on simple calling method query nonce undefined
2026.03.02-03:07:03.006[31m error[39m [caliper] [ethereum-connector] 	Error: Returned values aren't valid, did it run Out of Gas? You might also see this error if you are not using the correct ABI for the contract you are retrieving data from, requesting data from a block number that does not exist, or querying a node which is not fully synced.
2026.03.02-03:07:03.015[31m error[39m [caliper] [ethereum-connector] 	Failed tx on simple calling method query nonce undefined
2026.03.02-03:07:03.016[31m error[39m [caliper] [ethereum-connector] 	Error: Returned values aren't valid, did it run Out of Gas? You might also see this error if you are not using the correct ABI for the contract you are retrieving data from, requesting data from a block number that does not exist, or querying a node which is not fully synced.
2026.03.02-03:07:03.025[31m error[39m [caliper] [ethereum-connector] 	Failed tx on simple calling method query nonce undefined
2026.03.02-03:07:03.025[31m error[39m [caliper] [ethereum-connector] 	Error: Returned values aren't valid, did it run Out of Gas? You might also see this error if you are not using the correct ABI for the contract you are retrieving data from, requesting data from a block number that does not exist, or querying a node which is not fully synced.
2026.03.02-03:07:03.035[31m error[39m [caliper] [ethereum-connector] 	Failed tx on simple calling method query nonce undefined
2026.03.02-03:07:03.036[31m error[39m [caliper] [ethereum-connector] 	Error: Returned values aren't valid, did it run Out of Gas? You might also see this error if you are not using the correct ABI for the contract you are retrieving data from, requesting data from a block number that does not exist, or querying a node which is not fully synced.
2026.03.02-03:07:03.045[31m error[39m [caliper] [ethereum-connector] 	Failed tx on simple calling method query nonce undefined
2026.03.02-03:07:03.045[31m error[39m [caliper] [ethereum-connector] 	Error: Returned values aren't valid, did it run Out of Gas? You might also see this error if you are not using the correct ABI for the contract you are retrieving data from, requesting data from a block number that does not exist, or querying a node which is not fully synced.
2026.03.02-03:07:03.054[31m error[39m [caliper] [ethereum-connector] 	Failed tx on simple calling method query nonce undefined
2026.03.02-03:07:03.054[31m error[39m [caliper] [ethereum-connector] 	Error: Returned values aren't valid, did it run Out of Gas? You might also see this error if you are not using the correct ABI for the contract you are retrieving data from, requesting data from a block number that does not exist, or querying a node which is not fully synced.
2026.03.02-03:07:03.065[31m error[39m [caliper] [ethereum-connector] 	Failed tx on simple calling method query nonce undefined
2026.03.02-03:07:03.066[31m error[39m [caliper] [ethereum-connector] 	Error: Returned values aren't valid, did it run Out of Gas? You might also see this error if you are not using the correct ABI for the contract you are retrieving data from, requesting data from a block number that does not exist, or querying a node which is not fully synced.
2026.03.02-03:07:03.075[31m error[39m [caliper] [ethereum-connector] 	Failed tx on simple calling method query nonce undefined
2026.03.02-03:07:03.075[31m error[39m [caliper] [ethereum-connector] 	Error: Returned values aren't valid, did it run Out of Gas? You might also see this error if you are not using the correct ABI for the contract you are retrieving data from, requesting data from a block number that does not exist, or querying a node which is not fully synced.
2026.03.02-03:07:03.086[31m error[39m [caliper] [ethereum-connector] 	Failed tx on simple calling method query nonce undefined
2026.03.02-03:07:03.086[31m error[39m [caliper] [ethereum-connector] 	Error: Returned values aren't valid, did it run Out of Gas? You might also see this error if you are not using the correct ABI for the contract you are retrieving data from, requesting data from a block number that does not exist, or querying a node which is not fully synced.
2026.03.02-03:07:03.095[31m error[39m [caliper] [ethereum-connector] 	Failed tx on simple calling method query nonce undefined
2026.03.02-03:07:03.095[31m error[39m [caliper] [ethereum-connector] 	Error: Returned values aren't valid, did it run Out of Gas? You might also see this error if you are not using the correct ABI for the contract you are retrieving data from, requesting data from a block number that does not exist, or querying a node which is not fully synced.
2026.03.02-03:07:03.106[31m error[39m [caliper] [ethereum-connector] 	Failed tx on simple calling method query nonce undefined
2026.03.02-03:07:03.106[31m error[39m [caliper] [ethereum-connector] 	Error: Returned values aren't valid, did it run Out of Gas? You might also see this error if you are not using the correct ABI for the contract you are retrieving data from, requesting data from a block number that does not exist, or querying a node which is not fully synced.
2026.03.02-03:07:03.114[31m error[39m [caliper] [ethereum-connector] 	Failed tx on simple calling method query nonce undefined
2026.03.02-03:07:03.114[31m error[39m [caliper] [ethereum-connector] 	Error: Returned values aren't valid, did it run Out of Gas? You might also see this error if you are not using the correct ABI for the contract you are retrieving data from, requesting data from a block number that does not exist, or querying a node which is not fully synced.
2026.03.02-03:07:03.126[31m error[39m [caliper] [ethereum-connector] 	Failed tx on simple calling method query nonce undefined
2026.03.02-03:07:03.126[31m error[39m [caliper] [ethereum-connector] 	Error: Returned values aren't valid, did it run Out of Gas? You might also see this error if you are not using the correct ABI for the contract you are retrieving data from, requesting data from a block number that does not exist, or querying a node which is not fully synced.
2026.03.02-03:07:03.135[31m error[39m [caliper] [ethereum-connector] 	Failed tx on simple calling method query nonce undefined
2026.03.02-03:07:03.135[31m error[39m [caliper] [ethereum-connector] 	Error: Returned values aren't valid, did it run Out of Gas? You might also see this error if you are not using the correct ABI for the contract you are retrieving data from, requesting data from a block number that does not exist, or querying a node which is not fully synced.
2026.03.02-03:07:03.145[31m error[39m [caliper] [ethereum-connector] 	Failed tx on simple calling method query nonce undefined
2026.03.02-03:07:03.145[31m error[39m [caliper] [ethereum-connector] 	Error: Returned values aren't valid, did it run Out of Gas? You might also see this error if you are not using the correct ABI for the contract you are retrieving data from, requesting data from a block number that does not exist, or querying a node which is not fully synced.
2026.03.02-03:07:03.155[31m error[39m [caliper] [ethereum-connector] 	Failed tx on simple calling method query nonce undefined
2026.03.02-03:07:03.155[31m error[39m [caliper] [ethereum-connector] 	Error: Returned values aren't valid, did it run Out of Gas? You might also see this error if you are not using the correct ABI for the contract you are retrieving data from, requesting data from a block number that does not exist, or querying a node which is not fully synced.
2026.03.02-03:07:03.165[31m error[39m [caliper] [ethereum-connector] 	Failed tx on simple calling method query nonce undefined
2026.03.02-03:07:03.165[31m error[39m [caliper] [ethereum-connector] 	Error: Returned values aren't valid, did it run Out of Gas? You might also see this error if you are not using the correct ABI for the contract you are retrieving data from, requesting data from a block number that does not exist, or querying a node which is not fully synced.
2026.03.02-03:07:03.175[31m error[39m [caliper] [ethereum-connector] 	Failed tx on simple calling method query nonce undefined
2026.03.02-03:07:03.176[31m error[39m [caliper] [ethereum-connector] 	Error: Returned values aren't valid, did it run Out of Gas? You might also see this error if you are not using the correct ABI for the contract you are retrieving data from, requesting data from a block number that does not exist, or querying a node which is not fully synced.
2026.03.02-03:07:03.184[31m error[39m [caliper] [ethereum-connector] 	Failed tx on simple calling method query nonce undefined
2026.03.02-03:07:03.185[31m error[39m [caliper] [ethereum-connector] 	Error: Returned values aren't valid, did it run Out of Gas? You might also see this error if you are not using the correct ABI for the contract you are retrieving data from, requesting data from a block number that does not exist, or querying a node which is not fully synced.
2026.03.02-03:07:03.194[31m error[39m [caliper] [ethereum-connector] 	Failed tx on simple calling method query nonce undefined
2026.03.02-03:07:03.195[31m error[39m [caliper] [ethereum-connector] 	Error: Returned values aren't valid, did it run Out of Gas? You might also see this error if you are not using the correct ABI for the contract you are retrieving data from, requesting data from a block number that does not exist, or querying a node which is not fully synced.
2026.03.02-03:07:03.205[31m error[39m [caliper] [ethereum-connector] 	Failed tx on simple calling method query nonce undefined
2026.03.02-03:07:03.205[31m error[39m [caliper] [ethereum-connector] 	Error: Returned values aren't valid, did it run Out of Gas? You might also see this error if you are not using the correct ABI for the contract you are retrieving data from, requesting data from a block number that does not exist, or querying a node which is not fully synced.
2026.03.02-03:07:03.214[31m error[39m [caliper] [ethereum-connector] 	Failed tx on simple calling method query nonce undefined
2026.03.02-03:07:03.214[31m error[39m [caliper] [ethereum-connector] 	Error: Returned values aren't valid, did it run Out of Gas? You might also see this error if you are not using the correct ABI for the contract you are retrieving data from, requesting data from a block number that does not exist, or querying a node which is not fully synced.
2026.03.02-03:07:03.225[31m error[39m [caliper] [ethereum-connector] 	Failed tx on simple calling method query nonce undefined
2026.03.02-03:07:03.225[31m error[39m [caliper] [ethereum-connector] 	Error: Returned values aren't valid, did it run Out of Gas? You might also see this error if you are not using the correct ABI for the contract you are retrieving data from, requesting data from a block number that does not exist, or querying a node which is not fully synced.
2026.03.02-03:07:03.235[31m error[39m [caliper] [ethereum-connector] 	Failed tx on simple calling method query nonce undefined
2026.03.02-03:07:03.235[31m error[39m [caliper] [ethereum-connector] 	Error: Returned values aren't valid, did it run Out of Gas? You might also see this error if you are not using the correct ABI for the contract you are retrieving data from, requesting data from a block number that does not exist, or querying a node which is not fully synced.
2026.03.02-03:07:03.246[31m error[39m [caliper] [ethereum-connector] 	Failed tx on simple calling method query nonce undefined
2026.03.02-03:07:03.246[31m error[39m [caliper] [ethereum-connector] 	Error: Returned values aren't valid, did it run Out of Gas? You might also see this error if you are not using the correct ABI for the contract you are retrieving data from, requesting data from a block number that does not exist, or querying a node which is not fully synced.
2026.03.02-03:07:03.254[31m error[39m [caliper] [ethereum-connector] 	Failed tx on simple calling method query nonce undefined
2026.03.02-03:07:03.254[31m error[39m [caliper] [ethereum-connector] 	Error: Returned values aren't valid, did it run Out of Gas? You might also see this error if you are not using the correct ABI for the contract you are retrieving data from, requesting data from a block number that does not exist, or querying a node which is not fully synced.
2026.03.02-03:07:03.265[31m error[39m [caliper] [ethereum-connector] 	Failed tx on simple calling method query nonce undefined
2026.03.02-03:07:03.265[31m error[39m [caliper] [ethereum-connector] 	Error: Returned values aren't valid, did it run Out of Gas? You might also see this error if you are not using the correct ABI for the contract you are retrieving data from, requesting data from a block number that does not exist, or querying a node which is not fully synced.
2026.03.02-03:07:03.276[31m error[39m [caliper] [ethereum-connector] 	Failed tx on simple calling method query nonce undefined
2026.03.02-03:07:03.276[31m error[39m [caliper] [ethereum-connector] 	Error: Returned values aren't valid, did it run Out of Gas? You might also see this error if you are not using the correct ABI for the contract you are retrieving data from, requesting data from a block number that does not exist, or querying a node which is not fully synced.
2026.03.02-03:07:03.285[31m error[39m [caliper] [ethereum-connector] 	Failed tx on simple calling method query nonce undefined
2026.03.02-03:07:03.285[31m error[39m [caliper] [ethereum-connector] 	Error: Returned values aren't valid, did it run Out of Gas? You might also see this error if you are not using the correct ABI for the contract you are retrieving data from, requesting data from a block number that does not exist, or querying a node which is not fully synced.
2026.03.02-03:07:03.295[31m error[39m [caliper] [ethereum-connector] 	Failed tx on simple calling method query nonce undefined
2026.03.02-03:07:03.295[31m error[39m [caliper] [ethereum-connector] 	Error: Returned values aren't valid, did it run Out of Gas? You might also see this error if you are not using the correct ABI for the contract you are retrieving data from, requesting data from a block number that does not exist, or querying a node which is not fully synced.
2026.03.02-03:07:03.305[31m error[39m [caliper] [ethereum-connector] 	Failed tx on simple calling method query nonce undefined
2026.03.02-03:07:03.306[31m error[39m [caliper] [ethereum-connector] 	Error: Returned values aren't valid, did it run Out of Gas? You might also see this error if you are not using the correct ABI for the contract you are retrieving data from, requesting data from a block number that does not exist, or querying a node which is not fully synced.
2026.03.02-03:07:03.315[31m error[39m [caliper] [ethereum-connector] 	Failed tx on simple calling method query nonce undefined
2026.03.02-03:07:03.315[31m error[39m [caliper] [ethereum-connector] 	Error: Returned values aren't valid, did it run Out of Gas? You might also see this error if you are not using the correct ABI for the contract you are retrieving data from, requesting data from a block number that does not exist, or querying a node which is not fully synced.
2026.03.02-03:07:03.326[31m error[39m [caliper] [ethereum-connector] 	Failed tx on simple calling method query nonce undefined
2026.03.02-03:07:03.326[31m error[39m [caliper] [ethereum-connector] 	Error: Returned values aren't valid, did it run Out of Gas? You might also see this error if you are not using the correct ABI for the contract you are retrieving data from, requesting data from a block number that does not exist, or querying a node which is not fully synced.
2026.03.02-03:07:03.335[31m error[39m [caliper] [ethereum-connector] 	Failed tx on simple calling method query nonce undefined
2026.03.02-03:07:03.335[31m error[39m [caliper] [ethereum-connector] 	Error: Returned values aren't valid, did it run Out of Gas? You might also see this error if you are not using the correct ABI for the contract you are retrieving data from, requesting data from a block number that does not exist, or querying a node which is not fully synced.
2026.03.02-03:07:03.345[31m error[39m [caliper] [ethereum-connector] 	Failed tx on simple calling method query nonce undefined
2026.03.02-03:07:03.346[31m error[39m [caliper] [ethereum-connector] 	Error: Returned values aren't valid, did it run Out of Gas? You might also see this error if you are not using the correct ABI for the contract you are retrieving data from, requesting data from a block number that does not exist, or querying a node which is not fully synced.
2026.03.02-03:07:03.355[31m error[39m [caliper] [ethereum-connector] 	Failed tx on simple calling method query nonce undefined
2026.03.02-03:07:03.355[31m error[39m [caliper] [ethereum-connector] 	Error: Returned values aren't valid, did it run Out of Gas? You might also see this error if you are not using the correct ABI for the contract you are retrieving data from, requesting data from a block number that does not exist, or querying a node which is not fully synced.
2026.03.02-03:07:03.366[31m error[39m [caliper] [ethereum-connector] 	Failed tx on simple calling method query nonce undefined
2026.03.02-03:07:03.366[31m error[39m [caliper] [ethereum-connector] 	Error: Returned values aren't valid, did it run Out of Gas? You might also see this error if you are not using the correct ABI for the contract you are retrieving data from, requesting data from a block number that does not exist, or querying a node which is not fully synced.
2026.03.02-03:07:03.374[31m error[39m [caliper] [ethereum-connector] 	Failed tx on simple calling method query nonce undefined
2026.03.02-03:07:03.374[31m error[39m [caliper] [ethereum-connector] 	Error: Returned values aren't valid, did it run Out of Gas? You might also see this error if you are not using the correct ABI for the contract you are retrieving data from, requesting data from a block number that does not exist, or querying a node which is not fully synced.
2026.03.02-03:07:03.386[31m error[39m [caliper] [ethereum-connector] 	Failed tx on simple calling method query nonce undefined
2026.03.02-03:07:03.386[31m error[39m [caliper] [ethereum-connector] 	Error: Returned values aren't valid, did it run Out of Gas? You might also see this error if you are not using the correct ABI for the contract you are retrieving data from, requesting data from a block number that does not exist, or querying a node which is not fully synced.
2026.03.02-03:07:03.395[31m error[39m [caliper] [ethereum-connector] 	Failed tx on simple calling method query nonce undefined
2026.03.02-03:07:03.395[31m error[39m [caliper] [ethereum-connector] 	Error: Returned values aren't valid, did it run Out of Gas? You might also see this error if you are not using the correct ABI for the contract you are retrieving data from, requesting data from a block number that does not exist, or querying a node which is not fully synced.
2026.03.02-03:07:03.406[31m error[39m [caliper] [ethereum-connector] 	Failed tx on simple calling method query nonce undefined
2026.03.02-03:07:03.406[31m error[39m [caliper] [ethereum-connector] 	Error: Returned values aren't valid, did it run Out of Gas? You might also see this error if you are not using the correct ABI for the contract you are retrieving data from, requesting data from a block number that does not exist, or querying a node which is not fully synced.
2026.03.02-03:07:03.415[31m error[39m [caliper] [ethereum-connector] 	Failed tx on simple calling method query nonce undefined
2026.03.02-03:07:03.415[31m error[39m [caliper] [ethereum-connector] 	Error: Returned values aren't valid, did it run Out of Gas? You might also see this error if you are not using the correct ABI for the contract you are retrieving data from, requesting data from a block number that does not exist, or querying a node which is not fully synced.
2026.03.02-03:07:03.425[31m error[39m [caliper] [ethereum-connector] 	Failed tx on simple calling method query nonce undefined
2026.03.02-03:07:03.425[31m error[39m [caliper] [ethereum-connector] 	Error: Returned values aren't valid, did it run Out of Gas? You might also see this error if you are not using the correct ABI for the contract you are retrieving data from, requesting data from a block number that does not exist, or querying a node which is not fully synced.
2026.03.02-03:07:03.436[31m error[39m [caliper] [ethereum-connector] 	Failed tx on simple calling method query nonce undefined
2026.03.02-03:07:03.436[31m error[39m [caliper] [ethereum-connector] 	Error: Returned values aren't valid, did it run Out of Gas? You might also see this error if you are not using the correct ABI for the contract you are retrieving data from, requesting data from a block number that does not exist, or querying a node which is not fully synced.
2026.03.02-03:07:03.444[31m error[39m [caliper] [ethereum-connector] 	Failed tx on simple calling method query nonce undefined
2026.03.02-03:07:03.444[31m error[39m [caliper] [ethereum-connector] 	Error: Returned values aren't valid, did it run Out of Gas? You might also see this error if you are not using the correct ABI for the contract you are retrieving data from, requesting data from a block number that does not exist, or querying a node which is not fully synced.
2026.03.02-03:07:03.456[31m error[39m [caliper] [ethereum-connector] 	Failed tx on simple calling method query nonce undefined
2026.03.02-03:07:03.456[31m error[39m [caliper] [ethereum-connector] 	Error: Returned values aren't valid, did it run Out of Gas? You might also see this error if you are not using the correct ABI for the contract you are retrieving data from, requesting data from a block number that does not exist, or querying a node which is not fully synced.
2026.03.02-03:07:03.465[31m error[39m [caliper] [ethereum-connector] 	Failed tx on simple calling method query nonce undefined
2026.03.02-03:07:03.465[31m error[39m [caliper] [ethereum-connector] 	Error: Returned values aren't valid, did it run Out of Gas? You might also see this error if you are not using the correct ABI for the contract you are retrieving data from, requesting data from a block number that does not exist, or querying a node which is not fully synced.
2026.03.02-03:07:03.474[31m error[39m [caliper] [ethereum-connector] 	Failed tx on simple calling method query nonce undefined
2026.03.02-03:07:03.474[31m error[39m [caliper] [ethereum-connector] 	Error: Returned values aren't valid, did it run Out of Gas? You might also see this error if you are not using the correct ABI for the contract you are retrieving data from, requesting data from a block number that does not exist, or querying a node which is not fully synced.
2026.03.02-03:07:03.486[31m error[39m [caliper] [ethereum-connector] 	Failed tx on simple calling method query nonce undefined
2026.03.02-03:07:03.486[31m error[39m [caliper] [ethereum-connector] 	Error: Returned values aren't valid, did it run Out of Gas? You might also see this error if you are not using the correct ABI for the contract you are retrieving data from, requesting data from a block number that does not exist, or querying a node which is not fully synced.
2026.03.02-03:07:03.496[31m error[39m [caliper] [ethereum-connector] 	Failed tx on simple calling method query nonce undefined
2026.03.02-03:07:03.496[31m error[39m [caliper] [ethereum-connector] 	Error: Returned values aren't valid, did it run Out of Gas? You might also see this error if you are not using the correct ABI for the contract you are retrieving data from, requesting data from a block number that does not exist, or querying a node which is not fully synced.
2026.03.02-03:07:03.505[31m error[39m [caliper] [ethereum-connector] 	Failed tx on simple calling method query nonce undefined
2026.03.02-03:07:03.505[31m error[39m [caliper] [ethereum-connector] 	Error: Returned values aren't valid, did it run Out of Gas? You might also see this error if you are not using the correct ABI for the contract you are retrieving data from, requesting data from a block number that does not exist, or querying a node which is not fully synced.
2026.03.02-03:07:03.515[31m error[39m [caliper] [ethereum-connector] 	Failed tx on simple calling method query nonce undefined
2026.03.02-03:07:03.516[31m error[39m [caliper] [ethereum-connector] 	Error: Returned values aren't valid, did it run Out of Gas? You might also see this error if you are not using the correct ABI for the contract you are retrieving data from, requesting data from a block number that does not exist, or querying a node which is not fully synced.
2026.03.02-03:07:03.525[31m error[39m [caliper] [ethereum-connector] 	Failed tx on simple calling method query nonce undefined
2026.03.02-03:07:03.526[31m error[39m [caliper] [ethereum-connector] 	Error: Returned values aren't valid, did it run Out of Gas? You might also see this error if you are not using the correct ABI for the contract you are retrieving data from, requesting data from a block number that does not exist, or querying a node which is not fully synced.
2026.03.02-03:07:03.536[31m error[39m [caliper] [ethereum-connector] 	Failed tx on simple calling method query nonce undefined
2026.03.02-03:07:03.536[31m error[39m [caliper] [ethereum-connector] 	Error: Returned values aren't valid, did it run Out of Gas? You might also see this error if you are not using the correct ABI for the contract you are retrieving data from, requesting data from a block number that does not exist, or querying a node which is not fully synced.
2026.03.02-03:07:03.545[31m error[39m [caliper] [ethereum-connector] 	Failed tx on simple calling method query nonce undefined
2026.03.02-03:07:03.545[31m error[39m [caliper] [ethereum-connector] 	Error: Returned values aren't valid, did it run Out of Gas? You might also see this error if you are not using the correct ABI for the contract you are retrieving data from, requesting data from a block number that does not exist, or querying a node which is not fully synced.
2026.03.02-03:07:03.556[31m error[39m [caliper] [ethereum-connector] 	Failed tx on simple calling method query nonce undefined
2026.03.02-03:07:03.557[31m error[39m [caliper] [ethereum-connector] 	Error: Returned values aren't valid, did it run Out of Gas? You might also see this error if you are not using the correct ABI for the contract you are retrieving data from, requesting data from a block number that does not exist, or querying a node which is not fully synced.
2026.03.02-03:07:03.565[31m error[39m [caliper] [ethereum-connector] 	Failed tx on simple calling method query nonce undefined
2026.03.02-03:07:03.565[31m error[39m [caliper] [ethereum-connector] 	Error: Returned values aren't valid, did it run Out of Gas? You might also see this error if you are not using the correct ABI for the contract you are retrieving data from, requesting data from a block number that does not exist, or querying a node which is not fully synced.
2026.03.02-03:07:03.576[31m error[39m [caliper] [ethereum-connector] 	Failed tx on simple calling method query nonce undefined
2026.03.02-03:07:03.576[31m error[39m [caliper] [ethereum-connector] 	Error: Returned values aren't valid, did it run Out of Gas? You might also see this error if you are not using the correct ABI for the contract you are retrieving data from, requesting data from a block number that does not exist, or querying a node which is not fully synced.
2026.03.02-03:07:03.584[31m error[39m [caliper] [ethereum-connector] 	Failed tx on simple calling method query nonce undefined
2026.03.02-03:07:03.585[31m error[39m [caliper] [ethereum-connector] 	Error: Returned values aren't valid, did it run Out of Gas? You might also see this error if you are not using the correct ABI for the contract you are retrieving data from, requesting data from a block number that does not exist, or querying a node which is not fully synced.
2026.03.02-03:07:03.595[31m error[39m [caliper] [ethereum-connector] 	Failed tx on simple calling method query nonce undefined
2026.03.02-03:07:03.595[31m error[39m [caliper] [ethereum-connector] 	Error: Returned values aren't valid, did it run Out of Gas? You might also see this error if you are not using the correct ABI for the contract you are retrieving data from, requesting data from a block number that does not exist, or querying a node which is not fully synced.
2026.03.02-03:07:03.604[31m error[39m [caliper] [ethereum-connector] 	Failed tx on simple calling method query nonce undefined
2026.03.02-03:07:03.604[31m error[39m [caliper] [ethereum-connector] 	Error: Returned values aren't valid, did it run Out of Gas? You might also see this error if you are not using the correct ABI for the contract you are retrieving data from, requesting data from a block number that does not exist, or querying a node which is not fully synced.
2026.03.02-03:07:03.615[31m error[39m [caliper] [ethereum-connector] 	Failed tx on simple calling method query nonce undefined
2026.03.02-03:07:03.615[31m error[39m [caliper] [ethereum-connector] 	Error: Returned values aren't valid, did it run Out of Gas? You might also see this error if you are not using the correct ABI for the contract you are retrieving data from, requesting data from a block number that does not exist, or querying a node which is not fully synced.
2026.03.02-03:07:03.625[31m error[39m [caliper] [ethereum-connector] 	Failed tx on simple calling method query nonce undefined
2026.03.02-03:07:03.625[31m error[39m [caliper] [ethereum-connector] 	Error: Returned values aren't valid, did it run Out of Gas? You might also see this error if you are not using the correct ABI for the contract you are retrieving data from, requesting data from a block number that does not exist, or querying a node which is not fully synced.
2026.03.02-03:07:03.636[31m error[39m [caliper] [ethereum-connector] 	Failed tx on simple calling method query nonce undefined
2026.03.02-03:07:03.636[31m error[39m [caliper] [ethereum-connector] 	Error: Returned values aren't valid, did it run Out of Gas? You might also see this error if you are not using the correct ABI for the contract you are retrieving data from, requesting data from a block number that does not exist, or querying a node which is not fully synced.
2026.03.02-03:07:03.646[31m error[39m [caliper] [ethereum-connector] 	Failed tx on simple calling method query nonce undefined
2026.03.02-03:07:03.646[31m error[39m [caliper] [ethereum-connector] 	Error: Returned values aren't valid, did it run Out of Gas? You might also see this error if you are not using the correct ABI for the contract you are retrieving data from, requesting data from a block number that does not exist, or querying a node which is not fully synced.
2026.03.02-03:07:03.654[31m error[39m [caliper] [ethereum-connector] 	Failed tx on simple calling method query nonce undefined
2026.03.02-03:07:03.654[31m error[39m [caliper] [ethereum-connector] 	Error: Returned values aren't valid, did it run Out of Gas? You might also see this error if you are not using the correct ABI for the contract you are retrieving data from, requesting data from a block number that does not exist, or querying a node which is not fully synced.
2026.03.02-03:07:03.665[31m error[39m [caliper] [ethereum-connector] 	Failed tx on simple calling method query nonce undefined
2026.03.02-03:07:03.666[31m error[39m [caliper] [ethereum-connector] 	Error: Returned values aren't valid, did it run Out of Gas? You might also see this error if you are not using the correct ABI for the contract you are retrieving data from, requesting data from a block number that does not exist, or querying a node which is not fully synced.
2026.03.02-03:07:03.675[31m error[39m [caliper] [ethereum-connector] 	Failed tx on simple calling method query nonce undefined
2026.03.02-03:07:03.675[31m error[39m [caliper] [ethereum-connector] 	Error: Returned values aren't valid, did it run Out of Gas? You might also see this error if you are not using the correct ABI for the contract you are retrieving data from, requesting data from a block number that does not exist, or querying a node which is not fully synced.
2026.03.02-03:07:03.683[31m error[39m [caliper] [ethereum-connector] 	Failed tx on simple calling method query nonce undefined
2026.03.02-03:07:03.683[31m error[39m [caliper] [ethereum-connector] 	Error: Returned values aren't valid, did it run Out of Gas? You might also see this error if you are not using the correct ABI for the contract you are retrieving data from, requesting data from a block number that does not exist, or querying a node which is not fully synced.
2026.03.02-03:07:03.695[31m error[39m [caliper] [ethereum-connector] 	Failed tx on simple calling method query nonce undefined
2026.03.02-03:07:03.695[31m error[39m [caliper] [ethereum-connector] 	Error: Returned values aren't valid, did it run Out of Gas? You might also see this error if you are not using the correct ABI for the contract you are retrieving data from, requesting data from a block number that does not exist, or querying a node which is not fully synced.
2026.03.02-03:07:03.705[31m error[39m [caliper] [ethereum-connector] 	Failed tx on simple calling method query nonce undefined
2026.03.02-03:07:03.706[31m error[39m [caliper] [ethereum-connector] 	Error: Returned values aren't valid, did it run Out of Gas? You might also see this error if you are not using the correct ABI for the contract you are retrieving data from, requesting data from a block number that does not exist, or querying a node which is not fully synced.
2026.03.02-03:07:03.715[31m error[39m [caliper] [ethereum-connector] 	Failed tx on simple calling method query nonce undefined
2026.03.02-03:07:03.715[31m error[39m [caliper] [ethereum-connector] 	Error: Returned values aren't valid, did it run Out of Gas? You might also see this error if you are not using the correct ABI for the contract you are retrieving data from, requesting data from a block number that does not exist, or querying a node which is not fully synced.
2026.03.02-03:07:03.724[31m error[39m [caliper] [ethereum-connector] 	Failed tx on simple calling method query nonce undefined
2026.03.02-03:07:03.724[31m error[39m [caliper] [ethereum-connector] 	Error: Returned values aren't valid, did it run Out of Gas? You might also see this error if you are not using the correct ABI for the contract you are retrieving data from, requesting data from a block number that does not exist, or querying a node which is not fully synced.
2026.03.02-03:07:03.735[31m error[39m [caliper] [ethereum-connector] 	Failed tx on simple calling method query nonce undefined
2026.03.02-03:07:03.735[31m error[39m [caliper] [ethereum-connector] 	Error: Returned values aren't valid, did it run Out of Gas? You might also see this error if you are not using the correct ABI for the contract you are retrieving data from, requesting data from a block number that does not exist, or querying a node which is not fully synced.
2026.03.02-03:07:03.747[31m error[39m [caliper] [ethereum-connector] 	Failed tx on simple calling method query nonce undefined
2026.03.02-03:07:03.747[31m error[39m [caliper] [ethereum-connector] 	Error: Returned values aren't valid, did it run Out of Gas? You might also see this error if you are not using the correct ABI for the contract you are retrieving data from, requesting data from a block number that does not exist, or querying a node which is not fully synced.
2026.03.02-03:07:03.755[31m error[39m [caliper] [ethereum-connector] 	Failed tx on simple calling method query nonce undefined
2026.03.02-03:07:03.755[31m error[39m [caliper] [ethereum-connector] 	Error: Returned values aren't valid, did it run Out of Gas? You might also see this error if you are not using the correct ABI for the contract you are retrieving data from, requesting data from a block number that does not exist, or querying a node which is not fully synced.
2026.03.02-03:07:03.765[31m error[39m [caliper] [ethereum-connector] 	Failed tx on simple calling method query nonce undefined
2026.03.02-03:07:03.765[31m error[39m [caliper] [ethereum-connector] 	Error: Returned values aren't valid, did it run Out of Gas? You might also see this error if you are not using the correct ABI for the contract you are retrieving data from, requesting data from a block number that does not exist, or querying a node which is not fully synced.
2026.03.02-03:07:03.776[31m error[39m [caliper] [ethereum-connector] 	Failed tx on simple calling method query nonce undefined
2026.03.02-03:07:03.776[31m error[39m [caliper] [ethereum-connector] 	Error: Returned values aren't valid, did it run Out of Gas? You might also see this error if you are not using the correct ABI for the contract you are retrieving data from, requesting data from a block number that does not exist, or querying a node which is not fully synced.
2026.03.02-03:07:03.785[31m error[39m [caliper] [ethereum-connector] 	Failed tx on simple calling method query nonce undefined
2026.03.02-03:07:03.785[31m error[39m [caliper] [ethereum-connector] 	Error: Returned values aren't valid, did it run Out of Gas? You might also see this error if you are not using the correct ABI for the contract you are retrieving data from, requesting data from a block number that does not exist, or querying a node which is not fully synced.
2026.03.02-03:07:03.794[31m error[39m [caliper] [ethereum-connector] 	Failed tx on simple calling method query nonce undefined
2026.03.02-03:07:03.795[31m error[39m [caliper] [ethereum-connector] 	Error: Returned values aren't valid, did it run Out of Gas? You might also see this error if you are not using the correct ABI for the contract you are retrieving data from, requesting data from a block number that does not exist, or querying a node which is not fully synced.
2026.03.02-03:07:03.804[31m error[39m [caliper] [ethereum-connector] 	Failed tx on simple calling method query nonce undefined
2026.03.02-03:07:03.804[31m error[39m [caliper] [ethereum-connector] 	Error: Returned values aren't valid, did it run Out of Gas? You might also see this error if you are not using the correct ABI for the contract you are retrieving data from, requesting data from a block number that does not exist, or querying a node which is not fully synced.
2026.03.02-03:07:03.815[31m error[39m [caliper] [ethereum-connector] 	Failed tx on simple calling method query nonce undefined
2026.03.02-03:07:03.815[31m error[39m [caliper] [ethereum-connector] 	Error: Returned values aren't valid, did it run Out of Gas? You might also see this error if you are not using the correct ABI for the contract you are retrieving data from, requesting data from a block number that does not exist, or querying a node which is not fully synced.
2026.03.02-03:07:03.826[31m error[39m [caliper] [ethereum-connector] 	Failed tx on simple calling method query nonce undefined
2026.03.02-03:07:03.827[31m error[39m [caliper] [ethereum-connector] 	Error: Returned values aren't valid, did it run Out of Gas? You might also see this error if you are not using the correct ABI for the contract you are retrieving data from, requesting data from a block number that does not exist, or querying a node which is not fully synced.
2026.03.02-03:07:03.836[31m error[39m [caliper] [ethereum-connector] 	Failed tx on simple calling method query nonce undefined
2026.03.02-03:07:03.836[31m error[39m [caliper] [ethereum-connector] 	Error: Returned values aren't valid, did it run Out of Gas? You might also see this error if you are not using the correct ABI for the contract you are retrieving data from, requesting data from a block number that does not exist, or querying a node which is not fully synced.
2026.03.02-03:07:03.844[31m error[39m [caliper] [ethereum-connector] 	Failed tx on simple calling method query nonce undefined
2026.03.02-03:07:03.844[31m error[39m [caliper] [ethereum-connector] 	Error: Returned values aren't valid, did it run Out of Gas? You might also see this error if you are not using the correct ABI for the contract you are retrieving data from, requesting data from a block number that does not exist, or querying a node which is not fully synced.
2026.03.02-03:07:03.855[31m error[39m [caliper] [ethereum-connector] 	Failed tx on simple calling method query nonce undefined
2026.03.02-03:07:03.855[31m error[39m [caliper] [ethereum-connector] 	Error: Returned values aren't valid, did it run Out of Gas? You might also see this error if you are not using the correct ABI for the contract you are retrieving data from, requesting data from a block number that does not exist, or querying a node which is not fully synced.
2026.03.02-03:07:03.864[31m error[39m [caliper] [ethereum-connector] 	Failed tx on simple calling method query nonce undefined
2026.03.02-03:07:03.865[31m error[39m [caliper] [ethereum-connector] 	Error: Returned values aren't valid, did it run Out of Gas? You might also see this error if you are not using the correct ABI for the contract you are retrieving data from, requesting data from a block number that does not exist, or querying a node which is not fully synced.
2026.03.02-03:07:03.875[31m error[39m [caliper] [ethereum-connector] 	Failed tx on simple calling method query nonce undefined
2026.03.02-03:07:03.875[31m error[39m [caliper] [ethereum-connector] 	Error: Returned values aren't valid, did it run Out of Gas? You might also see this error if you are not using the correct ABI for the contract you are retrieving data from, requesting data from a block number that does not exist, or querying a node which is not fully synced.
2026.03.02-03:07:03.886[31m error[39m [caliper] [ethereum-connector] 	Failed tx on simple calling method query nonce undefined
2026.03.02-03:07:03.886[31m error[39m [caliper] [ethereum-connector] 	Error: Returned values aren't valid, did it run Out of Gas? You might also see this error if you are not using the correct ABI for the contract you are retrieving data from, requesting data from a block number that does not exist, or querying a node which is not fully synced.
2026.03.02-03:07:03.895[31m error[39m [caliper] [ethereum-connector] 	Failed tx on simple calling method query nonce undefined
2026.03.02-03:07:03.895[31m error[39m [caliper] [ethereum-connector] 	Error: Returned values aren't valid, did it run Out of Gas? You might also see this error if you are not using the correct ABI for the contract you are retrieving data from, requesting data from a block number that does not exist, or querying a node which is not fully synced.
2026.03.02-03:07:03.905[31m error[39m [caliper] [ethereum-connector] 	Failed tx on simple calling method query nonce undefined
2026.03.02-03:07:03.906[31m error[39m [caliper] [ethereum-connector] 	Error: Returned values aren't valid, did it run Out of Gas? You might also see this error if you are not using the correct ABI for the contract you are retrieving data from, requesting data from a block number that does not exist, or querying a node which is not fully synced.
2026.03.02-03:07:03.915[31m error[39m [caliper] [ethereum-connector] 	Failed tx on simple calling method query nonce undefined
2026.03.02-03:07:03.915[31m error[39m [caliper] [ethereum-connector] 	Error: Returned values aren't valid, did it run Out of Gas? You might also see this error if you are not using the correct ABI for the contract you are retrieving data from, requesting data from a block number that does not exist, or querying a node which is not fully synced.
2026.03.02-03:07:03.926[31m error[39m [caliper] [ethereum-connector] 	Failed tx on simple calling method query nonce undefined
2026.03.02-03:07:03.927[31m error[39m [caliper] [ethereum-connector] 	Error: Returned values aren't valid, did it run Out of Gas? You might also see this error if you are not using the correct ABI for the contract you are retrieving data from, requesting data from a block number that does not exist, or querying a node which is not fully synced.
2026.03.02-03:07:03.936[31m error[39m [caliper] [ethereum-connector] 	Failed tx on simple calling method query nonce undefined
2026.03.02-03:07:03.936[31m error[39m [caliper] [ethereum-connector] 	Error: Returned values aren't valid, did it run Out of Gas? You might also see this error if you are not using the correct ABI for the contract you are retrieving data from, requesting data from a block number that does not exist, or querying a node which is not fully synced.
2026.03.02-03:07:03.944[31m error[39m [caliper] [ethereum-connector] 	Failed tx on simple calling method query nonce undefined
2026.03.02-03:07:03.945[31m error[39m [caliper] [ethereum-connector] 	Error: Returned values aren't valid, did it run Out of Gas? You might also see this error if you are not using the correct ABI for the contract you are retrieving data from, requesting data from a block number that does not exist, or querying a node which is not fully synced.
2026.03.02-03:07:03.955[31m error[39m [caliper] [ethereum-connector] 	Failed tx on simple calling method query nonce undefined
2026.03.02-03:07:03.955[31m error[39m [caliper] [ethereum-connector] 	Error: Returned values aren't valid, did it run Out of Gas? You might also see this error if you are not using the correct ABI for the contract you are retrieving data from, requesting data from a block number that does not exist, or querying a node which is not fully synced.
2026.03.02-03:07:03.963[31m error[39m [caliper] [ethereum-connector] 	Failed tx on simple calling method query nonce undefined
2026.03.02-03:07:03.963[31m error[39m [caliper] [ethereum-connector] 	Error: Returned values aren't valid, did it run Out of Gas? You might also see this error if you are not using the correct ABI for the contract you are retrieving data from, requesting data from a block number that does not exist, or querying a node which is not fully synced.
2026.03.02-03:07:03.975[31m error[39m [caliper] [ethereum-connector] 	Failed tx on simple calling method query nonce undefined
2026.03.02-03:07:03.975[31m error[39m [caliper] [ethereum-connector] 	Error: Returned values aren't valid, did it run Out of Gas? You might also see this error if you are not using the correct ABI for the contract you are retrieving data from, requesting data from a block number that does not exist, or querying a node which is not fully synced.
2026.03.02-03:07:03.986[31m error[39m [caliper] [ethereum-connector] 	Failed tx on simple calling method query nonce undefined
2026.03.02-03:07:03.986[31m error[39m [caliper] [ethereum-connector] 	Error: Returned values aren't valid, did it run Out of Gas? You might also see this error if you are not using the correct ABI for the contract you are retrieving data from, requesting data from a block number that does not exist, or querying a node which is not fully synced.
2026.03.02-03:07:03.994[31m error[39m [caliper] [ethereum-connector] 	Failed tx on simple calling method query nonce undefined
2026.03.02-03:07:03.994[31m error[39m [caliper] [ethereum-connector] 	Error: Returned values aren't valid, did it run Out of Gas? You might also see this error if you are not using the correct ABI for the contract you are retrieving data from, requesting data from a block number that does not exist, or querying a node which is not fully synced.
2026.03.02-03:07:04.006[31m error[39m [caliper] [ethereum-connector] 	Failed tx on simple calling method query nonce undefined
2026.03.02-03:07:04.006[31m error[39m [caliper] [ethereum-connector] 	Error: Returned values aren't valid, did it run Out of Gas? You might also see this error if you are not using the correct ABI for the contract you are retrieving data from, requesting data from a block number that does not exist, or querying a node which is not fully synced.
2026.03.02-03:07:04.018[31m error[39m [caliper] [ethereum-connector] 	Failed tx on simple calling method query nonce undefined
2026.03.02-03:07:04.018[31m error[39m [caliper] [ethereum-connector] 	Error: Returned values aren't valid, did it run Out of Gas? You might also see this error if you are not using the correct ABI for the contract you are retrieving data from, requesting data from a block number that does not exist, or querying a node which is not fully synced.
2026.03.02-03:07:04.026[31m error[39m [caliper] [ethereum-connector] 	Failed tx on simple calling method query nonce undefined
2026.03.02-03:07:04.026[31m error[39m [caliper] [ethereum-connector] 	Error: Returned values aren't valid, did it run Out of Gas? You might also see this error if you are not using the correct ABI for the contract you are retrieving data from, requesting data from a block number that does not exist, or querying a node which is not fully synced.
2026.03.02-03:07:04.035[31m error[39m [caliper] [ethereum-connector] 	Failed tx on simple calling method query nonce undefined
2026.03.02-03:07:04.035[31m error[39m [caliper] [ethereum-connector] 	Error: Returned values aren't valid, did it run Out of Gas? You might also see this error if you are not using the correct ABI for the contract you are retrieving data from, requesting data from a block number that does not exist, or querying a node which is not fully synced.
2026.03.02-03:07:04.045[31m error[39m [caliper] [ethereum-connector] 	Failed tx on simple calling method query nonce undefined
2026.03.02-03:07:04.046[31m error[39m [caliper] [ethereum-connector] 	Error: Returned values aren't valid, did it run Out of Gas? You might also see this error if you are not using the correct ABI for the contract you are retrieving data from, requesting data from a block number that does not exist, or querying a node which is not fully synced.
2026.03.02-03:07:04.056[31m error[39m [caliper] [ethereum-connector] 	Failed tx on simple calling method query nonce undefined
2026.03.02-03:07:04.056[31m error[39m [caliper] [ethereum-connector] 	Error: Returned values aren't valid, did it run Out of Gas? You might also see this error if you are not using the correct ABI for the contract you are retrieving data from, requesting data from a block number that does not exist, or querying a node which is not fully synced.
2026.03.02-03:07:04.065[31m error[39m [caliper] [ethereum-connector] 	Failed tx on simple calling method query nonce undefined
2026.03.02-03:07:04.065[31m error[39m [caliper] [ethereum-connector] 	Error: Returned values aren't valid, did it run Out of Gas? You might also see this error if you are not using the correct ABI for the contract you are retrieving data from, requesting data from a block number that does not exist, or querying a node which is not fully synced.
2026.03.02-03:07:04.075[31m error[39m [caliper] [ethereum-connector] 	Failed tx on simple calling method query nonce undefined
2026.03.02-03:07:04.076[31m error[39m [caliper] [ethereum-connector] 	Error: Returned values aren't valid, did it run Out of Gas? You might also see this error if you are not using the correct ABI for the contract you are retrieving data from, requesting data from a block number that does not exist, or querying a node which is not fully synced.
2026.03.02-03:07:04.085[31m error[39m [caliper] [ethereum-connector] 	Failed tx on simple calling method query nonce undefined
2026.03.02-03:07:04.086[31m error[39m [caliper] [ethereum-connector] 	Error: Returned values aren't valid, did it run Out of Gas? You might also see this error if you are not using the correct ABI for the contract you are retrieving data from, requesting data from a block number that does not exist, or querying a node which is not fully synced.
2026.03.02-03:07:04.095[31m error[39m [caliper] [ethereum-connector] 	Failed tx on simple calling method query nonce undefined
2026.03.02-03:07:04.095[31m error[39m [caliper] [ethereum-connector] 	Error: Returned values aren't valid, did it run Out of Gas? You might also see this error if you are not using the correct ABI for the contract you are retrieving data from, requesting data from a block number that does not exist, or querying a node which is not fully synced.
2026.03.02-03:07:04.106[31m error[39m [caliper] [ethereum-connector] 	Failed tx on simple calling method query nonce undefined
2026.03.02-03:07:04.106[31m error[39m [caliper] [ethereum-connector] 	Error: Returned values aren't valid, did it run Out of Gas? You might also see this error if you are not using the correct ABI for the contract you are retrieving data from, requesting data from a block number that does not exist, or querying a node which is not fully synced.
2026.03.02-03:07:04.115[31m error[39m [caliper] [ethereum-connector] 	Failed tx on simple calling method query nonce undefined
2026.03.02-03:07:04.115[31m error[39m [caliper] [ethereum-connector] 	Error: Returned values aren't valid, did it run Out of Gas? You might also see this error if you are not using the correct ABI for the contract you are retrieving data from, requesting data from a block number that does not exist, or querying a node which is not fully synced.
2026.03.02-03:07:04.126[31m error[39m [caliper] [ethereum-connector] 	Failed tx on simple calling method query nonce undefined
2026.03.02-03:07:04.126[31m error[39m [caliper] [ethereum-connector] 	Error: Returned values aren't valid, did it run Out of Gas? You might also see this error if you are not using the correct ABI for the contract you are retrieving data from, requesting data from a block number that does not exist, or querying a node which is not fully synced.
2026.03.02-03:07:04.134[31m error[39m [caliper] [ethereum-connector] 	Failed tx on simple calling method query nonce undefined
2026.03.02-03:07:04.135[31m error[39m [caliper] [ethereum-connector] 	Error: Returned values aren't valid, did it run Out of Gas? You might also see this error if you are not using the correct ABI for the contract you are retrieving data from, requesting data from a block number that does not exist, or querying a node which is not fully synced.
2026.03.02-03:07:04.145[31m error[39m [caliper] [ethereum-connector] 	Failed tx on simple calling method query nonce undefined
2026.03.02-03:07:04.145[31m error[39m [caliper] [ethereum-connector] 	Error: Returned values aren't valid, did it run Out of Gas? You might also see this error if you are not using the correct ABI for the contract you are retrieving data from, requesting data from a block number that does not exist, or querying a node which is not fully synced.
2026.03.02-03:07:04.156[31m error[39m [caliper] [ethereum-connector] 	Failed tx on simple calling method query nonce undefined
2026.03.02-03:07:04.157[31m error[39m [caliper] [ethereum-connector] 	Error: Returned values aren't valid, did it run Out of Gas? You might also see this error if you are not using the correct ABI for the contract you are retrieving data from, requesting data from a block number that does not exist, or querying a node which is not fully synced.
2026.03.02-03:07:04.165[31m error[39m [caliper] [ethereum-connector] 	Failed tx on simple calling method query nonce undefined
2026.03.02-03:07:04.165[31m error[39m [caliper] [ethereum-connector] 	Error: Returned values aren't valid, did it run Out of Gas? You might also see this error if you are not using the correct ABI for the contract you are retrieving data from, requesting data from a block number that does not exist, or querying a node which is not fully synced.
2026.03.02-03:07:04.176[31m error[39m [caliper] [ethereum-connector] 	Failed tx on simple calling method query nonce undefined
2026.03.02-03:07:04.176[31m error[39m [caliper] [ethereum-connector] 	Error: Returned values aren't valid, did it run Out of Gas? You might also see this error if you are not using the correct ABI for the contract you are retrieving data from, requesting data from a block number that does not exist, or querying a node which is not fully synced.
2026.03.02-03:07:04.186[31m error[39m [caliper] [ethereum-connector] 	Failed tx on simple calling method query nonce undefined
2026.03.02-03:07:04.186[31m error[39m [caliper] [ethereum-connector] 	Error: Returned values aren't valid, did it run Out of Gas? You might also see this error if you are not using the correct ABI for the contract you are retrieving data from, requesting data from a block number that does not exist, or querying a node which is not fully synced.
2026.03.02-03:07:04.194[31m error[39m [caliper] [ethereum-connector] 	Failed tx on simple calling method query nonce undefined
2026.03.02-03:07:04.194[31m error[39m [caliper] [ethereum-connector] 	Error: Returned values aren't valid, did it run Out of Gas? You might also see this error if you are not using the correct ABI for the contract you are retrieving data from, requesting data from a block number that does not exist, or querying a node which is not fully synced.
2026.03.02-03:07:04.206[31m error[39m [caliper] [ethereum-connector] 	Failed tx on simple calling method query nonce undefined
2026.03.02-03:07:04.206[31m error[39m [caliper] [ethereum-connector] 	Error: Returned values aren't valid, did it run Out of Gas? You might also see this error if you are not using the correct ABI for the contract you are retrieving data from, requesting data from a block number that does not exist, or querying a node which is not fully synced.
2026.03.02-03:07:04.215[31m error[39m [caliper] [ethereum-connector] 	Failed tx on simple calling method query nonce undefined
2026.03.02-03:07:04.216[31m error[39m [caliper] [ethereum-connector] 	Error: Returned values aren't valid, did it run Out of Gas? You might also see this error if you are not using the correct ABI for the contract you are retrieving data from, requesting data from a block number that does not exist, or querying a node which is not fully synced.
2026.03.02-03:07:04.225[31m error[39m [caliper] [ethereum-connector] 	Failed tx on simple calling method query nonce undefined
2026.03.02-03:07:04.225[31m error[39m [caliper] [ethereum-connector] 	Error: Returned values aren't valid, did it run Out of Gas? You might also see this error if you are not using the correct ABI for the contract you are retrieving data from, requesting data from a block number that does not exist, or querying a node which is not fully synced.
2026.03.02-03:07:04.235[31m error[39m [caliper] [ethereum-connector] 	Failed tx on simple calling method query nonce undefined
2026.03.02-03:07:04.236[31m error[39m [caliper] [ethereum-connector] 	Error: Returned values aren't valid, did it run Out of Gas? You might also see this error if you are not using the correct ABI for the contract you are retrieving data from, requesting data from a block number that does not exist, or querying a node which is not fully synced.
2026.03.02-03:07:04.245[31m error[39m [caliper] [ethereum-connector] 	Failed tx on simple calling method query nonce undefined
2026.03.02-03:07:04.245[31m error[39m [caliper] [ethereum-connector] 	Error: Returned values aren't valid, did it run Out of Gas? You might also see this error if you are not using the correct ABI for the contract you are retrieving data from, requesting data from a block number that does not exist, or querying a node which is not fully synced.
2026.03.02-03:07:04.254[31m error[39m [caliper] [ethereum-connector] 	Failed tx on simple calling method query nonce undefined
2026.03.02-03:07:04.255[31m error[39m [caliper] [ethereum-connector] 	Error: Returned values aren't valid, did it run Out of Gas? You might also see this error if you are not using the correct ABI for the contract you are retrieving data from, requesting data from a block number that does not exist, or querying a node which is not fully synced.
2026.03.02-03:07:04.265[31m error[39m [caliper] [ethereum-connector] 	Failed tx on simple calling method query nonce undefined
2026.03.02-03:07:04.265[31m error[39m [caliper] [ethereum-connector] 	Error: Returned values aren't valid, did it run Out of Gas? You might also see this error if you are not using the correct ABI for the contract you are retrieving data from, requesting data from a block number that does not exist, or querying a node which is not fully synced.
2026.03.02-03:07:04.275[31m error[39m [caliper] [ethereum-connector] 	Failed tx on simple calling method query nonce undefined
2026.03.02-03:07:04.275[31m error[39m [caliper] [ethereum-connector] 	Error: Returned values aren't valid, did it run Out of Gas? You might also see this error if you are not using the correct ABI for the contract you are retrieving data from, requesting data from a block number that does not exist, or querying a node which is not fully synced.
2026.03.02-03:07:04.285[31m error[39m [caliper] [ethereum-connector] 	Failed tx on simple calling method query nonce undefined
2026.03.02-03:07:04.285[31m error[39m [caliper] [ethereum-connector] 	Error: Returned values aren't valid, did it run Out of Gas? You might also see this error if you are not using the correct ABI for the contract you are retrieving data from, requesting data from a block number that does not exist, or querying a node which is not fully synced.
2026.03.02-03:07:04.295[31m error[39m [caliper] [ethereum-connector] 	Failed tx on simple calling method query nonce undefined
2026.03.02-03:07:04.296[31m error[39m [caliper] [ethereum-connector] 	Error: Returned values aren't valid, did it run Out of Gas? You might also see this error if you are not using the correct ABI for the contract you are retrieving data from, requesting data from a block number that does not exist, or querying a node which is not fully synced.
2026.03.02-03:07:04.305[31m error[39m [caliper] [ethereum-connector] 	Failed tx on simple calling method query nonce undefined
2026.03.02-03:07:04.305[31m error[39m [caliper] [ethereum-connector] 	Error: Returned values aren't valid, did it run Out of Gas? You might also see this error if you are not using the correct ABI for the contract you are retrieving data from, requesting data from a block number that does not exist, or querying a node which is not fully synced.
2026.03.02-03:07:04.314[31m error[39m [caliper] [ethereum-connector] 	Failed tx on simple calling method query nonce undefined
2026.03.02-03:07:04.314[31m error[39m [caliper] [ethereum-connector] 	Error: Returned values aren't valid, did it run Out of Gas? You might also see this error if you are not using the correct ABI for the contract you are retrieving data from, requesting data from a block number that does not exist, or querying a node which is not fully synced.
2026.03.02-03:07:04.325[31m error[39m [caliper] [ethereum-connector] 	Failed tx on simple calling method query nonce undefined
2026.03.02-03:07:04.326[31m error[39m [caliper] [ethereum-connector] 	Error: Returned values aren't valid, did it run Out of Gas? You might also see this error if you are not using the correct ABI for the contract you are retrieving data from, requesting data from a block number that does not exist, or querying a node which is not fully synced.
2026.03.02-03:07:04.335[31m error[39m [caliper] [ethereum-connector] 	Failed tx on simple calling method query nonce undefined
2026.03.02-03:07:04.335[31m error[39m [caliper] [ethereum-connector] 	Error: Returned values aren't valid, did it run Out of Gas? You might also see this error if you are not using the correct ABI for the contract you are retrieving data from, requesting data from a block number that does not exist, or querying a node which is not fully synced.
2026.03.02-03:07:04.344[31m error[39m [caliper] [ethereum-connector] 	Failed tx on simple calling method query nonce undefined
2026.03.02-03:07:04.344[31m error[39m [caliper] [ethereum-connector] 	Error: Returned values aren't valid, did it run Out of Gas? You might also see this error if you are not using the correct ABI for the contract you are retrieving data from, requesting data from a block number that does not exist, or querying a node which is not fully synced.
2026.03.02-03:07:04.356[31m error[39m [caliper] [ethereum-connector] 	Failed tx on simple calling method query nonce undefined
2026.03.02-03:07:04.356[31m error[39m [caliper] [ethereum-connector] 	Error: Returned values aren't valid, did it run Out of Gas? You might also see this error if you are not using the correct ABI for the contract you are retrieving data from, requesting data from a block number that does not exist, or querying a node which is not fully synced.
2026.03.02-03:07:04.364[31m error[39m [caliper] [ethereum-connector] 	Failed tx on simple calling method query nonce undefined
2026.03.02-03:07:04.364[31m error[39m [caliper] [ethereum-connector] 	Error: Returned values aren't valid, did it run Out of Gas? You might also see this error if you are not using the correct ABI for the contract you are retrieving data from, requesting data from a block number that does not exist, or querying a node which is not fully synced.
2026.03.02-03:07:04.376[31m error[39m [caliper] [ethereum-connector] 	Failed tx on simple calling method query nonce undefined
2026.03.02-03:07:04.376[31m error[39m [caliper] [ethereum-connector] 	Error: Returned values aren't valid, did it run Out of Gas? You might also see this error if you are not using the correct ABI for the contract you are retrieving data from, requesting data from a block number that does not exist, or querying a node which is not fully synced.
2026.03.02-03:07:04.384[31m error[39m [caliper] [ethereum-connector] 	Failed tx on simple calling method query nonce undefined
2026.03.02-03:07:04.384[31m error[39m [caliper] [ethereum-connector] 	Error: Returned values aren't valid, did it run Out of Gas? You might also see this error if you are not using the correct ABI for the contract you are retrieving data from, requesting data from a block number that does not exist, or querying a node which is not fully synced.
2026.03.02-03:07:04.395[31m error[39m [caliper] [ethereum-connector] 	Failed tx on simple calling method query nonce undefined
2026.03.02-03:07:04.395[31m error[39m [caliper] [ethereum-connector] 	Error: Returned values aren't valid, did it run Out of Gas? You might also see this error if you are not using the correct ABI for the contract you are retrieving data from, requesting data from a block number that does not exist, or querying a node which is not fully synced.
2026.03.02-03:07:04.406[31m error[39m [caliper] [ethereum-connector] 	Failed tx on simple calling method query nonce undefined
2026.03.02-03:07:04.406[31m error[39m [caliper] [ethereum-connector] 	Error: Returned values aren't valid, did it run Out of Gas? You might also see this error if you are not using the correct ABI for the contract you are retrieving data from, requesting data from a block number that does not exist, or querying a node which is not fully synced.
2026.03.02-03:07:04.415[31m error[39m [caliper] [ethereum-connector] 	Failed tx on simple calling method query nonce undefined
2026.03.02-03:07:04.415[31m error[39m [caliper] [ethereum-connector] 	Error: Returned values aren't valid, did it run Out of Gas? You might also see this error if you are not using the correct ABI for the contract you are retrieving data from, requesting data from a block number that does not exist, or querying a node which is not fully synced.
2026.03.02-03:07:04.425[31m error[39m [caliper] [ethereum-connector] 	Failed tx on simple calling method query nonce undefined
2026.03.02-03:07:04.425[31m error[39m [caliper] [ethereum-connector] 	Error: Returned values aren't valid, did it run Out of Gas? You might also see this error if you are not using the correct ABI for the contract you are retrieving data from, requesting data from a block number that does not exist, or querying a node which is not fully synced.
2026.03.02-03:07:04.436[31m error[39m [caliper] [ethereum-connector] 	Failed tx on simple calling method query nonce undefined
2026.03.02-03:07:04.436[31m error[39m [caliper] [ethereum-connector] 	Error: Returned values aren't valid, did it run Out of Gas? You might also see this error if you are not using the correct ABI for the contract you are retrieving data from, requesting data from a block number that does not exist, or querying a node which is not fully synced.
2026.03.02-03:07:04.446[31m error[39m [caliper] [ethereum-connector] 	Failed tx on simple calling method query nonce undefined
2026.03.02-03:07:04.446[31m error[39m [caliper] [ethereum-connector] 	Error: Returned values aren't valid, did it run Out of Gas? You might also see this error if you are not using the correct ABI for the contract you are retrieving data from, requesting data from a block number that does not exist, or querying a node which is not fully synced.
2026.03.02-03:07:04.455[31m error[39m [caliper] [ethereum-connector] 	Failed tx on simple calling method query nonce undefined
2026.03.02-03:07:04.455[31m error[39m [caliper] [ethereum-connector] 	Error: Returned values aren't valid, did it run Out of Gas? You might also see this error if you are not using the correct ABI for the contract you are retrieving data from, requesting data from a block number that does not exist, or querying a node which is not fully synced.
2026.03.02-03:07:04.465[31m error[39m [caliper] [ethereum-connector] 	Failed tx on simple calling method query nonce undefined
2026.03.02-03:07:04.466[31m error[39m [caliper] [ethereum-connector] 	Error: Returned values aren't valid, did it run Out of Gas? You might also see this error if you are not using the correct ABI for the contract you are retrieving data from, requesting data from a block number that does not exist, or querying a node which is not fully synced.
2026.03.02-03:07:04.475[31m error[39m [caliper] [ethereum-connector] 	Failed tx on simple calling method query nonce undefined
2026.03.02-03:07:04.475[31m error[39m [caliper] [ethereum-connector] 	Error: Returned values aren't valid, did it run Out of Gas? You might also see this error if you are not using the correct ABI for the contract you are retrieving data from, requesting data from a block number that does not exist, or querying a node which is not fully synced.
2026.03.02-03:07:04.486[31m error[39m [caliper] [ethereum-connector] 	Failed tx on simple calling method query nonce undefined
2026.03.02-03:07:04.486[31m error[39m [caliper] [ethereum-connector] 	Error: Returned values aren't valid, did it run Out of Gas? You might also see this error if you are not using the correct ABI for the contract you are retrieving data from, requesting data from a block number that does not exist, or querying a node which is not fully synced.
2026.03.02-03:07:04.495[31m error[39m [caliper] [ethereum-connector] 	Failed tx on simple calling method query nonce undefined
2026.03.02-03:07:04.496[31m error[39m [caliper] [ethereum-connector] 	Error: Returned values aren't valid, did it run Out of Gas? You might also see this error if you are not using the correct ABI for the contract you are retrieving data from, requesting data from a block number that does not exist, or querying a node which is not fully synced.
2026.03.02-03:07:04.506[31m error[39m [caliper] [ethereum-connector] 	Failed tx on simple calling method query nonce undefined
2026.03.02-03:07:04.506[31m error[39m [caliper] [ethereum-connector] 	Error: Returned values aren't valid, did it run Out of Gas? You might also see this error if you are not using the correct ABI for the contract you are retrieving data from, requesting data from a block number that does not exist, or querying a node which is not fully synced.
2026.03.02-03:07:04.516[31m error[39m [caliper] [ethereum-connector] 	Failed tx on simple calling method query nonce undefined
2026.03.02-03:07:04.516[31m error[39m [caliper] [ethereum-connector] 	Error: Returned values aren't valid, did it run Out of Gas? You might also see this error if you are not using the correct ABI for the contract you are retrieving data from, requesting data from a block number that does not exist, or querying a node which is not fully synced.
2026.03.02-03:07:04.525[31m error[39m [caliper] [ethereum-connector] 	Failed tx on simple calling method query nonce undefined
2026.03.02-03:07:04.525[31m error[39m [caliper] [ethereum-connector] 	Error: Returned values aren't valid, did it run Out of Gas? You might also see this error if you are not using the correct ABI for the contract you are retrieving data from, requesting data from a block number that does not exist, or querying a node which is not fully synced.
2026.03.02-03:07:04.534[31m error[39m [caliper] [ethereum-connector] 	Failed tx on simple calling method query nonce undefined
2026.03.02-03:07:04.534[31m error[39m [caliper] [ethereum-connector] 	Error: Returned values aren't valid, did it run Out of Gas? You might also see this error if you are not using the correct ABI for the contract you are retrieving data from, requesting data from a block number that does not exist, or querying a node which is not fully synced.
2026.03.02-03:07:04.545[31m error[39m [caliper] [ethereum-connector] 	Failed tx on simple calling method query nonce undefined
2026.03.02-03:07:04.546[31m error[39m [caliper] [ethereum-connector] 	Error: Returned values aren't valid, did it run Out of Gas? You might also see this error if you are not using the correct ABI for the contract you are retrieving data from, requesting data from a block number that does not exist, or querying a node which is not fully synced.
2026.03.02-03:07:04.555[31m error[39m [caliper] [ethereum-connector] 	Failed tx on simple calling method query nonce undefined
2026.03.02-03:07:04.555[31m error[39m [caliper] [ethereum-connector] 	Error: Returned values aren't valid, did it run Out of Gas? You might also see this error if you are not using the correct ABI for the contract you are retrieving data from, requesting data from a block number that does not exist, or querying a node which is not fully synced.
2026.03.02-03:07:04.565[31m error[39m [caliper] [ethereum-connector] 	Failed tx on simple calling method query nonce undefined
2026.03.02-03:07:04.565[31m error[39m [caliper] [ethereum-connector] 	Error: Returned values aren't valid, did it run Out of Gas? You might also see this error if you are not using the correct ABI for the contract you are retrieving data from, requesting data from a block number that does not exist, or querying a node which is not fully synced.
2026.03.02-03:07:04.576[31m error[39m [caliper] [ethereum-connector] 	Failed tx on simple calling method query nonce undefined
2026.03.02-03:07:04.576[31m error[39m [caliper] [ethereum-connector] 	Error: Returned values aren't valid, did it run Out of Gas? You might also see this error if you are not using the correct ABI for the contract you are retrieving data from, requesting data from a block number that does not exist, or querying a node which is not fully synced.
2026.03.02-03:07:04.585[31m error[39m [caliper] [ethereum-connector] 	Failed tx on simple calling method query nonce undefined
2026.03.02-03:07:04.585[31m error[39m [caliper] [ethereum-connector] 	Error: Returned values aren't valid, did it run Out of Gas? You might also see this error if you are not using the correct ABI for the contract you are retrieving data from, requesting data from a block number that does not exist, or querying a node which is not fully synced.
2026.03.02-03:07:04.595[31m error[39m [caliper] [ethereum-connector] 	Failed tx on simple calling method query nonce undefined
2026.03.02-03:07:04.595[31m error[39m [caliper] [ethereum-connector] 	Error: Returned values aren't valid, did it run Out of Gas? You might also see this error if you are not using the correct ABI for the contract you are retrieving data from, requesting data from a block number that does not exist, or querying a node which is not fully synced.
2026.03.02-03:07:04.605[31m error[39m [caliper] [ethereum-connector] 	Failed tx on simple calling method query nonce undefined
2026.03.02-03:07:04.605[31m error[39m [caliper] [ethereum-connector] 	Error: Returned values aren't valid, did it run Out of Gas? You might also see this error if you are not using the correct ABI for the contract you are retrieving data from, requesting data from a block number that does not exist, or querying a node which is not fully synced.
2026.03.02-03:07:04.616[31m error[39m [caliper] [ethereum-connector] 	Failed tx on simple calling method query nonce undefined
2026.03.02-03:07:04.616[31m error[39m [caliper] [ethereum-connector] 	Error: Returned values aren't valid, did it run Out of Gas? You might also see this error if you are not using the correct ABI for the contract you are retrieving data from, requesting data from a block number that does not exist, or querying a node which is not fully synced.
2026.03.02-03:07:04.624[31m error[39m [caliper] [ethereum-connector] 	Failed tx on simple calling method query nonce undefined
2026.03.02-03:07:04.624[31m error[39m [caliper] [ethereum-connector] 	Error: Returned values aren't valid, did it run Out of Gas? You might also see this error if you are not using the correct ABI for the contract you are retrieving data from, requesting data from a block number that does not exist, or querying a node which is not fully synced.
2026.03.02-03:07:04.635[31m error[39m [caliper] [ethereum-connector] 	Failed tx on simple calling method query nonce undefined
2026.03.02-03:07:04.636[31m error[39m [caliper] [ethereum-connector] 	Error: Returned values aren't valid, did it run Out of Gas? You might also see this error if you are not using the correct ABI for the contract you are retrieving data from, requesting data from a block number that does not exist, or querying a node which is not fully synced.
2026.03.02-03:07:04.645[31m error[39m [caliper] [ethereum-connector] 	Failed tx on simple calling method query nonce undefined
2026.03.02-03:07:04.645[31m error[39m [caliper] [ethereum-connector] 	Error: Returned values aren't valid, did it run Out of Gas? You might also see this error if you are not using the correct ABI for the contract you are retrieving data from, requesting data from a block number that does not exist, or querying a node which is not fully synced.
2026.03.02-03:07:04.654[31m error[39m [caliper] [ethereum-connector] 	Failed tx on simple calling method query nonce undefined
2026.03.02-03:07:04.654[31m error[39m [caliper] [ethereum-connector] 	Error: Returned values aren't valid, did it run Out of Gas? You might also see this error if you are not using the correct ABI for the contract you are retrieving data from, requesting data from a block number that does not exist, or querying a node which is not fully synced.
2026.03.02-03:07:04.665[31m error[39m [caliper] [ethereum-connector] 	Failed tx on simple calling method query nonce undefined
2026.03.02-03:07:04.666[31m error[39m [caliper] [ethereum-connector] 	Error: Returned values aren't valid, did it run Out of Gas? You might also see this error if you are not using the correct ABI for the contract you are retrieving data from, requesting data from a block number that does not exist, or querying a node which is not fully synced.
2026.03.02-03:07:04.675[31m error[39m [caliper] [ethereum-connector] 	Failed tx on simple calling method query nonce undefined
2026.03.02-03:07:04.675[31m error[39m [caliper] [ethereum-connector] 	Error: Returned values aren't valid, did it run Out of Gas? You might also see this error if you are not using the correct ABI for the contract you are retrieving data from, requesting data from a block number that does not exist, or querying a node which is not fully synced.
2026.03.02-03:07:04.684[31m error[39m [caliper] [ethereum-connector] 	Failed tx on simple calling method query nonce undefined
2026.03.02-03:07:04.684[31m error[39m [caliper] [ethereum-connector] 	Error: Returned values aren't valid, did it run Out of Gas? You might also see this error if you are not using the correct ABI for the contract you are retrieving data from, requesting data from a block number that does not exist, or querying a node which is not fully synced.
2026.03.02-03:07:04.695[31m error[39m [caliper] [ethereum-connector] 	Failed tx on simple calling method query nonce undefined
2026.03.02-03:07:04.695[31m error[39m [caliper] [ethereum-connector] 	Error: Returned values aren't valid, did it run Out of Gas? You might also see this error if you are not using the correct ABI for the contract you are retrieving data from, requesting data from a block number that does not exist, or querying a node which is not fully synced.
2026.03.02-03:07:04.706[31m error[39m [caliper] [ethereum-connector] 	Failed tx on simple calling method query nonce undefined
2026.03.02-03:07:04.706[31m error[39m [caliper] [ethereum-connector] 	Error: Returned values aren't valid, did it run Out of Gas? You might also see this error if you are not using the correct ABI for the contract you are retrieving data from, requesting data from a block number that does not exist, or querying a node which is not fully synced.
2026.03.02-03:07:04.715[31m error[39m [caliper] [ethereum-connector] 	Failed tx on simple calling method query nonce undefined
2026.03.02-03:07:04.715[31m error[39m [caliper] [ethereum-connector] 	Error: Returned values aren't valid, did it run Out of Gas? You might also see this error if you are not using the correct ABI for the contract you are retrieving data from, requesting data from a block number that does not exist, or querying a node which is not fully synced.
2026.03.02-03:07:04.726[31m error[39m [caliper] [ethereum-connector] 	Failed tx on simple calling method query nonce undefined
2026.03.02-03:07:04.726[31m error[39m [caliper] [ethereum-connector] 	Error: Returned values aren't valid, did it run Out of Gas? You might also see this error if you are not using the correct ABI for the contract you are retrieving data from, requesting data from a block number that does not exist, or querying a node which is not fully synced.
2026.03.02-03:07:04.734[31m error[39m [caliper] [ethereum-connector] 	Failed tx on simple calling method query nonce undefined
2026.03.02-03:07:04.734[31m error[39m [caliper] [ethereum-connector] 	Error: Returned values aren't valid, did it run Out of Gas? You might also see this error if you are not using the correct ABI for the contract you are retrieving data from, requesting data from a block number that does not exist, or querying a node which is not fully synced.
2026.03.02-03:07:04.746[31m error[39m [caliper] [ethereum-connector] 	Failed tx on simple calling method query nonce undefined
2026.03.02-03:07:04.746[31m error[39m [caliper] [ethereum-connector] 	Error: Returned values aren't valid, did it run Out of Gas? You might also see this error if you are not using the correct ABI for the contract you are retrieving data from, requesting data from a block number that does not exist, or querying a node which is not fully synced.
2026.03.02-03:07:04.755[31m error[39m [caliper] [ethereum-connector] 	Failed tx on simple calling method query nonce undefined
2026.03.02-03:07:04.755[31m error[39m [caliper] [ethereum-connector] 	Error: Returned values aren't valid, did it run Out of Gas? You might also see this error if you are not using the correct ABI for the contract you are retrieving data from, requesting data from a block number that does not exist, or querying a node which is not fully synced.
2026.03.02-03:07:04.766[31m error[39m [caliper] [ethereum-connector] 	Failed tx on simple calling method query nonce undefined
2026.03.02-03:07:04.766[31m error[39m [caliper] [ethereum-connector] 	Error: Returned values aren't valid, did it run Out of Gas? You might also see this error if you are not using the correct ABI for the contract you are retrieving data from, requesting data from a block number that does not exist, or querying a node which is not fully synced.
2026.03.02-03:07:04.775[31m error[39m [caliper] [ethereum-connector] 	Failed tx on simple calling method query nonce undefined
2026.03.02-03:07:04.775[31m error[39m [caliper] [ethereum-connector] 	Error: Returned values aren't valid, did it run Out of Gas? You might also see this error if you are not using the correct ABI for the contract you are retrieving data from, requesting data from a block number that does not exist, or querying a node which is not fully synced.
2026.03.02-03:07:04.785[31m error[39m [caliper] [ethereum-connector] 	Failed tx on simple calling method query nonce undefined
2026.03.02-03:07:04.785[31m error[39m [caliper] [ethereum-connector] 	Error: Returned values aren't valid, did it run Out of Gas? You might also see this error if you are not using the correct ABI for the contract you are retrieving data from, requesting data from a block number that does not exist, or querying a node which is not fully synced.
2026.03.02-03:07:04.795[31m error[39m [caliper] [ethereum-connector] 	Failed tx on simple calling method query nonce undefined
2026.03.02-03:07:04.796[31m error[39m [caliper] [ethereum-connector] 	Error: Returned values aren't valid, did it run Out of Gas? You might also see this error if you are not using the correct ABI for the contract you are retrieving data from, requesting data from a block number that does not exist, or querying a node which is not fully synced.
2026.03.02-03:07:04.805[31m error[39m [caliper] [ethereum-connector] 	Failed tx on simple calling method query nonce undefined
2026.03.02-03:07:04.805[31m error[39m [caliper] [ethereum-connector] 	Error: Returned values aren't valid, did it run Out of Gas? You might also see this error if you are not using the correct ABI for the contract you are retrieving data from, requesting data from a block number that does not exist, or querying a node which is not fully synced.
2026.03.02-03:07:04.816[31m error[39m [caliper] [ethereum-connector] 	Failed tx on simple calling method query nonce undefined
2026.03.02-03:07:04.816[31m error[39m [caliper] [ethereum-connector] 	Error: Returned values aren't valid, did it run Out of Gas? You might also see this error if you are not using the correct ABI for the contract you are retrieving data from, requesting data from a block number that does not exist, or querying a node which is not fully synced.
2026.03.02-03:07:04.825[31m error[39m [caliper] [ethereum-connector] 	Failed tx on simple calling method query nonce undefined
2026.03.02-03:07:04.825[31m error[39m [caliper] [ethereum-connector] 	Error: Returned values aren't valid, did it run Out of Gas? You might also see this error if you are not using the correct ABI for the contract you are retrieving data from, requesting data from a block number that does not exist, or querying a node which is not fully synced.
2026.03.02-03:07:04.835[31m error[39m [caliper] [ethereum-connector] 	Failed tx on simple calling method query nonce undefined
2026.03.02-03:07:04.836[31m error[39m [caliper] [ethereum-connector] 	Error: Returned values aren't valid, did it run Out of Gas? You might also see this error if you are not using the correct ABI for the contract you are retrieving data from, requesting data from a block number that does not exist, or querying a node which is not fully synced.
2026.03.02-03:07:04.845[31m error[39m [caliper] [ethereum-connector] 	Failed tx on simple calling method query nonce undefined
2026.03.02-03:07:04.845[31m error[39m [caliper] [ethereum-connector] 	Error: Returned values aren't valid, did it run Out of Gas? You might also see this error if you are not using the correct ABI for the contract you are retrieving data from, requesting data from a block number that does not exist, or querying a node which is not fully synced.
2026.03.02-03:07:04.856[31m error[39m [caliper] [ethereum-connector] 	Failed tx on simple calling method query nonce undefined
2026.03.02-03:07:04.856[31m error[39m [caliper] [ethereum-connector] 	Error: Returned values aren't valid, did it run Out of Gas? You might also see this error if you are not using the correct ABI for the contract you are retrieving data from, requesting data from a block number that does not exist, or querying a node which is not fully synced.
2026.03.02-03:07:04.864[31m error[39m [caliper] [ethereum-connector] 	Failed tx on simple calling method query nonce undefined
2026.03.02-03:07:04.864[31m error[39m [caliper] [ethereum-connector] 	Error: Returned values aren't valid, did it run Out of Gas? You might also see this error if you are not using the correct ABI for the contract you are retrieving data from, requesting data from a block number that does not exist, or querying a node which is not fully synced.
2026.03.02-03:07:04.876[31m error[39m [caliper] [ethereum-connector] 	Failed tx on simple calling method query nonce undefined
2026.03.02-03:07:04.876[31m error[39m [caliper] [ethereum-connector] 	Error: Returned values aren't valid, did it run Out of Gas? You might also see this error if you are not using the correct ABI for the contract you are retrieving data from, requesting data from a block number that does not exist, or querying a node which is not fully synced.
2026.03.02-03:07:04.885[31m error[39m [caliper] [ethereum-connector] 	Failed tx on simple calling method query nonce undefined
2026.03.02-03:07:04.886[31m error[39m [caliper] [ethereum-connector] 	Error: Returned values aren't valid, did it run Out of Gas? You might also see this error if you are not using the correct ABI for the contract you are retrieving data from, requesting data from a block number that does not exist, or querying a node which is not fully synced.
2026.03.02-03:07:04.895[31m error[39m [caliper] [ethereum-connector] 	Failed tx on simple calling method query nonce undefined
2026.03.02-03:07:04.895[31m error[39m [caliper] [ethereum-connector] 	Error: Returned values aren't valid, did it run Out of Gas? You might also see this error if you are not using the correct ABI for the contract you are retrieving data from, requesting data from a block number that does not exist, or querying a node which is not fully synced.
2026.03.02-03:07:04.904[31m error[39m [caliper] [ethereum-connector] 	Failed tx on simple calling method query nonce undefined
2026.03.02-03:07:04.905[31m error[39m [caliper] [ethereum-connector] 	Error: Returned values aren't valid, did it run Out of Gas? You might also see this error if you are not using the correct ABI for the contract you are retrieving data from, requesting data from a block number that does not exist, or querying a node which is not fully synced.
2026.03.02-03:07:04.915[31m error[39m [caliper] [ethereum-connector] 	Failed tx on simple calling method query nonce undefined
2026.03.02-03:07:04.915[31m error[39m [caliper] [ethereum-connector] 	Error: Returned values aren't valid, did it run Out of Gas? You might also see this error if you are not using the correct ABI for the contract you are retrieving data from, requesting data from a block number that does not exist, or querying a node which is not fully synced.
2026.03.02-03:07:04.923[31m error[39m [caliper] [ethereum-connector] 	Failed tx on simple calling method query nonce undefined
2026.03.02-03:07:04.923[31m error[39m [caliper] [ethereum-connector] 	Error: Returned values aren't valid, did it run Out of Gas? You might also see this error if you are not using the correct ABI for the contract you are retrieving data from, requesting data from a block number that does not exist, or querying a node which is not fully synced.
2026.03.02-03:07:04.935[31m error[39m [caliper] [ethereum-connector] 	Failed tx on simple calling method query nonce undefined
2026.03.02-03:07:04.935[31m error[39m [caliper] [ethereum-connector] 	Error: Returned values aren't valid, did it run Out of Gas? You might also see this error if you are not using the correct ABI for the contract you are retrieving data from, requesting data from a block number that does not exist, or querying a node which is not fully synced.
2026.03.02-03:07:04.946[31m error[39m [caliper] [ethereum-connector] 	Failed tx on simple calling method query nonce undefined
2026.03.02-03:07:04.946[31m error[39m [caliper] [ethereum-connector] 	Error: Returned values aren't valid, did it run Out of Gas? You might also see this error if you are not using the correct ABI for the contract you are retrieving data from, requesting data from a block number that does not exist, or querying a node which is not fully synced.
2026.03.02-03:07:04.955[31m error[39m [caliper] [ethereum-connector] 	Failed tx on simple calling method query nonce undefined
2026.03.02-03:07:04.956[31m error[39m [caliper] [ethereum-connector] 	Error: Returned values aren't valid, did it run Out of Gas? You might also see this error if you are not using the correct ABI for the contract you are retrieving data from, requesting data from a block number that does not exist, or querying a node which is not fully synced.
2026.03.02-03:07:04.965[31m error[39m [caliper] [ethereum-connector] 	Failed tx on simple calling method query nonce undefined
2026.03.02-03:07:04.965[31m error[39m [caliper] [ethereum-connector] 	Error: Returned values aren't valid, did it run Out of Gas? You might also see this error if you are not using the correct ABI for the contract you are retrieving data from, requesting data from a block number that does not exist, or querying a node which is not fully synced.
2026.03.02-03:07:04.974[31m error[39m [caliper] [ethereum-connector] 	Failed tx on simple calling method query nonce undefined
2026.03.02-03:07:04.974[31m error[39m [caliper] [ethereum-connector] 	Error: Returned values aren't valid, did it run Out of Gas? You might also see this error if you are not using the correct ABI for the contract you are retrieving data from, requesting data from a block number that does not exist, or querying a node which is not fully synced.
2026.03.02-03:07:04.986[31m error[39m [caliper] [ethereum-connector] 	Failed tx on simple calling method query nonce undefined
2026.03.02-03:07:04.986[31m error[39m [caliper] [ethereum-connector] 	Error: Returned values aren't valid, did it run Out of Gas? You might also see this error if you are not using the correct ABI for the contract you are retrieving data from, requesting data from a block number that does not exist, or querying a node which is not fully synced.
2026.03.02-03:07:04.994[31m error[39m [caliper] [ethereum-connector] 	Failed tx on simple calling method query nonce undefined
2026.03.02-03:07:04.995[31m error[39m [caliper] [ethereum-connector] 	Error: Returned values aren't valid, did it run Out of Gas? You might also see this error if you are not using the correct ABI for the contract you are retrieving data from, requesting data from a block number that does not exist, or querying a node which is not fully synced.
2026.03.02-03:07:05.005[31m error[39m [caliper] [ethereum-connector] 	Failed tx on simple calling method query nonce undefined
2026.03.02-03:07:05.005[31m error[39m [caliper] [ethereum-connector] 	Error: Returned values aren't valid, did it run Out of Gas? You might also see this error if you are not using the correct ABI for the contract you are retrieving data from, requesting data from a block number that does not exist, or querying a node which is not fully synced.
2026.03.02-03:07:05.016[31m error[39m [caliper] [ethereum-connector] 	Failed tx on simple calling method query nonce undefined
2026.03.02-03:07:05.016[31m error[39m [caliper] [ethereum-connector] 	Error: Returned values aren't valid, did it run Out of Gas? You might also see this error if you are not using the correct ABI for the contract you are retrieving data from, requesting data from a block number that does not exist, or querying a node which is not fully synced.
2026.03.02-03:07:05.025[31m error[39m [caliper] [ethereum-connector] 	Failed tx on simple calling method query nonce undefined
2026.03.02-03:07:05.025[31m error[39m [caliper] [ethereum-connector] 	Error: Returned values aren't valid, did it run Out of Gas? You might also see this error if you are not using the correct ABI for the contract you are retrieving data from, requesting data from a block number that does not exist, or querying a node which is not fully synced.
2026.03.02-03:07:05.035[31m error[39m [caliper] [ethereum-connector] 	Failed tx on simple calling method query nonce undefined
2026.03.02-03:07:05.035[31m error[39m [caliper] [ethereum-connector] 	Error: Returned values aren't valid, did it run Out of Gas? You might also see this error if you are not using the correct ABI for the contract you are retrieving data from, requesting data from a block number that does not exist, or querying a node which is not fully synced.
2026.03.02-03:07:05.044[31m error[39m [caliper] [ethereum-connector] 	Failed tx on simple calling method query nonce undefined
2026.03.02-03:07:05.044[31m error[39m [caliper] [ethereum-connector] 	Error: Returned values aren't valid, did it run Out of Gas? You might also see this error if you are not using the correct ABI for the contract you are retrieving data from, requesting data from a block number that does not exist, or querying a node which is not fully synced.
2026.03.02-03:07:05.056[31m error[39m [caliper] [ethereum-connector] 	Failed tx on simple calling method query nonce undefined
2026.03.02-03:07:05.056[31m error[39m [caliper] [ethereum-connector] 	Error: Returned values aren't valid, did it run Out of Gas? You might also see this error if you are not using the correct ABI for the contract you are retrieving data from, requesting data from a block number that does not exist, or querying a node which is not fully synced.
2026.03.02-03:07:05.065[31m error[39m [caliper] [ethereum-connector] 	Failed tx on simple calling method query nonce undefined
2026.03.02-03:07:05.065[31m error[39m [caliper] [ethereum-connector] 	Error: Returned values aren't valid, did it run Out of Gas? You might also see this error if you are not using the correct ABI for the contract you are retrieving data from, requesting data from a block number that does not exist, or querying a node which is not fully synced.
2026.03.02-03:07:05.075[31m error[39m [caliper] [ethereum-connector] 	Failed tx on simple calling method query nonce undefined
2026.03.02-03:07:05.076[31m error[39m [caliper] [ethereum-connector] 	Error: Returned values aren't valid, did it run Out of Gas? You might also see this error if you are not using the correct ABI for the contract you are retrieving data from, requesting data from a block number that does not exist, or querying a node which is not fully synced.
2026.03.02-03:07:05.085[31m error[39m [caliper] [ethereum-connector] 	Failed tx on simple calling method query nonce undefined
2026.03.02-03:07:05.085[31m error[39m [caliper] [ethereum-connector] 	Error: Returned values aren't valid, did it run Out of Gas? You might also see this error if you are not using the correct ABI for the contract you are retrieving data from, requesting data from a block number that does not exist, or querying a node which is not fully synced.
2026.03.02-03:07:05.095[31m error[39m [caliper] [ethereum-connector] 	Failed tx on simple calling method query nonce undefined
2026.03.02-03:07:05.096[31m error[39m [caliper] [ethereum-connector] 	Error: Returned values aren't valid, did it run Out of Gas? You might also see this error if you are not using the correct ABI for the contract you are retrieving data from, requesting data from a block number that does not exist, or querying a node which is not fully synced.
2026.03.02-03:07:05.105[31m error[39m [caliper] [ethereum-connector] 	Failed tx on simple calling method query nonce undefined
2026.03.02-03:07:05.105[31m error[39m [caliper] [ethereum-connector] 	Error: Returned values aren't valid, did it run Out of Gas? You might also see this error if you are not using the correct ABI for the contract you are retrieving data from, requesting data from a block number that does not exist, or querying a node which is not fully synced.
2026.03.02-03:07:05.116[31m error[39m [caliper] [ethereum-connector] 	Failed tx on simple calling method query nonce undefined
2026.03.02-03:07:05.116[31m error[39m [caliper] [ethereum-connector] 	Error: Returned values aren't valid, did it run Out of Gas? You might also see this error if you are not using the correct ABI for the contract you are retrieving data from, requesting data from a block number that does not exist, or querying a node which is not fully synced.
2026.03.02-03:07:05.126[31m error[39m [caliper] [ethereum-connector] 	Failed tx on simple calling method query nonce undefined
2026.03.02-03:07:05.126[31m error[39m [caliper] [ethereum-connector] 	Error: Returned values aren't valid, did it run Out of Gas? You might also see this error if you are not using the correct ABI for the contract you are retrieving data from, requesting data from a block number that does not exist, or querying a node which is not fully synced.
2026.03.02-03:07:05.136[31m error[39m [caliper] [ethereum-connector] 	Failed tx on simple calling method query nonce undefined
2026.03.02-03:07:05.136[31m error[39m [caliper] [ethereum-connector] 	Error: Returned values aren't valid, did it run Out of Gas? You might also see this error if you are not using the correct ABI for the contract you are retrieving data from, requesting data from a block number that does not exist, or querying a node which is not fully synced.
2026.03.02-03:07:05.145[31m error[39m [caliper] [ethereum-connector] 	Failed tx on simple calling method query nonce undefined
2026.03.02-03:07:05.145[31m error[39m [caliper] [ethereum-connector] 	Error: Returned values aren't valid, did it run Out of Gas? You might also see this error if you are not using the correct ABI for the contract you are retrieving data from, requesting data from a block number that does not exist, or querying a node which is not fully synced.
2026.03.02-03:07:05.156[31m error[39m [caliper] [ethereum-connector] 	Failed tx on simple calling method query nonce undefined
2026.03.02-03:07:05.156[31m error[39m [caliper] [ethereum-connector] 	Error: Returned values aren't valid, did it run Out of Gas? You might also see this error if you are not using the correct ABI for the contract you are retrieving data from, requesting data from a block number that does not exist, or querying a node which is not fully synced.
2026.03.02-03:07:05.166[31m error[39m [caliper] [ethereum-connector] 	Failed tx on simple calling method query nonce undefined
2026.03.02-03:07:05.166[31m error[39m [caliper] [ethereum-connector] 	Error: Returned values aren't valid, did it run Out of Gas? You might also see this error if you are not using the correct ABI for the contract you are retrieving data from, requesting data from a block number that does not exist, or querying a node which is not fully synced.
2026.03.02-03:07:05.176[31m error[39m [caliper] [ethereum-connector] 	Failed tx on simple calling method query nonce undefined
2026.03.02-03:07:05.176[31m error[39m [caliper] [ethereum-connector] 	Error: Returned values aren't valid, did it run Out of Gas? You might also see this error if you are not using the correct ABI for the contract you are retrieving data from, requesting data from a block number that does not exist, or querying a node which is not fully synced.
2026.03.02-03:07:05.185[31m error[39m [caliper] [ethereum-connector] 	Failed tx on simple calling method query nonce undefined
2026.03.02-03:07:05.186[31m error[39m [caliper] [ethereum-connector] 	Error: Returned values aren't valid, did it run Out of Gas? You might also see this error if you are not using the correct ABI for the contract you are retrieving data from, requesting data from a block number that does not exist, or querying a node which is not fully synced.
2026.03.02-03:07:05.196[31m error[39m [caliper] [ethereum-connector] 	Failed tx on simple calling method query nonce undefined
2026.03.02-03:07:05.196[31m error[39m [caliper] [ethereum-connector] 	Error: Returned values aren't valid, did it run Out of Gas? You might also see this error if you are not using the correct ABI for the contract you are retrieving data from, requesting data from a block number that does not exist, or querying a node which is not fully synced.
2026.03.02-03:07:05.205[31m error[39m [caliper] [ethereum-connector] 	Failed tx on simple calling method query nonce undefined
2026.03.02-03:07:05.205[31m error[39m [caliper] [ethereum-connector] 	Error: Returned values aren't valid, did it run Out of Gas? You might also see this error if you are not using the correct ABI for the contract you are retrieving data from, requesting data from a block number that does not exist, or querying a node which is not fully synced.
2026.03.02-03:07:05.215[31m error[39m [caliper] [ethereum-connector] 	Failed tx on simple calling method query nonce undefined
2026.03.02-03:07:05.215[31m error[39m [caliper] [ethereum-connector] 	Error: Returned values aren't valid, did it run Out of Gas? You might also see this error if you are not using the correct ABI for the contract you are retrieving data from, requesting data from a block number that does not exist, or querying a node which is not fully synced.
2026.03.02-03:07:05.225[31m error[39m [caliper] [ethereum-connector] 	Failed tx on simple calling method query nonce undefined
2026.03.02-03:07:05.225[31m error[39m [caliper] [ethereum-connector] 	Error: Returned values aren't valid, did it run Out of Gas? You might also see this error if you are not using the correct ABI for the contract you are retrieving data from, requesting data from a block number that does not exist, or querying a node which is not fully synced.
2026.03.02-03:07:05.236[31m error[39m [caliper] [ethereum-connector] 	Failed tx on simple calling method query nonce undefined
2026.03.02-03:07:05.236[31m error[39m [caliper] [ethereum-connector] 	Error: Returned values aren't valid, did it run Out of Gas? You might also see this error if you are not using the correct ABI for the contract you are retrieving data from, requesting data from a block number that does not exist, or querying a node which is not fully synced.
2026.03.02-03:07:05.245[31m error[39m [caliper] [ethereum-connector] 	Failed tx on simple calling method query nonce undefined
2026.03.02-03:07:05.245[31m error[39m [caliper] [ethereum-connector] 	Error: Returned values aren't valid, did it run Out of Gas? You might also see this error if you are not using the correct ABI for the contract you are retrieving data from, requesting data from a block number that does not exist, or querying a node which is not fully synced.
2026.03.02-03:07:05.254[31m error[39m [caliper] [ethereum-connector] 	Failed tx on simple calling method query nonce undefined
2026.03.02-03:07:05.254[31m error[39m [caliper] [ethereum-connector] 	Error: Returned values aren't valid, did it run Out of Gas? You might also see this error if you are not using the correct ABI for the contract you are retrieving data from, requesting data from a block number that does not exist, or querying a node which is not fully synced.
2026.03.02-03:07:05.265[31m error[39m [caliper] [ethereum-connector] 	Failed tx on simple calling method query nonce undefined
2026.03.02-03:07:05.265[31m error[39m [caliper] [ethereum-connector] 	Error: Returned values aren't valid, did it run Out of Gas? You might also see this error if you are not using the correct ABI for the contract you are retrieving data from, requesting data from a block number that does not exist, or querying a node which is not fully synced.
2026.03.02-03:07:05.275[31m error[39m [caliper] [ethereum-connector] 	Failed tx on simple calling method query nonce undefined
2026.03.02-03:07:05.276[31m error[39m [caliper] [ethereum-connector] 	Error: Returned values aren't valid, did it run Out of Gas? You might also see this error if you are not using the correct ABI for the contract you are retrieving data from, requesting data from a block number that does not exist, or querying a node which is not fully synced.
2026.03.02-03:07:05.285[31m error[39m [caliper] [ethereum-connector] 	Failed tx on simple calling method query nonce undefined
2026.03.02-03:07:05.285[31m error[39m [caliper] [ethereum-connector] 	Error: Returned values aren't valid, did it run Out of Gas? You might also see this error if you are not using the correct ABI for the contract you are retrieving data from, requesting data from a block number that does not exist, or querying a node which is not fully synced.
2026.03.02-03:07:05.294[31m error[39m [caliper] [ethereum-connector] 	Failed tx on simple calling method query nonce undefined
2026.03.02-03:07:05.294[31m error[39m [caliper] [ethereum-connector] 	Error: Returned values aren't valid, did it run Out of Gas? You might also see this error if you are not using the correct ABI for the contract you are retrieving data from, requesting data from a block number that does not exist, or querying a node which is not fully synced.
2026.03.02-03:07:05.306[31m error[39m [caliper] [ethereum-connector] 	Failed tx on simple calling method query nonce undefined
2026.03.02-03:07:05.306[31m error[39m [caliper] [ethereum-connector] 	Error: Returned values aren't valid, did it run Out of Gas? You might also see this error if you are not using the correct ABI for the contract you are retrieving data from, requesting data from a block number that does not exist, or querying a node which is not fully synced.
2026.03.02-03:07:05.315[31m error[39m [caliper] [ethereum-connector] 	Failed tx on simple calling method query nonce undefined
2026.03.02-03:07:05.315[31m error[39m [caliper] [ethereum-connector] 	Error: Returned values aren't valid, did it run Out of Gas? You might also see this error if you are not using the correct ABI for the contract you are retrieving data from, requesting data from a block number that does not exist, or querying a node which is not fully synced.
2026.03.02-03:07:05.326[31m error[39m [caliper] [ethereum-connector] 	Failed tx on simple calling method query nonce undefined
2026.03.02-03:07:05.326[31m error[39m [caliper] [ethereum-connector] 	Error: Returned values aren't valid, did it run Out of Gas? You might also see this error if you are not using the correct ABI for the contract you are retrieving data from, requesting data from a block number that does not exist, or querying a node which is not fully synced.
2026.03.02-03:07:05.335[31m error[39m [caliper] [ethereum-connector] 	Failed tx on simple calling method query nonce undefined
2026.03.02-03:07:05.336[31m error[39m [caliper] [ethereum-connector] 	Error: Returned values aren't valid, did it run Out of Gas? You might also see this error if you are not using the correct ABI for the contract you are retrieving data from, requesting data from a block number that does not exist, or querying a node which is not fully synced.
2026.03.02-03:07:05.345[31m error[39m [caliper] [ethereum-connector] 	Failed tx on simple calling method query nonce undefined
2026.03.02-03:07:05.345[31m error[39m [caliper] [ethereum-connector] 	Error: Returned values aren't valid, did it run Out of Gas? You might also see this error if you are not using the correct ABI for the contract you are retrieving data from, requesting data from a block number that does not exist, or querying a node which is not fully synced.
2026.03.02-03:07:05.354[31m error[39m [caliper] [ethereum-connector] 	Failed tx on simple calling method query nonce undefined
2026.03.02-03:07:05.355[31m error[39m [caliper] [ethereum-connector] 	Error: Returned values aren't valid, did it run Out of Gas? You might also see this error if you are not using the correct ABI for the contract you are retrieving data from, requesting data from a block number that does not exist, or querying a node which is not fully synced.
2026.03.02-03:07:05.365[31m error[39m [caliper] [ethereum-connector] 	Failed tx on simple calling method query nonce undefined
2026.03.02-03:07:05.365[31m error[39m [caliper] [ethereum-connector] 	Error: Returned values aren't valid, did it run Out of Gas? You might also see this error if you are not using the correct ABI for the contract you are retrieving data from, requesting data from a block number that does not exist, or querying a node which is not fully synced.
2026.03.02-03:07:05.374[31m error[39m [caliper] [ethereum-connector] 	Failed tx on simple calling method query nonce undefined
2026.03.02-03:07:05.374[31m error[39m [caliper] [ethereum-connector] 	Error: Returned values aren't valid, did it run Out of Gas? You might also see this error if you are not using the correct ABI for the contract you are retrieving data from, requesting data from a block number that does not exist, or querying a node which is not fully synced.
2026.03.02-03:07:05.386[31m error[39m [caliper] [ethereum-connector] 	Failed tx on simple calling method query nonce undefined
2026.03.02-03:07:05.386[31m error[39m [caliper] [ethereum-connector] 	Error: Returned values aren't valid, did it run Out of Gas? You might also see this error if you are not using the correct ABI for the contract you are retrieving data from, requesting data from a block number that does not exist, or querying a node which is not fully synced.
2026.03.02-03:07:05.394[31m error[39m [caliper] [ethereum-connector] 	Failed tx on simple calling method query nonce undefined
2026.03.02-03:07:05.394[31m error[39m [caliper] [ethereum-connector] 	Error: Returned values aren't valid, did it run Out of Gas? You might also see this error if you are not using the correct ABI for the contract you are retrieving data from, requesting data from a block number that does not exist, or querying a node which is not fully synced.
2026.03.02-03:07:05.406[31m error[39m [caliper] [ethereum-connector] 	Failed tx on simple calling method query nonce undefined
2026.03.02-03:07:05.406[31m error[39m [caliper] [ethereum-connector] 	Error: Returned values aren't valid, did it run Out of Gas? You might also see this error if you are not using the correct ABI for the contract you are retrieving data from, requesting data from a block number that does not exist, or querying a node which is not fully synced.
2026.03.02-03:07:05.414[31m error[39m [caliper] [ethereum-connector] 	Failed tx on simple calling method query nonce undefined
2026.03.02-03:07:05.414[31m error[39m [caliper] [ethereum-connector] 	Error: Returned values aren't valid, did it run Out of Gas? You might also see this error if you are not using the correct ABI for the contract you are retrieving data from, requesting data from a block number that does not exist, or querying a node which is not fully synced.
2026.03.02-03:07:05.426[31m error[39m [caliper] [ethereum-connector] 	Failed tx on simple calling method query nonce undefined
2026.03.02-03:07:05.426[31m error[39m [caliper] [ethereum-connector] 	Error: Returned values aren't valid, did it run Out of Gas? You might also see this error if you are not using the correct ABI for the contract you are retrieving data from, requesting data from a block number that does not exist, or querying a node which is not fully synced.
2026.03.02-03:07:05.435[31m error[39m [caliper] [ethereum-connector] 	Failed tx on simple calling method query nonce undefined
2026.03.02-03:07:05.436[31m error[39m [caliper] [ethereum-connector] 	Error: Returned values aren't valid, did it run Out of Gas? You might also see this error if you are not using the correct ABI for the contract you are retrieving data from, requesting data from a block number that does not exist, or querying a node which is not fully synced.
2026.03.02-03:07:05.445[31m error[39m [caliper] [ethereum-connector] 	Failed tx on simple calling method query nonce undefined
2026.03.02-03:07:05.445[31m error[39m [caliper] [ethereum-connector] 	Error: Returned values aren't valid, did it run Out of Gas? You might also see this error if you are not using the correct ABI for the contract you are retrieving data from, requesting data from a block number that does not exist, or querying a node which is not fully synced.
2026.03.02-03:07:05.454[31m error[39m [caliper] [ethereum-connector] 	Failed tx on simple calling method query nonce undefined
2026.03.02-03:07:05.455[31m error[39m [caliper] [ethereum-connector] 	Error: Returned values aren't valid, did it run Out of Gas? You might also see this error if you are not using the correct ABI for the contract you are retrieving data from, requesting data from a block number that does not exist, or querying a node which is not fully synced.
2026.03.02-03:07:05.465[31m error[39m [caliper] [ethereum-connector] 	Failed tx on simple calling method query nonce undefined
2026.03.02-03:07:05.465[31m error[39m [caliper] [ethereum-connector] 	Error: Returned values aren't valid, did it run Out of Gas? You might also see this error if you are not using the correct ABI for the contract you are retrieving data from, requesting data from a block number that does not exist, or querying a node which is not fully synced.
2026.03.02-03:07:05.474[31m error[39m [caliper] [ethereum-connector] 	Failed tx on simple calling method query nonce undefined
2026.03.02-03:07:05.474[31m error[39m [caliper] [ethereum-connector] 	Error: Returned values aren't valid, did it run Out of Gas? You might also see this error if you are not using the correct ABI for the contract you are retrieving data from, requesting data from a block number that does not exist, or querying a node which is not fully synced.
2026.03.02-03:07:05.486[31m error[39m [caliper] [ethereum-connector] 	Failed tx on simple calling method query nonce undefined
2026.03.02-03:07:05.486[31m error[39m [caliper] [ethereum-connector] 	Error: Returned values aren't valid, did it run Out of Gas? You might also see this error if you are not using the correct ABI for the contract you are retrieving data from, requesting data from a block number that does not exist, or querying a node which is not fully synced.
2026.03.02-03:07:05.495[31m error[39m [caliper] [ethereum-connector] 	Failed tx on simple calling method query nonce undefined
2026.03.02-03:07:05.496[31m error[39m [caliper] [ethereum-connector] 	Error: Returned values aren't valid, did it run Out of Gas? You might also see this error if you are not using the correct ABI for the contract you are retrieving data from, requesting data from a block number that does not exist, or querying a node which is not fully synced.
2026.03.02-03:07:05.505[31m error[39m [caliper] [ethereum-connector] 	Failed tx on simple calling method query nonce undefined
2026.03.02-03:07:05.505[31m error[39m [caliper] [ethereum-connector] 	Error: Returned values aren't valid, did it run Out of Gas? You might also see this error if you are not using the correct ABI for the contract you are retrieving data from, requesting data from a block number that does not exist, or querying a node which is not fully synced.
2026.03.02-03:07:05.515[31m error[39m [caliper] [ethereum-connector] 	Failed tx on simple calling method query nonce undefined
2026.03.02-03:07:05.515[31m error[39m [caliper] [ethereum-connector] 	Error: Returned values aren't valid, did it run Out of Gas? You might also see this error if you are not using the correct ABI for the contract you are retrieving data from, requesting data from a block number that does not exist, or querying a node which is not fully synced.
2026.03.02-03:07:05.524[31m error[39m [caliper] [ethereum-connector] 	Failed tx on simple calling method query nonce undefined
2026.03.02-03:07:05.525[31m error[39m [caliper] [ethereum-connector] 	Error: Returned values aren't valid, did it run Out of Gas? You might also see this error if you are not using the correct ABI for the contract you are retrieving data from, requesting data from a block number that does not exist, or querying a node which is not fully synced.
2026.03.02-03:07:05.535[31m error[39m [caliper] [ethereum-connector] 	Failed tx on simple calling method query nonce undefined
2026.03.02-03:07:05.535[31m error[39m [caliper] [ethereum-connector] 	Error: Returned values aren't valid, did it run Out of Gas? You might also see this error if you are not using the correct ABI for the contract you are retrieving data from, requesting data from a block number that does not exist, or querying a node which is not fully synced.
2026.03.02-03:07:05.545[31m error[39m [caliper] [ethereum-connector] 	Failed tx on simple calling method query nonce undefined
2026.03.02-03:07:05.545[31m error[39m [caliper] [ethereum-connector] 	Error: Returned values aren't valid, did it run Out of Gas? You might also see this error if you are not using the correct ABI for the contract you are retrieving data from, requesting data from a block number that does not exist, or querying a node which is not fully synced.
2026.03.02-03:07:05.556[31m error[39m [caliper] [ethereum-connector] 	Failed tx on simple calling method query nonce undefined
2026.03.02-03:07:05.556[31m error[39m [caliper] [ethereum-connector] 	Error: Returned values aren't valid, did it run Out of Gas? You might also see this error if you are not using the correct ABI for the contract you are retrieving data from, requesting data from a block number that does not exist, or querying a node which is not fully synced.
2026.03.02-03:07:05.566[31m error[39m [caliper] [ethereum-connector] 	Failed tx on simple calling method query nonce undefined
2026.03.02-03:07:05.566[31m error[39m [caliper] [ethereum-connector] 	Error: Returned values aren't valid, did it run Out of Gas? You might also see this error if you are not using the correct ABI for the contract you are retrieving data from, requesting data from a block number that does not exist, or querying a node which is not fully synced.
2026.03.02-03:07:05.575[31m error[39m [caliper] [ethereum-connector] 	Failed tx on simple calling method query nonce undefined
2026.03.02-03:07:05.575[31m error[39m [caliper] [ethereum-connector] 	Error: Returned values aren't valid, did it run Out of Gas? You might also see this error if you are not using the correct ABI for the contract you are retrieving data from, requesting data from a block number that does not exist, or querying a node which is not fully synced.
2026.03.02-03:07:05.584[31m error[39m [caliper] [ethereum-connector] 	Failed tx on simple calling method query nonce undefined
2026.03.02-03:07:05.585[31m error[39m [caliper] [ethereum-connector] 	Error: Returned values aren't valid, did it run Out of Gas? You might also see this error if you are not using the correct ABI for the contract you are retrieving data from, requesting data from a block number that does not exist, or querying a node which is not fully synced.
2026.03.02-03:07:05.595[31m error[39m [caliper] [ethereum-connector] 	Failed tx on simple calling method query nonce undefined
2026.03.02-03:07:05.595[31m error[39m [caliper] [ethereum-connector] 	Error: Returned values aren't valid, did it run Out of Gas? You might also see this error if you are not using the correct ABI for the contract you are retrieving data from, requesting data from a block number that does not exist, or querying a node which is not fully synced.
2026.03.02-03:07:05.605[31m error[39m [caliper] [ethereum-connector] 	Failed tx on simple calling method query nonce undefined
2026.03.02-03:07:05.605[31m error[39m [caliper] [ethereum-connector] 	Error: Returned values aren't valid, did it run Out of Gas? You might also see this error if you are not using the correct ABI for the contract you are retrieving data from, requesting data from a block number that does not exist, or querying a node which is not fully synced.
2026.03.02-03:07:05.615[31m error[39m [caliper] [ethereum-connector] 	Failed tx on simple calling method query nonce undefined
2026.03.02-03:07:05.616[31m error[39m [caliper] [ethereum-connector] 	Error: Returned values aren't valid, did it run Out of Gas? You might also see this error if you are not using the correct ABI for the contract you are retrieving data from, requesting data from a block number that does not exist, or querying a node which is not fully synced.
2026.03.02-03:07:05.625[31m error[39m [caliper] [ethereum-connector] 	Failed tx on simple calling method query nonce undefined
2026.03.02-03:07:05.625[31m error[39m [caliper] [ethereum-connector] 	Error: Returned values aren't valid, did it run Out of Gas? You might also see this error if you are not using the correct ABI for the contract you are retrieving data from, requesting data from a block number that does not exist, or querying a node which is not fully synced.
2026.03.02-03:07:05.634[31m error[39m [caliper] [ethereum-connector] 	Failed tx on simple calling method query nonce undefined
2026.03.02-03:07:05.634[31m error[39m [caliper] [ethereum-connector] 	Error: Returned values aren't valid, did it run Out of Gas? You might also see this error if you are not using the correct ABI for the contract you are retrieving data from, requesting data from a block number that does not exist, or querying a node which is not fully synced.
2026.03.02-03:07:05.645[31m error[39m [caliper] [ethereum-connector] 	Failed tx on simple calling method query nonce undefined
2026.03.02-03:07:05.645[31m error[39m [caliper] [ethereum-connector] 	Error: Returned values aren't valid, did it run Out of Gas? You might also see this error if you are not using the correct ABI for the contract you are retrieving data from, requesting data from a block number that does not exist, or querying a node which is not fully synced.
2026.03.02-03:07:05.656[31m error[39m [caliper] [ethereum-connector] 	Failed tx on simple calling method query nonce undefined
2026.03.02-03:07:05.656[31m error[39m [caliper] [ethereum-connector] 	Error: Returned values aren't valid, did it run Out of Gas? You might also see this error if you are not using the correct ABI for the contract you are retrieving data from, requesting data from a block number that does not exist, or querying a node which is not fully synced.
2026.03.02-03:07:05.665[31m error[39m [caliper] [ethereum-connector] 	Failed tx on simple calling method query nonce undefined
2026.03.02-03:07:05.665[31m error[39m [caliper] [ethereum-connector] 	Error: Returned values aren't valid, did it run Out of Gas? You might also see this error if you are not using the correct ABI for the contract you are retrieving data from, requesting data from a block number that does not exist, or querying a node which is not fully synced.
2026.03.02-03:07:05.675[31m error[39m [caliper] [ethereum-connector] 	Failed tx on simple calling method query nonce undefined
2026.03.02-03:07:05.675[31m error[39m [caliper] [ethereum-connector] 	Error: Returned values aren't valid, did it run Out of Gas? You might also see this error if you are not using the correct ABI for the contract you are retrieving data from, requesting data from a block number that does not exist, or querying a node which is not fully synced.
2026.03.02-03:07:05.686[31m error[39m [caliper] [ethereum-connector] 	Failed tx on simple calling method query nonce undefined
2026.03.02-03:07:05.686[31m error[39m [caliper] [ethereum-connector] 	Error: Returned values aren't valid, did it run Out of Gas? You might also see this error if you are not using the correct ABI for the contract you are retrieving data from, requesting data from a block number that does not exist, or querying a node which is not fully synced.
2026.03.02-03:07:05.695[31m error[39m [caliper] [ethereum-connector] 	Failed tx on simple calling method query nonce undefined
2026.03.02-03:07:05.695[31m error[39m [caliper] [ethereum-connector] 	Error: Returned values aren't valid, did it run Out of Gas? You might also see this error if you are not using the correct ABI for the contract you are retrieving data from, requesting data from a block number that does not exist, or querying a node which is not fully synced.
2026.03.02-03:07:05.705[31m error[39m [caliper] [ethereum-connector] 	Failed tx on simple calling method query nonce undefined
2026.03.02-03:07:05.705[31m error[39m [caliper] [ethereum-connector] 	Error: Returned values aren't valid, did it run Out of Gas? You might also see this error if you are not using the correct ABI for the contract you are retrieving data from, requesting data from a block number that does not exist, or querying a node which is not fully synced.
2026.03.02-03:07:05.715[31m error[39m [caliper] [ethereum-connector] 	Failed tx on simple calling method query nonce undefined
2026.03.02-03:07:05.716[31m error[39m [caliper] [ethereum-connector] 	Error: Returned values aren't valid, did it run Out of Gas? You might also see this error if you are not using the correct ABI for the contract you are retrieving data from, requesting data from a block number that does not exist, or querying a node which is not fully synced.
2026.03.02-03:07:05.725[31m error[39m [caliper] [ethereum-connector] 	Failed tx on simple calling method query nonce undefined
2026.03.02-03:07:05.725[31m error[39m [caliper] [ethereum-connector] 	Error: Returned values aren't valid, did it run Out of Gas? You might also see this error if you are not using the correct ABI for the contract you are retrieving data from, requesting data from a block number that does not exist, or querying a node which is not fully synced.
2026.03.02-03:07:05.734[31m error[39m [caliper] [ethereum-connector] 	Failed tx on simple calling method query nonce undefined
2026.03.02-03:07:05.734[31m error[39m [caliper] [ethereum-connector] 	Error: Returned values aren't valid, did it run Out of Gas? You might also see this error if you are not using the correct ABI for the contract you are retrieving data from, requesting data from a block number that does not exist, or querying a node which is not fully synced.
2026.03.02-03:07:05.745[31m error[39m [caliper] [ethereum-connector] 	Failed tx on simple calling method query nonce undefined
2026.03.02-03:07:05.745[31m error[39m [caliper] [ethereum-connector] 	Error: Returned values aren't valid, did it run Out of Gas? You might also see this error if you are not using the correct ABI for the contract you are retrieving data from, requesting data from a block number that does not exist, or querying a node which is not fully synced.
2026.03.02-03:07:05.756[31m error[39m [caliper] [ethereum-connector] 	Failed tx on simple calling method query nonce undefined
2026.03.02-03:07:05.756[31m error[39m [caliper] [ethereum-connector] 	Error: Returned values aren't valid, did it run Out of Gas? You might also see this error if you are not using the correct ABI for the contract you are retrieving data from, requesting data from a block number that does not exist, or querying a node which is not fully synced.
2026.03.02-03:07:05.764[31m error[39m [caliper] [ethereum-connector] 	Failed tx on simple calling method query nonce undefined
2026.03.02-03:07:05.764[31m error[39m [caliper] [ethereum-connector] 	Error: Returned values aren't valid, did it run Out of Gas? You might also see this error if you are not using the correct ABI for the contract you are retrieving data from, requesting data from a block number that does not exist, or querying a node which is not fully synced.
2026.03.02-03:07:05.775[31m error[39m [caliper] [ethereum-connector] 	Failed tx on simple calling method query nonce undefined
2026.03.02-03:07:05.775[31m error[39m [caliper] [ethereum-connector] 	Error: Returned values aren't valid, did it run Out of Gas? You might also see this error if you are not using the correct ABI for the contract you are retrieving data from, requesting data from a block number that does not exist, or querying a node which is not fully synced.
2026.03.02-03:07:05.785[31m error[39m [caliper] [ethereum-connector] 	Failed tx on simple calling method query nonce undefined
2026.03.02-03:07:05.786[31m error[39m [caliper] [ethereum-connector] 	Error: Returned values aren't valid, did it run Out of Gas? You might also see this error if you are not using the correct ABI for the contract you are retrieving data from, requesting data from a block number that does not exist, or querying a node which is not fully synced.
2026.03.02-03:07:05.795[31m error[39m [caliper] [ethereum-connector] 	Failed tx on simple calling method query nonce undefined
2026.03.02-03:07:05.795[31m error[39m [caliper] [ethereum-connector] 	Error: Returned values aren't valid, did it run Out of Gas? You might also see this error if you are not using the correct ABI for the contract you are retrieving data from, requesting data from a block number that does not exist, or querying a node which is not fully synced.
2026.03.02-03:07:05.804[31m error[39m [caliper] [ethereum-connector] 	Failed tx on simple calling method query nonce undefined
2026.03.02-03:07:05.804[31m error[39m [caliper] [ethereum-connector] 	Error: Returned values aren't valid, did it run Out of Gas? You might also see this error if you are not using the correct ABI for the contract you are retrieving data from, requesting data from a block number that does not exist, or querying a node which is not fully synced.
2026.03.02-03:07:05.811[32m info [39m [caliper] [default-observer] 	[query Round 1 Transaction Info] - Submitted: 201 Succ: 0 Fail:200 Unfinished:1
2026.03.02-03:07:05.815[31m error[39m [caliper] [ethereum-connector] 	Failed tx on simple calling method query nonce undefined
2026.03.02-03:07:05.816[31m error[39m [caliper] [ethereum-connector] 	Error: Returned values aren't valid, did it run Out of Gas? You might also see this error if you are not using the correct ABI for the contract you are retrieving data from, requesting data from a block number that does not exist, or querying a node which is not fully synced.
2026.03.02-03:07:05.824[31m error[39m [caliper] [ethereum-connector] 	Failed tx on simple calling method query nonce undefined
2026.03.02-03:07:05.824[31m error[39m [caliper] [ethereum-connector] 	Error: Returned values aren't valid, did it run Out of Gas? You might also see this error if you are not using the correct ABI for the contract you are retrieving data from, requesting data from a block number that does not exist, or querying a node which is not fully synced.
2026.03.02-03:07:05.835[31m error[39m [caliper] [ethereum-connector] 	Failed tx on simple calling method query nonce undefined
2026.03.02-03:07:05.836[31m error[39m [caliper] [ethereum-connector] 	Error: Returned values aren't valid, did it run Out of Gas? You might also see this error if you are not using the correct ABI for the contract you are retrieving data from, requesting data from a block number that does not exist, or querying a node which is not fully synced.
2026.03.02-03:07:05.845[31m error[39m [caliper] [ethereum-connector] 	Failed tx on simple calling method query nonce undefined
2026.03.02-03:07:05.845[31m error[39m [caliper] [ethereum-connector] 	Error: Returned values aren't valid, did it run Out of Gas? You might also see this error if you are not using the correct ABI for the contract you are retrieving data from, requesting data from a block number that does not exist, or querying a node which is not fully synced.
2026.03.02-03:07:05.856[31m error[39m [caliper] [ethereum-connector] 	Failed tx on simple calling method query nonce undefined
2026.03.02-03:07:05.856[31m error[39m [caliper] [ethereum-connector] 	Error: Returned values aren't valid, did it run Out of Gas? You might also see this error if you are not using the correct ABI for the contract you are retrieving data from, requesting data from a block number that does not exist, or querying a node which is not fully synced.
2026.03.02-03:07:05.865[31m error[39m [caliper] [ethereum-connector] 	Failed tx on simple calling method query nonce undefined
2026.03.02-03:07:05.865[31m error[39m [caliper] [ethereum-connector] 	Error: Returned values aren't valid, did it run Out of Gas? You might also see this error if you are not using the correct ABI for the contract you are retrieving data from, requesting data from a block number that does not exist, or querying a node which is not fully synced.
2026.03.02-03:07:05.876[31m error[39m [caliper] [ethereum-connector] 	Failed tx on simple calling method query nonce undefined
2026.03.02-03:07:05.877[31m error[39m [caliper] [ethereum-connector] 	Error: Returned values aren't valid, did it run Out of Gas? You might also see this error if you are not using the correct ABI for the contract you are retrieving data from, requesting data from a block number that does not exist, or querying a node which is not fully synced.
2026.03.02-03:07:05.885[31m error[39m [caliper] [ethereum-connector] 	Failed tx on simple calling method query nonce undefined
2026.03.02-03:07:05.885[31m error[39m [caliper] [ethereum-connector] 	Error: Returned values aren't valid, did it run Out of Gas? You might also see this error if you are not using the correct ABI for the contract you are retrieving data from, requesting data from a block number that does not exist, or querying a node which is not fully synced.
2026.03.02-03:07:05.895[31m error[39m [caliper] [ethereum-connector] 	Failed tx on simple calling method query nonce undefined
2026.03.02-03:07:05.895[31m error[39m [caliper] [ethereum-connector] 	Error: Returned values aren't valid, did it run Out of Gas? You might also see this error if you are not using the correct ABI for the contract you are retrieving data from, requesting data from a block number that does not exist, or querying a node which is not fully synced.
2026.03.02-03:07:05.905[31m error[39m [caliper] [ethereum-connector] 	Failed tx on simple calling method query nonce undefined
2026.03.02-03:07:05.905[31m error[39m [caliper] [ethereum-connector] 	Error: Returned values aren't valid, did it run Out of Gas? You might also see this error if you are not using the correct ABI for the contract you are retrieving data from, requesting data from a block number that does not exist, or querying a node which is not fully synced.
2026.03.02-03:07:05.915[31m error[39m [caliper] [ethereum-connector] 	Failed tx on simple calling method query nonce undefined
2026.03.02-03:07:05.915[31m error[39m [caliper] [ethereum-connector] 	Error: Returned values aren't valid, did it run Out of Gas? You might also see this error if you are not using the correct ABI for the contract you are retrieving data from, requesting data from a block number that does not exist, or querying a node which is not fully synced.
2026.03.02-03:07:05.925[31m error[39m [caliper] [ethereum-connector] 	Failed tx on simple calling method query nonce undefined
2026.03.02-03:07:05.926[31m error[39m [caliper] [ethereum-connector] 	Error: Returned values aren't valid, did it run Out of Gas? You might also see this error if you are not using the correct ABI for the contract you are retrieving data from, requesting data from a block number that does not exist, or querying a node which is not fully synced.
2026.03.02-03:07:05.935[31m error[39m [caliper] [ethereum-connector] 	Failed tx on simple calling method query nonce undefined
2026.03.02-03:07:05.935[31m error[39m [caliper] [ethereum-connector] 	Error: Returned values aren't valid, did it run Out of Gas? You might also see this error if you are not using the correct ABI for the contract you are retrieving data from, requesting data from a block number that does not exist, or querying a node which is not fully synced.
2026.03.02-03:07:05.944[31m error[39m [caliper] [ethereum-connector] 	Failed tx on simple calling method query nonce undefined
2026.03.02-03:07:05.944[31m error[39m [caliper] [ethereum-connector] 	Error: Returned values aren't valid, did it run Out of Gas? You might also see this error if you are not using the correct ABI for the contract you are retrieving data from, requesting data from a block number that does not exist, or querying a node which is not fully synced.
2026.03.02-03:07:05.956[31m error[39m [caliper] [ethereum-connector] 	Failed tx on simple calling method query nonce undefined
2026.03.02-03:07:05.956[31m error[39m [caliper] [ethereum-connector] 	Error: Returned values aren't valid, did it run Out of Gas? You might also see this error if you are not using the correct ABI for the contract you are retrieving data from, requesting data from a block number that does not exist, or querying a node which is not fully synced.
2026.03.02-03:07:05.964[31m error[39m [caliper] [ethereum-connector] 	Failed tx on simple calling method query nonce undefined
2026.03.02-03:07:05.964[31m error[39m [caliper] [ethereum-connector] 	Error: Returned values aren't valid, did it run Out of Gas? You might also see this error if you are not using the correct ABI for the contract you are retrieving data from, requesting data from a block number that does not exist, or querying a node which is not fully synced.
2026.03.02-03:07:05.975[31m error[39m [caliper] [ethereum-connector] 	Failed tx on simple calling method query nonce undefined
2026.03.02-03:07:05.975[31m error[39m [caliper] [ethereum-connector] 	Error: Returned values aren't valid, did it run Out of Gas? You might also see this error if you are not using the correct ABI for the contract you are retrieving data from, requesting data from a block number that does not exist, or querying a node which is not fully synced.
2026.03.02-03:07:05.985[31m error[39m [caliper] [ethereum-connector] 	Failed tx on simple calling method query nonce undefined
2026.03.02-03:07:05.985[31m error[39m [caliper] [ethereum-connector] 	Error: Returned values aren't valid, did it run Out of Gas? You might also see this error if you are not using the correct ABI for the contract you are retrieving data from, requesting data from a block number that does not exist, or querying a node which is not fully synced.
2026.03.02-03:07:05.995[31m error[39m [caliper] [ethereum-connector] 	Failed tx on simple calling method query nonce undefined
2026.03.02-03:07:05.995[31m error[39m [caliper] [ethereum-connector] 	Error: Returned values aren't valid, did it run Out of Gas? You might also see this error if you are not using the correct ABI for the contract you are retrieving data from, requesting data from a block number that does not exist, or querying a node which is not fully synced.
2026.03.02-03:07:06.005[31m error[39m [caliper] [ethereum-connector] 	Failed tx on simple calling method query nonce undefined
2026.03.02-03:07:06.006[31m error[39m [caliper] [ethereum-connector] 	Error: Returned values aren't valid, did it run Out of Gas? You might also see this error if you are not using the correct ABI for the contract you are retrieving data from, requesting data from a block number that does not exist, or querying a node which is not fully synced.
2026.03.02-03:07:06.015[31m error[39m [caliper] [ethereum-connector] 	Failed tx on simple calling method query nonce undefined
2026.03.02-03:07:06.015[31m error[39m [caliper] [ethereum-connector] 	Error: Returned values aren't valid, did it run Out of Gas? You might also see this error if you are not using the correct ABI for the contract you are retrieving data from, requesting data from a block number that does not exist, or querying a node which is not fully synced.
2026.03.02-03:07:06.024[31m error[39m [caliper] [ethereum-connector] 	Failed tx on simple calling method query nonce undefined
2026.03.02-03:07:06.025[31m error[39m [caliper] [ethereum-connector] 	Error: Returned values aren't valid, did it run Out of Gas? You might also see this error if you are not using the correct ABI for the contract you are retrieving data from, requesting data from a block number that does not exist, or querying a node which is not fully synced.
2026.03.02-03:07:06.036[31m error[39m [caliper] [ethereum-connector] 	Failed tx on simple calling method query nonce undefined
2026.03.02-03:07:06.036[31m error[39m [caliper] [ethereum-connector] 	Error: Returned values aren't valid, did it run Out of Gas? You might also see this error if you are not using the correct ABI for the contract you are retrieving data from, requesting data from a block number that does not exist, or querying a node which is not fully synced.
2026.03.02-03:07:06.044[31m error[39m [caliper] [ethereum-connector] 	Failed tx on simple calling method query nonce undefined
2026.03.02-03:07:06.044[31m error[39m [caliper] [ethereum-connector] 	Error: Returned values aren't valid, did it run Out of Gas? You might also see this error if you are not using the correct ABI for the contract you are retrieving data from, requesting data from a block number that does not exist, or querying a node which is not fully synced.
2026.03.02-03:07:06.055[31m error[39m [caliper] [ethereum-connector] 	Failed tx on simple calling method query nonce undefined
2026.03.02-03:07:06.055[31m error[39m [caliper] [ethereum-connector] 	Error: Returned values aren't valid, did it run Out of Gas? You might also see this error if you are not using the correct ABI for the contract you are retrieving data from, requesting data from a block number that does not exist, or querying a node which is not fully synced.
2026.03.02-03:07:06.065[31m error[39m [caliper] [ethereum-connector] 	Failed tx on simple calling method query nonce undefined
2026.03.02-03:07:06.065[31m error[39m [caliper] [ethereum-connector] 	Error: Returned values aren't valid, did it run Out of Gas? You might also see this error if you are not using the correct ABI for the contract you are retrieving data from, requesting data from a block number that does not exist, or querying a node which is not fully synced.
2026.03.02-03:07:06.075[31m error[39m [caliper] [ethereum-connector] 	Failed tx on simple calling method query nonce undefined
2026.03.02-03:07:06.076[31m error[39m [caliper] [ethereum-connector] 	Error: Returned values aren't valid, did it run Out of Gas? You might also see this error if you are not using the correct ABI for the contract you are retrieving data from, requesting data from a block number that does not exist, or querying a node which is not fully synced.
2026.03.02-03:07:06.085[31m error[39m [caliper] [ethereum-connector] 	Failed tx on simple calling method query nonce undefined
2026.03.02-03:07:06.085[31m error[39m [caliper] [ethereum-connector] 	Error: Returned values aren't valid, did it run Out of Gas? You might also see this error if you are not using the correct ABI for the contract you are retrieving data from, requesting data from a block number that does not exist, or querying a node which is not fully synced.
2026.03.02-03:07:06.094[31m error[39m [caliper] [ethereum-connector] 	Failed tx on simple calling method query nonce undefined
2026.03.02-03:07:06.094[31m error[39m [caliper] [ethereum-connector] 	Error: Returned values aren't valid, did it run Out of Gas? You might also see this error if you are not using the correct ABI for the contract you are retrieving data from, requesting data from a block number that does not exist, or querying a node which is not fully synced.
2026.03.02-03:07:06.105[31m error[39m [caliper] [ethereum-connector] 	Failed tx on simple calling method query nonce undefined
2026.03.02-03:07:06.106[31m error[39m [caliper] [ethereum-connector] 	Error: Returned values aren't valid, did it run Out of Gas? You might also see this error if you are not using the correct ABI for the contract you are retrieving data from, requesting data from a block number that does not exist, or querying a node which is not fully synced.
2026.03.02-03:07:06.115[31m error[39m [caliper] [ethereum-connector] 	Failed tx on simple calling method query nonce undefined
2026.03.02-03:07:06.115[31m error[39m [caliper] [ethereum-connector] 	Error: Returned values aren't valid, did it run Out of Gas? You might also see this error if you are not using the correct ABI for the contract you are retrieving data from, requesting data from a block number that does not exist, or querying a node which is not fully synced.
2026.03.02-03:07:06.124[31m error[39m [caliper] [ethereum-connector] 	Failed tx on simple calling method query nonce undefined
2026.03.02-03:07:06.124[31m error[39m [caliper] [ethereum-connector] 	Error: Returned values aren't valid, did it run Out of Gas? You might also see this error if you are not using the correct ABI for the contract you are retrieving data from, requesting data from a block number that does not exist, or querying a node which is not fully synced.
2026.03.02-03:07:06.136[31m error[39m [caliper] [ethereum-connector] 	Failed tx on simple calling method query nonce undefined
2026.03.02-03:07:06.136[31m error[39m [caliper] [ethereum-connector] 	Error: Returned values aren't valid, did it run Out of Gas? You might also see this error if you are not using the correct ABI for the contract you are retrieving data from, requesting data from a block number that does not exist, or querying a node which is not fully synced.
2026.03.02-03:07:06.145[31m error[39m [caliper] [ethereum-connector] 	Failed tx on simple calling method query nonce undefined
2026.03.02-03:07:06.145[31m error[39m [caliper] [ethereum-connector] 	Error: Returned values aren't valid, did it run Out of Gas? You might also see this error if you are not using the correct ABI for the contract you are retrieving data from, requesting data from a block number that does not exist, or querying a node which is not fully synced.
2026.03.02-03:07:06.155[31m error[39m [caliper] [ethereum-connector] 	Failed tx on simple calling method query nonce undefined
2026.03.02-03:07:06.155[31m error[39m [caliper] [ethereum-connector] 	Error: Returned values aren't valid, did it run Out of Gas? You might also see this error if you are not using the correct ABI for the contract you are retrieving data from, requesting data from a block number that does not exist, or querying a node which is not fully synced.
2026.03.02-03:07:06.166[31m error[39m [caliper] [ethereum-connector] 	Failed tx on simple calling method query nonce undefined
2026.03.02-03:07:06.166[31m error[39m [caliper] [ethereum-connector] 	Error: Returned values aren't valid, did it run Out of Gas? You might also see this error if you are not using the correct ABI for the contract you are retrieving data from, requesting data from a block number that does not exist, or querying a node which is not fully synced.
2026.03.02-03:07:06.175[31m error[39m [caliper] [ethereum-connector] 	Failed tx on simple calling method query nonce undefined
2026.03.02-03:07:06.175[31m error[39m [caliper] [ethereum-connector] 	Error: Returned values aren't valid, did it run Out of Gas? You might also see this error if you are not using the correct ABI for the contract you are retrieving data from, requesting data from a block number that does not exist, or querying a node which is not fully synced.
2026.03.02-03:07:06.185[31m error[39m [caliper] [ethereum-connector] 	Failed tx on simple calling method query nonce undefined
2026.03.02-03:07:06.185[31m error[39m [caliper] [ethereum-connector] 	Error: Returned values aren't valid, did it run Out of Gas? You might also see this error if you are not using the correct ABI for the contract you are retrieving data from, requesting data from a block number that does not exist, or querying a node which is not fully synced.
2026.03.02-03:07:06.196[31m error[39m [caliper] [ethereum-connector] 	Failed tx on simple calling method query nonce undefined
2026.03.02-03:07:06.196[31m error[39m [caliper] [ethereum-connector] 	Error: Returned values aren't valid, did it run Out of Gas? You might also see this error if you are not using the correct ABI for the contract you are retrieving data from, requesting data from a block number that does not exist, or querying a node which is not fully synced.
2026.03.02-03:07:06.205[31m error[39m [caliper] [ethereum-connector] 	Failed tx on simple calling method query nonce undefined
2026.03.02-03:07:06.205[31m error[39m [caliper] [ethereum-connector] 	Error: Returned values aren't valid, did it run Out of Gas? You might also see this error if you are not using the correct ABI for the contract you are retrieving data from, requesting data from a block number that does not exist, or querying a node which is not fully synced.
2026.03.02-03:07:06.215[31m error[39m [caliper] [ethereum-connector] 	Failed tx on simple calling method query nonce undefined
2026.03.02-03:07:06.216[31m error[39m [caliper] [ethereum-connector] 	Error: Returned values aren't valid, did it run Out of Gas? You might also see this error if you are not using the correct ABI for the contract you are retrieving data from, requesting data from a block number that does not exist, or querying a node which is not fully synced.
2026.03.02-03:07:06.225[31m error[39m [caliper] [ethereum-connector] 	Failed tx on simple calling method query nonce undefined
2026.03.02-03:07:06.225[31m error[39m [caliper] [ethereum-connector] 	Error: Returned values aren't valid, did it run Out of Gas? You might also see this error if you are not using the correct ABI for the contract you are retrieving data from, requesting data from a block number that does not exist, or querying a node which is not fully synced.
2026.03.02-03:07:06.234[31m error[39m [caliper] [ethereum-connector] 	Failed tx on simple calling method query nonce undefined
2026.03.02-03:07:06.234[31m error[39m [caliper] [ethereum-connector] 	Error: Returned values aren't valid, did it run Out of Gas? You might also see this error if you are not using the correct ABI for the contract you are retrieving data from, requesting data from a block number that does not exist, or querying a node which is not fully synced.
2026.03.02-03:07:06.245[31m error[39m [caliper] [ethereum-connector] 	Failed tx on simple calling method query nonce undefined
2026.03.02-03:07:06.245[31m error[39m [caliper] [ethereum-connector] 	Error: Returned values aren't valid, did it run Out of Gas? You might also see this error if you are not using the correct ABI for the contract you are retrieving data from, requesting data from a block number that does not exist, or querying a node which is not fully synced.
2026.03.02-03:07:06.255[31m error[39m [caliper] [ethereum-connector] 	Failed tx on simple calling method query nonce undefined
2026.03.02-03:07:06.256[31m error[39m [caliper] [ethereum-connector] 	Error: Returned values aren't valid, did it run Out of Gas? You might also see this error if you are not using the correct ABI for the contract you are retrieving data from, requesting data from a block number that does not exist, or querying a node which is not fully synced.
2026.03.02-03:07:06.265[31m error[39m [caliper] [ethereum-connector] 	Failed tx on simple calling method query nonce undefined
2026.03.02-03:07:06.265[31m error[39m [caliper] [ethereum-connector] 	Error: Returned values aren't valid, did it run Out of Gas? You might also see this error if you are not using the correct ABI for the contract you are retrieving data from, requesting data from a block number that does not exist, or querying a node which is not fully synced.
2026.03.02-03:07:06.275[31m error[39m [caliper] [ethereum-connector] 	Failed tx on simple calling method query nonce undefined
2026.03.02-03:07:06.275[31m error[39m [caliper] [ethereum-connector] 	Error: Returned values aren't valid, did it run Out of Gas? You might also see this error if you are not using the correct ABI for the contract you are retrieving data from, requesting data from a block number that does not exist, or querying a node which is not fully synced.
2026.03.02-03:07:06.285[31m error[39m [caliper] [ethereum-connector] 	Failed tx on simple calling method query nonce undefined
2026.03.02-03:07:06.285[31m error[39m [caliper] [ethereum-connector] 	Error: Returned values aren't valid, did it run Out of Gas? You might also see this error if you are not using the correct ABI for the contract you are retrieving data from, requesting data from a block number that does not exist, or querying a node which is not fully synced.
2026.03.02-03:07:06.295[31m error[39m [caliper] [ethereum-connector] 	Failed tx on simple calling method query nonce undefined
2026.03.02-03:07:06.295[31m error[39m [caliper] [ethereum-connector] 	Error: Returned values aren't valid, did it run Out of Gas? You might also see this error if you are not using the correct ABI for the contract you are retrieving data from, requesting data from a block number that does not exist, or querying a node which is not fully synced.
2026.03.02-03:07:06.305[31m error[39m [caliper] [ethereum-connector] 	Failed tx on simple calling method query nonce undefined
2026.03.02-03:07:06.305[31m error[39m [caliper] [ethereum-connector] 	Error: Returned values aren't valid, did it run Out of Gas? You might also see this error if you are not using the correct ABI for the contract you are retrieving data from, requesting data from a block number that does not exist, or querying a node which is not fully synced.
2026.03.02-03:07:06.315[31m error[39m [caliper] [ethereum-connector] 	Failed tx on simple calling method query nonce undefined
2026.03.02-03:07:06.315[31m error[39m [caliper] [ethereum-connector] 	Error: Returned values aren't valid, did it run Out of Gas? You might also see this error if you are not using the correct ABI for the contract you are retrieving data from, requesting data from a block number that does not exist, or querying a node which is not fully synced.
2026.03.02-03:07:06.325[31m error[39m [caliper] [ethereum-connector] 	Failed tx on simple calling method query nonce undefined
2026.03.02-03:07:06.326[31m error[39m [caliper] [ethereum-connector] 	Error: Returned values aren't valid, did it run Out of Gas? You might also see this error if you are not using the correct ABI for the contract you are retrieving data from, requesting data from a block number that does not exist, or querying a node which is not fully synced.
2026.03.02-03:07:06.335[31m error[39m [caliper] [ethereum-connector] 	Failed tx on simple calling method query nonce undefined
2026.03.02-03:07:06.335[31m error[39m [caliper] [ethereum-connector] 	Error: Returned values aren't valid, did it run Out of Gas? You might also see this error if you are not using the correct ABI for the contract you are retrieving data from, requesting data from a block number that does not exist, or querying a node which is not fully synced.
2026.03.02-03:07:06.344[31m error[39m [caliper] [ethereum-connector] 	Failed tx on simple calling method query nonce undefined
2026.03.02-03:07:06.344[31m error[39m [caliper] [ethereum-connector] 	Error: Returned values aren't valid, did it run Out of Gas? You might also see this error if you are not using the correct ABI for the contract you are retrieving data from, requesting data from a block number that does not exist, or querying a node which is not fully synced.
2026.03.02-03:07:06.355[31m error[39m [caliper] [ethereum-connector] 	Failed tx on simple calling method query nonce undefined
2026.03.02-03:07:06.355[31m error[39m [caliper] [ethereum-connector] 	Error: Returned values aren't valid, did it run Out of Gas? You might also see this error if you are not using the correct ABI for the contract you are retrieving data from, requesting data from a block number that does not exist, or querying a node which is not fully synced.
2026.03.02-03:07:06.366[31m error[39m [caliper] [ethereum-connector] 	Failed tx on simple calling method query nonce undefined
2026.03.02-03:07:06.366[31m error[39m [caliper] [ethereum-connector] 	Error: Returned values aren't valid, did it run Out of Gas? You might also see this error if you are not using the correct ABI for the contract you are retrieving data from, requesting data from a block number that does not exist, or querying a node which is not fully synced.
2026.03.02-03:07:06.375[31m error[39m [caliper] [ethereum-connector] 	Failed tx on simple calling method query nonce undefined
2026.03.02-03:07:06.375[31m error[39m [caliper] [ethereum-connector] 	Error: Returned values aren't valid, did it run Out of Gas? You might also see this error if you are not using the correct ABI for the contract you are retrieving data from, requesting data from a block number that does not exist, or querying a node which is not fully synced.
2026.03.02-03:07:06.386[31m error[39m [caliper] [ethereum-connector] 	Failed tx on simple calling method query nonce undefined
2026.03.02-03:07:06.386[31m error[39m [caliper] [ethereum-connector] 	Error: Returned values aren't valid, did it run Out of Gas? You might also see this error if you are not using the correct ABI for the contract you are retrieving data from, requesting data from a block number that does not exist, or querying a node which is not fully synced.
2026.03.02-03:07:06.395[31m error[39m [caliper] [ethereum-connector] 	Failed tx on simple calling method query nonce undefined
2026.03.02-03:07:06.395[31m error[39m [caliper] [ethereum-connector] 	Error: Returned values aren't valid, did it run Out of Gas? You might also see this error if you are not using the correct ABI for the contract you are retrieving data from, requesting data from a block number that does not exist, or querying a node which is not fully synced.
2026.03.02-03:07:06.406[31m error[39m [caliper] [ethereum-connector] 	Failed tx on simple calling method query nonce undefined
2026.03.02-03:07:06.406[31m error[39m [caliper] [ethereum-connector] 	Error: Returned values aren't valid, did it run Out of Gas? You might also see this error if you are not using the correct ABI for the contract you are retrieving data from, requesting data from a block number that does not exist, or querying a node which is not fully synced.
2026.03.02-03:07:06.415[31m error[39m [caliper] [ethereum-connector] 	Failed tx on simple calling method query nonce undefined
2026.03.02-03:07:06.416[31m error[39m [caliper] [ethereum-connector] 	Error: Returned values aren't valid, did it run Out of Gas? You might also see this error if you are not using the correct ABI for the contract you are retrieving data from, requesting data from a block number that does not exist, or querying a node which is not fully synced.
2026.03.02-03:07:06.426[31m error[39m [caliper] [ethereum-connector] 	Failed tx on simple calling method query nonce undefined
2026.03.02-03:07:06.426[31m error[39m [caliper] [ethereum-connector] 	Error: Returned values aren't valid, did it run Out of Gas? You might also see this error if you are not using the correct ABI for the contract you are retrieving data from, requesting data from a block number that does not exist, or querying a node which is not fully synced.
2026.03.02-03:07:06.434[31m error[39m [caliper] [ethereum-connector] 	Failed tx on simple calling method query nonce undefined
2026.03.02-03:07:06.435[31m error[39m [caliper] [ethereum-connector] 	Error: Returned values aren't valid, did it run Out of Gas? You might also see this error if you are not using the correct ABI for the contract you are retrieving data from, requesting data from a block number that does not exist, or querying a node which is not fully synced.
2026.03.02-03:07:06.445[31m error[39m [caliper] [ethereum-connector] 	Failed tx on simple calling method query nonce undefined
2026.03.02-03:07:06.445[31m error[39m [caliper] [ethereum-connector] 	Error: Returned values aren't valid, did it run Out of Gas? You might also see this error if you are not using the correct ABI for the contract you are retrieving data from, requesting data from a block number that does not exist, or querying a node which is not fully synced.
2026.03.02-03:07:06.454[31m error[39m [caliper] [ethereum-connector] 	Failed tx on simple calling method query nonce undefined
2026.03.02-03:07:06.454[31m error[39m [caliper] [ethereum-connector] 	Error: Returned values aren't valid, did it run Out of Gas? You might also see this error if you are not using the correct ABI for the contract you are retrieving data from, requesting data from a block number that does not exist, or querying a node which is not fully synced.
2026.03.02-03:07:06.465[31m error[39m [caliper] [ethereum-connector] 	Failed tx on simple calling method query nonce undefined
2026.03.02-03:07:06.465[31m error[39m [caliper] [ethereum-connector] 	Error: Returned values aren't valid, did it run Out of Gas? You might also see this error if you are not using the correct ABI for the contract you are retrieving data from, requesting data from a block number that does not exist, or querying a node which is not fully synced.
2026.03.02-03:07:06.475[31m error[39m [caliper] [ethereum-connector] 	Failed tx on simple calling method query nonce undefined
2026.03.02-03:07:06.476[31m error[39m [caliper] [ethereum-connector] 	Error: Returned values aren't valid, did it run Out of Gas? You might also see this error if you are not using the correct ABI for the contract you are retrieving data from, requesting data from a block number that does not exist, or querying a node which is not fully synced.
2026.03.02-03:07:06.485[31m error[39m [caliper] [ethereum-connector] 	Failed tx on simple calling method query nonce undefined
2026.03.02-03:07:06.485[31m error[39m [caliper] [ethereum-connector] 	Error: Returned values aren't valid, did it run Out of Gas? You might also see this error if you are not using the correct ABI for the contract you are retrieving data from, requesting data from a block number that does not exist, or querying a node which is not fully synced.
2026.03.02-03:07:06.494[31m error[39m [caliper] [ethereum-connector] 	Failed tx on simple calling method query nonce undefined
2026.03.02-03:07:06.494[31m error[39m [caliper] [ethereum-connector] 	Error: Returned values aren't valid, did it run Out of Gas? You might also see this error if you are not using the correct ABI for the contract you are retrieving data from, requesting data from a block number that does not exist, or querying a node which is not fully synced.
2026.03.02-03:07:06.505[31m error[39m [caliper] [ethereum-connector] 	Failed tx on simple calling method query nonce undefined
2026.03.02-03:07:06.505[31m error[39m [caliper] [ethereum-connector] 	Error: Returned values aren't valid, did it run Out of Gas? You might also see this error if you are not using the correct ABI for the contract you are retrieving data from, requesting data from a block number that does not exist, or querying a node which is not fully synced.
2026.03.02-03:07:06.515[31m error[39m [caliper] [ethereum-connector] 	Failed tx on simple calling method query nonce undefined
2026.03.02-03:07:06.515[31m error[39m [caliper] [ethereum-connector] 	Error: Returned values aren't valid, did it run Out of Gas? You might also see this error if you are not using the correct ABI for the contract you are retrieving data from, requesting data from a block number that does not exist, or querying a node which is not fully synced.
2026.03.02-03:07:06.526[31m error[39m [caliper] [ethereum-connector] 	Failed tx on simple calling method query nonce undefined
2026.03.02-03:07:06.526[31m error[39m [caliper] [ethereum-connector] 	Error: Returned values aren't valid, did it run Out of Gas? You might also see this error if you are not using the correct ABI for the contract you are retrieving data from, requesting data from a block number that does not exist, or querying a node which is not fully synced.
2026.03.02-03:07:06.535[31m error[39m [caliper] [ethereum-connector] 	Failed tx on simple calling method query nonce undefined
2026.03.02-03:07:06.535[31m error[39m [caliper] [ethereum-connector] 	Error: Returned values aren't valid, did it run Out of Gas? You might also see this error if you are not using the correct ABI for the contract you are retrieving data from, requesting data from a block number that does not exist, or querying a node which is not fully synced.
2026.03.02-03:07:06.544[31m error[39m [caliper] [ethereum-connector] 	Failed tx on simple calling method query nonce undefined
2026.03.02-03:07:06.544[31m error[39m [caliper] [ethereum-connector] 	Error: Returned values aren't valid, did it run Out of Gas? You might also see this error if you are not using the correct ABI for the contract you are retrieving data from, requesting data from a block number that does not exist, or querying a node which is not fully synced.
2026.03.02-03:07:06.556[31m error[39m [caliper] [ethereum-connector] 	Failed tx on simple calling method query nonce undefined
2026.03.02-03:07:06.556[31m error[39m [caliper] [ethereum-connector] 	Error: Returned values aren't valid, did it run Out of Gas? You might also see this error if you are not using the correct ABI for the contract you are retrieving data from, requesting data from a block number that does not exist, or querying a node which is not fully synced.
2026.03.02-03:07:06.565[31m error[39m [caliper] [ethereum-connector] 	Failed tx on simple calling method query nonce undefined
2026.03.02-03:07:06.565[31m error[39m [caliper] [ethereum-connector] 	Error: Returned values aren't valid, did it run Out of Gas? You might also see this error if you are not using the correct ABI for the contract you are retrieving data from, requesting data from a block number that does not exist, or querying a node which is not fully synced.
2026.03.02-03:07:06.575[31m error[39m [caliper] [ethereum-connector] 	Failed tx on simple calling method query nonce undefined
2026.03.02-03:07:06.575[31m error[39m [caliper] [ethereum-connector] 	Error: Returned values aren't valid, did it run Out of Gas? You might also see this error if you are not using the correct ABI for the contract you are retrieving data from, requesting data from a block number that does not exist, or querying a node which is not fully synced.
2026.03.02-03:07:06.586[31m error[39m [caliper] [ethereum-connector] 	Failed tx on simple calling method query nonce undefined
2026.03.02-03:07:06.586[31m error[39m [caliper] [ethereum-connector] 	Error: Returned values aren't valid, did it run Out of Gas? You might also see this error if you are not using the correct ABI for the contract you are retrieving data from, requesting data from a block number that does not exist, or querying a node which is not fully synced.
2026.03.02-03:07:06.594[31m error[39m [caliper] [ethereum-connector] 	Failed tx on simple calling method query nonce undefined
2026.03.02-03:07:06.594[31m error[39m [caliper] [ethereum-connector] 	Error: Returned values aren't valid, did it run Out of Gas? You might also see this error if you are not using the correct ABI for the contract you are retrieving data from, requesting data from a block number that does not exist, or querying a node which is not fully synced.
2026.03.02-03:07:06.606[31m error[39m [caliper] [ethereum-connector] 	Failed tx on simple calling method query nonce undefined
2026.03.02-03:07:06.606[31m error[39m [caliper] [ethereum-connector] 	Error: Returned values aren't valid, did it run Out of Gas? You might also see this error if you are not using the correct ABI for the contract you are retrieving data from, requesting data from a block number that does not exist, or querying a node which is not fully synced.
2026.03.02-03:07:06.614[31m error[39m [caliper] [ethereum-connector] 	Failed tx on simple calling method query nonce undefined
2026.03.02-03:07:06.614[31m error[39m [caliper] [ethereum-connector] 	Error: Returned values aren't valid, did it run Out of Gas? You might also see this error if you are not using the correct ABI for the contract you are retrieving data from, requesting data from a block number that does not exist, or querying a node which is not fully synced.
2026.03.02-03:07:06.625[31m error[39m [caliper] [ethereum-connector] 	Failed tx on simple calling method query nonce undefined
2026.03.02-03:07:06.625[31m error[39m [caliper] [ethereum-connector] 	Error: Returned values aren't valid, did it run Out of Gas? You might also see this error if you are not using the correct ABI for the contract you are retrieving data from, requesting data from a block number that does not exist, or querying a node which is not fully synced.
2026.03.02-03:07:06.635[31m error[39m [caliper] [ethereum-connector] 	Failed tx on simple calling method query nonce undefined
2026.03.02-03:07:06.635[31m error[39m [caliper] [ethereum-connector] 	Error: Returned values aren't valid, did it run Out of Gas? You might also see this error if you are not using the correct ABI for the contract you are retrieving data from, requesting data from a block number that does not exist, or querying a node which is not fully synced.
2026.03.02-03:07:06.645[31m error[39m [caliper] [ethereum-connector] 	Failed tx on simple calling method query nonce undefined
2026.03.02-03:07:06.646[31m error[39m [caliper] [ethereum-connector] 	Error: Returned values aren't valid, did it run Out of Gas? You might also see this error if you are not using the correct ABI for the contract you are retrieving data from, requesting data from a block number that does not exist, or querying a node which is not fully synced.
2026.03.02-03:07:06.655[31m error[39m [caliper] [ethereum-connector] 	Failed tx on simple calling method query nonce undefined
2026.03.02-03:07:06.655[31m error[39m [caliper] [ethereum-connector] 	Error: Returned values aren't valid, did it run Out of Gas? You might also see this error if you are not using the correct ABI for the contract you are retrieving data from, requesting data from a block number that does not exist, or querying a node which is not fully synced.
2026.03.02-03:07:06.664[31m error[39m [caliper] [ethereum-connector] 	Failed tx on simple calling method query nonce undefined
2026.03.02-03:07:06.664[31m error[39m [caliper] [ethereum-connector] 	Error: Returned values aren't valid, did it run Out of Gas? You might also see this error if you are not using the correct ABI for the contract you are retrieving data from, requesting data from a block number that does not exist, or querying a node which is not fully synced.
2026.03.02-03:07:06.675[31m error[39m [caliper] [ethereum-connector] 	Failed tx on simple calling method query nonce undefined
2026.03.02-03:07:06.675[31m error[39m [caliper] [ethereum-connector] 	Error: Returned values aren't valid, did it run Out of Gas? You might also see this error if you are not using the correct ABI for the contract you are retrieving data from, requesting data from a block number that does not exist, or querying a node which is not fully synced.
2026.03.02-03:07:06.685[31m error[39m [caliper] [ethereum-connector] 	Failed tx on simple calling method query nonce undefined
2026.03.02-03:07:06.686[31m error[39m [caliper] [ethereum-connector] 	Error: Returned values aren't valid, did it run Out of Gas? You might also see this error if you are not using the correct ABI for the contract you are retrieving data from, requesting data from a block number that does not exist, or querying a node which is not fully synced.
2026.03.02-03:07:06.696[31m error[39m [caliper] [ethereum-connector] 	Failed tx on simple calling method query nonce undefined
2026.03.02-03:07:06.696[31m error[39m [caliper] [ethereum-connector] 	Error: Returned values aren't valid, did it run Out of Gas? You might also see this error if you are not using the correct ABI for the contract you are retrieving data from, requesting data from a block number that does not exist, or querying a node which is not fully synced.
2026.03.02-03:07:06.706[31m error[39m [caliper] [ethereum-connector] 	Failed tx on simple calling method query nonce undefined
2026.03.02-03:07:06.706[31m error[39m [caliper] [ethereum-connector] 	Error: Returned values aren't valid, did it run Out of Gas? You might also see this error if you are not using the correct ABI for the contract you are retrieving data from, requesting data from a block number that does not exist, or querying a node which is not fully synced.
2026.03.02-03:07:06.715[31m error[39m [caliper] [ethereum-connector] 	Failed tx on simple calling method query nonce undefined
2026.03.02-03:07:06.715[31m error[39m [caliper] [ethereum-connector] 	Error: Returned values aren't valid, did it run Out of Gas? You might also see this error if you are not using the correct ABI for the contract you are retrieving data from, requesting data from a block number that does not exist, or querying a node which is not fully synced.
2026.03.02-03:07:06.725[31m error[39m [caliper] [ethereum-connector] 	Failed tx on simple calling method query nonce undefined
2026.03.02-03:07:06.725[31m error[39m [caliper] [ethereum-connector] 	Error: Returned values aren't valid, did it run Out of Gas? You might also see this error if you are not using the correct ABI for the contract you are retrieving data from, requesting data from a block number that does not exist, or querying a node which is not fully synced.
2026.03.02-03:07:06.736[31m error[39m [caliper] [ethereum-connector] 	Failed tx on simple calling method query nonce undefined
2026.03.02-03:07:06.737[31m error[39m [caliper] [ethereum-connector] 	Error: Returned values aren't valid, did it run Out of Gas? You might also see this error if you are not using the correct ABI for the contract you are retrieving data from, requesting data from a block number that does not exist, or querying a node which is not fully synced.
2026.03.02-03:07:06.745[31m error[39m [caliper] [ethereum-connector] 	Failed tx on simple calling method query nonce undefined
2026.03.02-03:07:06.745[31m error[39m [caliper] [ethereum-connector] 	Error: Returned values aren't valid, did it run Out of Gas? You might also see this error if you are not using the correct ABI for the contract you are retrieving data from, requesting data from a block number that does not exist, or querying a node which is not fully synced.
2026.03.02-03:07:06.756[31m error[39m [caliper] [ethereum-connector] 	Failed tx on simple calling method query nonce undefined
2026.03.02-03:07:06.756[31m error[39m [caliper] [ethereum-connector] 	Error: Returned values aren't valid, did it run Out of Gas? You might also see this error if you are not using the correct ABI for the contract you are retrieving data from, requesting data from a block number that does not exist, or querying a node which is not fully synced.
2026.03.02-03:07:06.765[31m error[39m [caliper] [ethereum-connector] 	Failed tx on simple calling method query nonce undefined
2026.03.02-03:07:06.766[31m error[39m [caliper] [ethereum-connector] 	Error: Returned values aren't valid, did it run Out of Gas? You might also see this error if you are not using the correct ABI for the contract you are retrieving data from, requesting data from a block number that does not exist, or querying a node which is not fully synced.
2026.03.02-03:07:06.775[31m error[39m [caliper] [ethereum-connector] 	Failed tx on simple calling method query nonce undefined
2026.03.02-03:07:06.775[31m error[39m [caliper] [ethereum-connector] 	Error: Returned values aren't valid, did it run Out of Gas? You might also see this error if you are not using the correct ABI for the contract you are retrieving data from, requesting data from a block number that does not exist, or querying a node which is not fully synced.
2026.03.02-03:07:06.786[31m error[39m [caliper] [ethereum-connector] 	Failed tx on simple calling method query nonce undefined
2026.03.02-03:07:06.786[31m error[39m [caliper] [ethereum-connector] 	Error: Returned values aren't valid, did it run Out of Gas? You might also see this error if you are not using the correct ABI for the contract you are retrieving data from, requesting data from a block number that does not exist, or querying a node which is not fully synced.
2026.03.02-03:07:06.796[31m error[39m [caliper] [ethereum-connector] 	Failed tx on simple calling method query nonce undefined
2026.03.02-03:07:06.797[31m error[39m [caliper] [ethereum-connector] 	Error: Returned values aren't valid, did it run Out of Gas? You might also see this error if you are not using the correct ABI for the contract you are retrieving data from, requesting data from a block number that does not exist, or querying a node which is not fully synced.
2026.03.02-03:07:06.806[31m error[39m [caliper] [ethereum-connector] 	Failed tx on simple calling method query nonce undefined
2026.03.02-03:07:06.806[31m error[39m [caliper] [ethereum-connector] 	Error: Returned values aren't valid, did it run Out of Gas? You might also see this error if you are not using the correct ABI for the contract you are retrieving data from, requesting data from a block number that does not exist, or querying a node which is not fully synced.
2026.03.02-03:07:06.815[31m error[39m [caliper] [ethereum-connector] 	Failed tx on simple calling method query nonce undefined
2026.03.02-03:07:06.816[31m error[39m [caliper] [ethereum-connector] 	Error: Returned values aren't valid, did it run Out of Gas? You might also see this error if you are not using the correct ABI for the contract you are retrieving data from, requesting data from a block number that does not exist, or querying a node which is not fully synced.
2026.03.02-03:07:06.825[31m error[39m [caliper] [ethereum-connector] 	Failed tx on simple calling method query nonce undefined
2026.03.02-03:07:06.825[31m error[39m [caliper] [ethereum-connector] 	Error: Returned values aren't valid, did it run Out of Gas? You might also see this error if you are not using the correct ABI for the contract you are retrieving data from, requesting data from a block number that does not exist, or querying a node which is not fully synced.
2026.03.02-03:07:06.834[31m error[39m [caliper] [ethereum-connector] 	Failed tx on simple calling method query nonce undefined
2026.03.02-03:07:06.834[31m error[39m [caliper] [ethereum-connector] 	Error: Returned values aren't valid, did it run Out of Gas? You might also see this error if you are not using the correct ABI for the contract you are retrieving data from, requesting data from a block number that does not exist, or querying a node which is not fully synced.
2026.03.02-03:07:06.845[31m error[39m [caliper] [ethereum-connector] 	Failed tx on simple calling method query nonce undefined
2026.03.02-03:07:06.845[31m error[39m [caliper] [ethereum-connector] 	Error: Returned values aren't valid, did it run Out of Gas? You might also see this error if you are not using the correct ABI for the contract you are retrieving data from, requesting data from a block number that does not exist, or querying a node which is not fully synced.
2026.03.02-03:07:06.856[31m error[39m [caliper] [ethereum-connector] 	Failed tx on simple calling method query nonce undefined
2026.03.02-03:07:06.856[31m error[39m [caliper] [ethereum-connector] 	Error: Returned values aren't valid, did it run Out of Gas? You might also see this error if you are not using the correct ABI for the contract you are retrieving data from, requesting data from a block number that does not exist, or querying a node which is not fully synced.
2026.03.02-03:07:06.865[31m error[39m [caliper] [ethereum-connector] 	Failed tx on simple calling method query nonce undefined
2026.03.02-03:07:06.865[31m error[39m [caliper] [ethereum-connector] 	Error: Returned values aren't valid, did it run Out of Gas? You might also see this error if you are not using the correct ABI for the contract you are retrieving data from, requesting data from a block number that does not exist, or querying a node which is not fully synced.
2026.03.02-03:07:06.876[31m error[39m [caliper] [ethereum-connector] 	Failed tx on simple calling method query nonce undefined
2026.03.02-03:07:06.876[31m error[39m [caliper] [ethereum-connector] 	Error: Returned values aren't valid, did it run Out of Gas? You might also see this error if you are not using the correct ABI for the contract you are retrieving data from, requesting data from a block number that does not exist, or querying a node which is not fully synced.
2026.03.02-03:07:06.884[31m error[39m [caliper] [ethereum-connector] 	Failed tx on simple calling method query nonce undefined
2026.03.02-03:07:06.884[31m error[39m [caliper] [ethereum-connector] 	Error: Returned values aren't valid, did it run Out of Gas? You might also see this error if you are not using the correct ABI for the contract you are retrieving data from, requesting data from a block number that does not exist, or querying a node which is not fully synced.
2026.03.02-03:07:06.895[31m error[39m [caliper] [ethereum-connector] 	Failed tx on simple calling method query nonce undefined
2026.03.02-03:07:06.895[31m error[39m [caliper] [ethereum-connector] 	Error: Returned values aren't valid, did it run Out of Gas? You might also see this error if you are not using the correct ABI for the contract you are retrieving data from, requesting data from a block number that does not exist, or querying a node which is not fully synced.
2026.03.02-03:07:06.905[31m error[39m [caliper] [ethereum-connector] 	Failed tx on simple calling method query nonce undefined
2026.03.02-03:07:06.905[31m error[39m [caliper] [ethereum-connector] 	Error: Returned values aren't valid, did it run Out of Gas? You might also see this error if you are not using the correct ABI for the contract you are retrieving data from, requesting data from a block number that does not exist, or querying a node which is not fully synced.
2026.03.02-03:07:06.914[31m error[39m [caliper] [ethereum-connector] 	Failed tx on simple calling method query nonce undefined
2026.03.02-03:07:06.914[31m error[39m [caliper] [ethereum-connector] 	Error: Returned values aren't valid, did it run Out of Gas? You might also see this error if you are not using the correct ABI for the contract you are retrieving data from, requesting data from a block number that does not exist, or querying a node which is not fully synced.
2026.03.02-03:07:06.925[31m error[39m [caliper] [ethereum-connector] 	Failed tx on simple calling method query nonce undefined
2026.03.02-03:07:06.926[31m error[39m [caliper] [ethereum-connector] 	Error: Returned values aren't valid, did it run Out of Gas? You might also see this error if you are not using the correct ABI for the contract you are retrieving data from, requesting data from a block number that does not exist, or querying a node which is not fully synced.
2026.03.02-03:07:06.935[31m error[39m [caliper] [ethereum-connector] 	Failed tx on simple calling method query nonce undefined
2026.03.02-03:07:06.935[31m error[39m [caliper] [ethereum-connector] 	Error: Returned values aren't valid, did it run Out of Gas? You might also see this error if you are not using the correct ABI for the contract you are retrieving data from, requesting data from a block number that does not exist, or querying a node which is not fully synced.
2026.03.02-03:07:06.944[31m error[39m [caliper] [ethereum-connector] 	Failed tx on simple calling method query nonce undefined
2026.03.02-03:07:06.944[31m error[39m [caliper] [ethereum-connector] 	Error: Returned values aren't valid, did it run Out of Gas? You might also see this error if you are not using the correct ABI for the contract you are retrieving data from, requesting data from a block number that does not exist, or querying a node which is not fully synced.
2026.03.02-03:07:06.955[31m error[39m [caliper] [ethereum-connector] 	Failed tx on simple calling method query nonce undefined
2026.03.02-03:07:06.956[31m error[39m [caliper] [ethereum-connector] 	Error: Returned values aren't valid, did it run Out of Gas? You might also see this error if you are not using the correct ABI for the contract you are retrieving data from, requesting data from a block number that does not exist, or querying a node which is not fully synced.
2026.03.02-03:07:06.965[31m error[39m [caliper] [ethereum-connector] 	Failed tx on simple calling method query nonce undefined
2026.03.02-03:07:06.965[31m error[39m [caliper] [ethereum-connector] 	Error: Returned values aren't valid, did it run Out of Gas? You might also see this error if you are not using the correct ABI for the contract you are retrieving data from, requesting data from a block number that does not exist, or querying a node which is not fully synced.
2026.03.02-03:07:06.974[31m error[39m [caliper] [ethereum-connector] 	Failed tx on simple calling method query nonce undefined
2026.03.02-03:07:06.974[31m error[39m [caliper] [ethereum-connector] 	Error: Returned values aren't valid, did it run Out of Gas? You might also see this error if you are not using the correct ABI for the contract you are retrieving data from, requesting data from a block number that does not exist, or querying a node which is not fully synced.
2026.03.02-03:07:06.985[31m error[39m [caliper] [ethereum-connector] 	Failed tx on simple calling method query nonce undefined
2026.03.02-03:07:06.986[31m error[39m [caliper] [ethereum-connector] 	Error: Returned values aren't valid, did it run Out of Gas? You might also see this error if you are not using the correct ABI for the contract you are retrieving data from, requesting data from a block number that does not exist, or querying a node which is not fully synced.
2026.03.02-03:07:06.994[31m error[39m [caliper] [ethereum-connector] 	Failed tx on simple calling method query nonce undefined
2026.03.02-03:07:06.994[31m error[39m [caliper] [ethereum-connector] 	Error: Returned values aren't valid, did it run Out of Gas? You might also see this error if you are not using the correct ABI for the contract you are retrieving data from, requesting data from a block number that does not exist, or querying a node which is not fully synced.
2026.03.02-03:07:07.005[31m error[39m [caliper] [ethereum-connector] 	Failed tx on simple calling method query nonce undefined
2026.03.02-03:07:07.005[31m error[39m [caliper] [ethereum-connector] 	Error: Returned values aren't valid, did it run Out of Gas? You might also see this error if you are not using the correct ABI for the contract you are retrieving data from, requesting data from a block number that does not exist, or querying a node which is not fully synced.
2026.03.02-03:07:07.015[31m error[39m [caliper] [ethereum-connector] 	Failed tx on simple calling method query nonce undefined
2026.03.02-03:07:07.015[31m error[39m [caliper] [ethereum-connector] 	Error: Returned values aren't valid, did it run Out of Gas? You might also see this error if you are not using the correct ABI for the contract you are retrieving data from, requesting data from a block number that does not exist, or querying a node which is not fully synced.
2026.03.02-03:07:07.025[31m error[39m [caliper] [ethereum-connector] 	Failed tx on simple calling method query nonce undefined
2026.03.02-03:07:07.025[31m error[39m [caliper] [ethereum-connector] 	Error: Returned values aren't valid, did it run Out of Gas? You might also see this error if you are not using the correct ABI for the contract you are retrieving data from, requesting data from a block number that does not exist, or querying a node which is not fully synced.
2026.03.02-03:07:07.036[31m error[39m [caliper] [ethereum-connector] 	Failed tx on simple calling method query nonce undefined
2026.03.02-03:07:07.036[31m error[39m [caliper] [ethereum-connector] 	Error: Returned values aren't valid, did it run Out of Gas? You might also see this error if you are not using the correct ABI for the contract you are retrieving data from, requesting data from a block number that does not exist, or querying a node which is not fully synced.
2026.03.02-03:07:07.045[31m error[39m [caliper] [ethereum-connector] 	Failed tx on simple calling method query nonce undefined
2026.03.02-03:07:07.045[31m error[39m [caliper] [ethereum-connector] 	Error: Returned values aren't valid, did it run Out of Gas? You might also see this error if you are not using the correct ABI for the contract you are retrieving data from, requesting data from a block number that does not exist, or querying a node which is not fully synced.
2026.03.02-03:07:07.055[31m error[39m [caliper] [ethereum-connector] 	Failed tx on simple calling method query nonce undefined
2026.03.02-03:07:07.055[31m error[39m [caliper] [ethereum-connector] 	Error: Returned values aren't valid, did it run Out of Gas? You might also see this error if you are not using the correct ABI for the contract you are retrieving data from, requesting data from a block number that does not exist, or querying a node which is not fully synced.
2026.03.02-03:07:07.065[31m error[39m [caliper] [ethereum-connector] 	Failed tx on simple calling method query nonce undefined
2026.03.02-03:07:07.066[31m error[39m [caliper] [ethereum-connector] 	Error: Returned values aren't valid, did it run Out of Gas? You might also see this error if you are not using the correct ABI for the contract you are retrieving data from, requesting data from a block number that does not exist, or querying a node which is not fully synced.
2026.03.02-03:07:07.075[31m error[39m [caliper] [ethereum-connector] 	Failed tx on simple calling method query nonce undefined
2026.03.02-03:07:07.075[31m error[39m [caliper] [ethereum-connector] 	Error: Returned values aren't valid, did it run Out of Gas? You might also see this error if you are not using the correct ABI for the contract you are retrieving data from, requesting data from a block number that does not exist, or querying a node which is not fully synced.
2026.03.02-03:07:07.083[31m error[39m [caliper] [ethereum-connector] 	Failed tx on simple calling method query nonce undefined
2026.03.02-03:07:07.083[31m error[39m [caliper] [ethereum-connector] 	Error: Returned values aren't valid, did it run Out of Gas? You might also see this error if you are not using the correct ABI for the contract you are retrieving data from, requesting data from a block number that does not exist, or querying a node which is not fully synced.
2026.03.02-03:07:07.095[31m error[39m [caliper] [ethereum-connector] 	Failed tx on simple calling method query nonce undefined
2026.03.02-03:07:07.095[31m error[39m [caliper] [ethereum-connector] 	Error: Returned values aren't valid, did it run Out of Gas? You might also see this error if you are not using the correct ABI for the contract you are retrieving data from, requesting data from a block number that does not exist, or querying a node which is not fully synced.
2026.03.02-03:07:07.105[31m error[39m [caliper] [ethereum-connector] 	Failed tx on simple calling method query nonce undefined
2026.03.02-03:07:07.106[31m error[39m [caliper] [ethereum-connector] 	Error: Returned values aren't valid, did it run Out of Gas? You might also see this error if you are not using the correct ABI for the contract you are retrieving data from, requesting data from a block number that does not exist, or querying a node which is not fully synced.
2026.03.02-03:07:07.115[31m error[39m [caliper] [ethereum-connector] 	Failed tx on simple calling method query nonce undefined
2026.03.02-03:07:07.115[31m error[39m [caliper] [ethereum-connector] 	Error: Returned values aren't valid, did it run Out of Gas? You might also see this error if you are not using the correct ABI for the contract you are retrieving data from, requesting data from a block number that does not exist, or querying a node which is not fully synced.
2026.03.02-03:07:07.124[31m error[39m [caliper] [ethereum-connector] 	Failed tx on simple calling method query nonce undefined
2026.03.02-03:07:07.124[31m error[39m [caliper] [ethereum-connector] 	Error: Returned values aren't valid, did it run Out of Gas? You might also see this error if you are not using the correct ABI for the contract you are retrieving data from, requesting data from a block number that does not exist, or querying a node which is not fully synced.
2026.03.02-03:07:07.135[31m error[39m [caliper] [ethereum-connector] 	Failed tx on simple calling method query nonce undefined
2026.03.02-03:07:07.136[31m error[39m [caliper] [ethereum-connector] 	Error: Returned values aren't valid, did it run Out of Gas? You might also see this error if you are not using the correct ABI for the contract you are retrieving data from, requesting data from a block number that does not exist, or querying a node which is not fully synced.
2026.03.02-03:07:07.145[31m error[39m [caliper] [ethereum-connector] 	Failed tx on simple calling method query nonce undefined
2026.03.02-03:07:07.145[31m error[39m [caliper] [ethereum-connector] 	Error: Returned values aren't valid, did it run Out of Gas? You might also see this error if you are not using the correct ABI for the contract you are retrieving data from, requesting data from a block number that does not exist, or querying a node which is not fully synced.
2026.03.02-03:07:07.154[31m error[39m [caliper] [ethereum-connector] 	Failed tx on simple calling method query nonce undefined
2026.03.02-03:07:07.154[31m error[39m [caliper] [ethereum-connector] 	Error: Returned values aren't valid, did it run Out of Gas? You might also see this error if you are not using the correct ABI for the contract you are retrieving data from, requesting data from a block number that does not exist, or querying a node which is not fully synced.
2026.03.02-03:07:07.165[31m error[39m [caliper] [ethereum-connector] 	Failed tx on simple calling method query nonce undefined
2026.03.02-03:07:07.165[31m error[39m [caliper] [ethereum-connector] 	Error: Returned values aren't valid, did it run Out of Gas? You might also see this error if you are not using the correct ABI for the contract you are retrieving data from, requesting data from a block number that does not exist, or querying a node which is not fully synced.
2026.03.02-03:07:07.175[31m error[39m [caliper] [ethereum-connector] 	Failed tx on simple calling method query nonce undefined
2026.03.02-03:07:07.176[31m error[39m [caliper] [ethereum-connector] 	Error: Returned values aren't valid, did it run Out of Gas? You might also see this error if you are not using the correct ABI for the contract you are retrieving data from, requesting data from a block number that does not exist, or querying a node which is not fully synced.
2026.03.02-03:07:07.185[31m error[39m [caliper] [ethereum-connector] 	Failed tx on simple calling method query nonce undefined
2026.03.02-03:07:07.185[31m error[39m [caliper] [ethereum-connector] 	Error: Returned values aren't valid, did it run Out of Gas? You might also see this error if you are not using the correct ABI for the contract you are retrieving data from, requesting data from a block number that does not exist, or querying a node which is not fully synced.
2026.03.02-03:07:07.194[31m error[39m [caliper] [ethereum-connector] 	Failed tx on simple calling method query nonce undefined
2026.03.02-03:07:07.194[31m error[39m [caliper] [ethereum-connector] 	Error: Returned values aren't valid, did it run Out of Gas? You might also see this error if you are not using the correct ABI for the contract you are retrieving data from, requesting data from a block number that does not exist, or querying a node which is not fully synced.
2026.03.02-03:07:07.205[31m error[39m [caliper] [ethereum-connector] 	Failed tx on simple calling method query nonce undefined
2026.03.02-03:07:07.206[31m error[39m [caliper] [ethereum-connector] 	Error: Returned values aren't valid, did it run Out of Gas? You might also see this error if you are not using the correct ABI for the contract you are retrieving data from, requesting data from a block number that does not exist, or querying a node which is not fully synced.
2026.03.02-03:07:07.215[31m error[39m [caliper] [ethereum-connector] 	Failed tx on simple calling method query nonce undefined
2026.03.02-03:07:07.215[31m error[39m [caliper] [ethereum-connector] 	Error: Returned values aren't valid, did it run Out of Gas? You might also see this error if you are not using the correct ABI for the contract you are retrieving data from, requesting data from a block number that does not exist, or querying a node which is not fully synced.
2026.03.02-03:07:07.226[31m error[39m [caliper] [ethereum-connector] 	Failed tx on simple calling method query nonce undefined
2026.03.02-03:07:07.226[31m error[39m [caliper] [ethereum-connector] 	Error: Returned values aren't valid, did it run Out of Gas? You might also see this error if you are not using the correct ABI for the contract you are retrieving data from, requesting data from a block number that does not exist, or querying a node which is not fully synced.
2026.03.02-03:07:07.235[31m error[39m [caliper] [ethereum-connector] 	Failed tx on simple calling method query nonce undefined
2026.03.02-03:07:07.235[31m error[39m [caliper] [ethereum-connector] 	Error: Returned values aren't valid, did it run Out of Gas? You might also see this error if you are not using the correct ABI for the contract you are retrieving data from, requesting data from a block number that does not exist, or querying a node which is not fully synced.
2026.03.02-03:07:07.246[31m error[39m [caliper] [ethereum-connector] 	Failed tx on simple calling method query nonce undefined
2026.03.02-03:07:07.246[31m error[39m [caliper] [ethereum-connector] 	Error: Returned values aren't valid, did it run Out of Gas? You might also see this error if you are not using the correct ABI for the contract you are retrieving data from, requesting data from a block number that does not exist, or querying a node which is not fully synced.
2026.03.02-03:07:07.253[31m error[39m [caliper] [ethereum-connector] 	Failed tx on simple calling method query nonce undefined
2026.03.02-03:07:07.253[31m error[39m [caliper] [ethereum-connector] 	Error: Returned values aren't valid, did it run Out of Gas? You might also see this error if you are not using the correct ABI for the contract you are retrieving data from, requesting data from a block number that does not exist, or querying a node which is not fully synced.
2026.03.02-03:07:07.265[31m error[39m [caliper] [ethereum-connector] 	Failed tx on simple calling method query nonce undefined
2026.03.02-03:07:07.266[31m error[39m [caliper] [ethereum-connector] 	Error: Returned values aren't valid, did it run Out of Gas? You might also see this error if you are not using the correct ABI for the contract you are retrieving data from, requesting data from a block number that does not exist, or querying a node which is not fully synced.
2026.03.02-03:07:07.275[31m error[39m [caliper] [ethereum-connector] 	Failed tx on simple calling method query nonce undefined
2026.03.02-03:07:07.275[31m error[39m [caliper] [ethereum-connector] 	Error: Returned values aren't valid, did it run Out of Gas? You might also see this error if you are not using the correct ABI for the contract you are retrieving data from, requesting data from a block number that does not exist, or querying a node which is not fully synced.
2026.03.02-03:07:07.284[31m error[39m [caliper] [ethereum-connector] 	Failed tx on simple calling method query nonce undefined
2026.03.02-03:07:07.284[31m error[39m [caliper] [ethereum-connector] 	Error: Returned values aren't valid, did it run Out of Gas? You might also see this error if you are not using the correct ABI for the contract you are retrieving data from, requesting data from a block number that does not exist, or querying a node which is not fully synced.
2026.03.02-03:07:07.295[31m error[39m [caliper] [ethereum-connector] 	Failed tx on simple calling method query nonce undefined
2026.03.02-03:07:07.295[31m error[39m [caliper] [ethereum-connector] 	Error: Returned values aren't valid, did it run Out of Gas? You might also see this error if you are not using the correct ABI for the contract you are retrieving data from, requesting data from a block number that does not exist, or querying a node which is not fully synced.
2026.03.02-03:07:07.304[31m error[39m [caliper] [ethereum-connector] 	Failed tx on simple calling method query nonce undefined
2026.03.02-03:07:07.305[31m error[39m [caliper] [ethereum-connector] 	Error: Returned values aren't valid, did it run Out of Gas? You might also see this error if you are not using the correct ABI for the contract you are retrieving data from, requesting data from a block number that does not exist, or querying a node which is not fully synced.
2026.03.02-03:07:07.315[31m error[39m [caliper] [ethereum-connector] 	Failed tx on simple calling method query nonce undefined
2026.03.02-03:07:07.315[31m error[39m [caliper] [ethereum-connector] 	Error: Returned values aren't valid, did it run Out of Gas? You might also see this error if you are not using the correct ABI for the contract you are retrieving data from, requesting data from a block number that does not exist, or querying a node which is not fully synced.
2026.03.02-03:07:07.325[31m error[39m [caliper] [ethereum-connector] 	Failed tx on simple calling method query nonce undefined
2026.03.02-03:07:07.325[31m error[39m [caliper] [ethereum-connector] 	Error: Returned values aren't valid, did it run Out of Gas? You might also see this error if you are not using the correct ABI for the contract you are retrieving data from, requesting data from a block number that does not exist, or querying a node which is not fully synced.
2026.03.02-03:07:07.335[31m error[39m [caliper] [ethereum-connector] 	Failed tx on simple calling method query nonce undefined
2026.03.02-03:07:07.336[31m error[39m [caliper] [ethereum-connector] 	Error: Returned values aren't valid, did it run Out of Gas? You might also see this error if you are not using the correct ABI for the contract you are retrieving data from, requesting data from a block number that does not exist, or querying a node which is not fully synced.
2026.03.02-03:07:07.345[31m error[39m [caliper] [ethereum-connector] 	Failed tx on simple calling method query nonce undefined
2026.03.02-03:07:07.345[31m error[39m [caliper] [ethereum-connector] 	Error: Returned values aren't valid, did it run Out of Gas? You might also see this error if you are not using the correct ABI for the contract you are retrieving data from, requesting data from a block number that does not exist, or querying a node which is not fully synced.
2026.03.02-03:07:07.354[31m error[39m [caliper] [ethereum-connector] 	Failed tx on simple calling method query nonce undefined
2026.03.02-03:07:07.355[31m error[39m [caliper] [ethereum-connector] 	Error: Returned values aren't valid, did it run Out of Gas? You might also see this error if you are not using the correct ABI for the contract you are retrieving data from, requesting data from a block number that does not exist, or querying a node which is not fully synced.
2026.03.02-03:07:07.365[31m error[39m [caliper] [ethereum-connector] 	Failed tx on simple calling method query nonce undefined
2026.03.02-03:07:07.365[31m error[39m [caliper] [ethereum-connector] 	Error: Returned values aren't valid, did it run Out of Gas? You might also see this error if you are not using the correct ABI for the contract you are retrieving data from, requesting data from a block number that does not exist, or querying a node which is not fully synced.
2026.03.02-03:07:07.375[31m error[39m [caliper] [ethereum-connector] 	Failed tx on simple calling method query nonce undefined
2026.03.02-03:07:07.375[31m error[39m [caliper] [ethereum-connector] 	Error: Returned values aren't valid, did it run Out of Gas? You might also see this error if you are not using the correct ABI for the contract you are retrieving data from, requesting data from a block number that does not exist, or querying a node which is not fully synced.
2026.03.02-03:07:07.385[31m error[39m [caliper] [ethereum-connector] 	Failed tx on simple calling method query nonce undefined
2026.03.02-03:07:07.385[31m error[39m [caliper] [ethereum-connector] 	Error: Returned values aren't valid, did it run Out of Gas? You might also see this error if you are not using the correct ABI for the contract you are retrieving data from, requesting data from a block number that does not exist, or querying a node which is not fully synced.
2026.03.02-03:07:07.395[31m error[39m [caliper] [ethereum-connector] 	Failed tx on simple calling method query nonce undefined
2026.03.02-03:07:07.395[31m error[39m [caliper] [ethereum-connector] 	Error: Returned values aren't valid, did it run Out of Gas? You might also see this error if you are not using the correct ABI for the contract you are retrieving data from, requesting data from a block number that does not exist, or querying a node which is not fully synced.
2026.03.02-03:07:07.405[31m error[39m [caliper] [ethereum-connector] 	Failed tx on simple calling method query nonce undefined
2026.03.02-03:07:07.405[31m error[39m [caliper] [ethereum-connector] 	Error: Returned values aren't valid, did it run Out of Gas? You might also see this error if you are not using the correct ABI for the contract you are retrieving data from, requesting data from a block number that does not exist, or querying a node which is not fully synced.
2026.03.02-03:07:07.415[31m error[39m [caliper] [ethereum-connector] 	Failed tx on simple calling method query nonce undefined
2026.03.02-03:07:07.415[31m error[39m [caliper] [ethereum-connector] 	Error: Returned values aren't valid, did it run Out of Gas? You might also see this error if you are not using the correct ABI for the contract you are retrieving data from, requesting data from a block number that does not exist, or querying a node which is not fully synced.
2026.03.02-03:07:07.425[31m error[39m [caliper] [ethereum-connector] 	Failed tx on simple calling method query nonce undefined
2026.03.02-03:07:07.425[31m error[39m [caliper] [ethereum-connector] 	Error: Returned values aren't valid, did it run Out of Gas? You might also see this error if you are not using the correct ABI for the contract you are retrieving data from, requesting data from a block number that does not exist, or querying a node which is not fully synced.
2026.03.02-03:07:07.435[31m error[39m [caliper] [ethereum-connector] 	Failed tx on simple calling method query nonce undefined
2026.03.02-03:07:07.436[31m error[39m [caliper] [ethereum-connector] 	Error: Returned values aren't valid, did it run Out of Gas? You might also see this error if you are not using the correct ABI for the contract you are retrieving data from, requesting data from a block number that does not exist, or querying a node which is not fully synced.
2026.03.02-03:07:07.445[31m error[39m [caliper] [ethereum-connector] 	Failed tx on simple calling method query nonce undefined
2026.03.02-03:07:07.445[31m error[39m [caliper] [ethereum-connector] 	Error: Returned values aren't valid, did it run Out of Gas? You might also see this error if you are not using the correct ABI for the contract you are retrieving data from, requesting data from a block number that does not exist, or querying a node which is not fully synced.
2026.03.02-03:07:07.455[31m error[39m [caliper] [ethereum-connector] 	Failed tx on simple calling method query nonce undefined
2026.03.02-03:07:07.455[31m error[39m [caliper] [ethereum-connector] 	Error: Returned values aren't valid, did it run Out of Gas? You might also see this error if you are not using the correct ABI for the contract you are retrieving data from, requesting data from a block number that does not exist, or querying a node which is not fully synced.
2026.03.02-03:07:07.466[31m error[39m [caliper] [ethereum-connector] 	Failed tx on simple calling method query nonce undefined
2026.03.02-03:07:07.466[31m error[39m [caliper] [ethereum-connector] 	Error: Returned values aren't valid, did it run Out of Gas? You might also see this error if you are not using the correct ABI for the contract you are retrieving data from, requesting data from a block number that does not exist, or querying a node which is not fully synced.
2026.03.02-03:07:07.474[31m error[39m [caliper] [ethereum-connector] 	Failed tx on simple calling method query nonce undefined
2026.03.02-03:07:07.474[31m error[39m [caliper] [ethereum-connector] 	Error: Returned values aren't valid, did it run Out of Gas? You might also see this error if you are not using the correct ABI for the contract you are retrieving data from, requesting data from a block number that does not exist, or querying a node which is not fully synced.
2026.03.02-03:07:07.485[31m error[39m [caliper] [ethereum-connector] 	Failed tx on simple calling method query nonce undefined
2026.03.02-03:07:07.486[31m error[39m [caliper] [ethereum-connector] 	Error: Returned values aren't valid, did it run Out of Gas? You might also see this error if you are not using the correct ABI for the contract you are retrieving data from, requesting data from a block number that does not exist, or querying a node which is not fully synced.
2026.03.02-03:07:07.496[31m error[39m [caliper] [ethereum-connector] 	Failed tx on simple calling method query nonce undefined
2026.03.02-03:07:07.496[31m error[39m [caliper] [ethereum-connector] 	Error: Returned values aren't valid, did it run Out of Gas? You might also see this error if you are not using the correct ABI for the contract you are retrieving data from, requesting data from a block number that does not exist, or querying a node which is not fully synced.
2026.03.02-03:07:07.505[31m error[39m [caliper] [ethereum-connector] 	Failed tx on simple calling method query nonce undefined
2026.03.02-03:07:07.505[31m error[39m [caliper] [ethereum-connector] 	Error: Returned values aren't valid, did it run Out of Gas? You might also see this error if you are not using the correct ABI for the contract you are retrieving data from, requesting data from a block number that does not exist, or querying a node which is not fully synced.
2026.03.02-03:07:07.516[31m error[39m [caliper] [ethereum-connector] 	Failed tx on simple calling method query nonce undefined
2026.03.02-03:07:07.516[31m error[39m [caliper] [ethereum-connector] 	Error: Returned values aren't valid, did it run Out of Gas? You might also see this error if you are not using the correct ABI for the contract you are retrieving data from, requesting data from a block number that does not exist, or querying a node which is not fully synced.
2026.03.02-03:07:07.525[31m error[39m [caliper] [ethereum-connector] 	Failed tx on simple calling method query nonce undefined
2026.03.02-03:07:07.526[31m error[39m [caliper] [ethereum-connector] 	Error: Returned values aren't valid, did it run Out of Gas? You might also see this error if you are not using the correct ABI for the contract you are retrieving data from, requesting data from a block number that does not exist, or querying a node which is not fully synced.
2026.03.02-03:07:07.535[31m error[39m [caliper] [ethereum-connector] 	Failed tx on simple calling method query nonce undefined
2026.03.02-03:07:07.535[31m error[39m [caliper] [ethereum-connector] 	Error: Returned values aren't valid, did it run Out of Gas? You might also see this error if you are not using the correct ABI for the contract you are retrieving data from, requesting data from a block number that does not exist, or querying a node which is not fully synced.
2026.03.02-03:07:07.545[31m error[39m [caliper] [ethereum-connector] 	Failed tx on simple calling method query nonce undefined
2026.03.02-03:07:07.545[31m error[39m [caliper] [ethereum-connector] 	Error: Returned values aren't valid, did it run Out of Gas? You might also see this error if you are not using the correct ABI for the contract you are retrieving data from, requesting data from a block number that does not exist, or querying a node which is not fully synced.
2026.03.02-03:07:07.555[31m error[39m [caliper] [ethereum-connector] 	Failed tx on simple calling method query nonce undefined
2026.03.02-03:07:07.555[31m error[39m [caliper] [ethereum-connector] 	Error: Returned values aren't valid, did it run Out of Gas? You might also see this error if you are not using the correct ABI for the contract you are retrieving data from, requesting data from a block number that does not exist, or querying a node which is not fully synced.
2026.03.02-03:07:07.565[31m error[39m [caliper] [ethereum-connector] 	Failed tx on simple calling method query nonce undefined
2026.03.02-03:07:07.566[31m error[39m [caliper] [ethereum-connector] 	Error: Returned values aren't valid, did it run Out of Gas? You might also see this error if you are not using the correct ABI for the contract you are retrieving data from, requesting data from a block number that does not exist, or querying a node which is not fully synced.
2026.03.02-03:07:07.574[31m error[39m [caliper] [ethereum-connector] 	Failed tx on simple calling method query nonce undefined
2026.03.02-03:07:07.574[31m error[39m [caliper] [ethereum-connector] 	Error: Returned values aren't valid, did it run Out of Gas? You might also see this error if you are not using the correct ABI for the contract you are retrieving data from, requesting data from a block number that does not exist, or querying a node which is not fully synced.
2026.03.02-03:07:07.585[31m error[39m [caliper] [ethereum-connector] 	Failed tx on simple calling method query nonce undefined
2026.03.02-03:07:07.585[31m error[39m [caliper] [ethereum-connector] 	Error: Returned values aren't valid, did it run Out of Gas? You might also see this error if you are not using the correct ABI for the contract you are retrieving data from, requesting data from a block number that does not exist, or querying a node which is not fully synced.
2026.03.02-03:07:07.595[31m error[39m [caliper] [ethereum-connector] 	Failed tx on simple calling method query nonce undefined
2026.03.02-03:07:07.595[31m error[39m [caliper] [ethereum-connector] 	Error: Returned values aren't valid, did it run Out of Gas? You might also see this error if you are not using the correct ABI for the contract you are retrieving data from, requesting data from a block number that does not exist, or querying a node which is not fully synced.
2026.03.02-03:07:07.606[31m error[39m [caliper] [ethereum-connector] 	Failed tx on simple calling method query nonce undefined
2026.03.02-03:07:07.606[31m error[39m [caliper] [ethereum-connector] 	Error: Returned values aren't valid, did it run Out of Gas? You might also see this error if you are not using the correct ABI for the contract you are retrieving data from, requesting data from a block number that does not exist, or querying a node which is not fully synced.
2026.03.02-03:07:07.616[31m error[39m [caliper] [ethereum-connector] 	Failed tx on simple calling method query nonce undefined
2026.03.02-03:07:07.616[31m error[39m [caliper] [ethereum-connector] 	Error: Returned values aren't valid, did it run Out of Gas? You might also see this error if you are not using the correct ABI for the contract you are retrieving data from, requesting data from a block number that does not exist, or querying a node which is not fully synced.
2026.03.02-03:07:07.626[31m error[39m [caliper] [ethereum-connector] 	Failed tx on simple calling method query nonce undefined
2026.03.02-03:07:07.626[31m error[39m [caliper] [ethereum-connector] 	Error: Returned values aren't valid, did it run Out of Gas? You might also see this error if you are not using the correct ABI for the contract you are retrieving data from, requesting data from a block number that does not exist, or querying a node which is not fully synced.
2026.03.02-03:07:07.635[31m error[39m [caliper] [ethereum-connector] 	Failed tx on simple calling method query nonce undefined
2026.03.02-03:07:07.635[31m error[39m [caliper] [ethereum-connector] 	Error: Returned values aren't valid, did it run Out of Gas? You might also see this error if you are not using the correct ABI for the contract you are retrieving data from, requesting data from a block number that does not exist, or querying a node which is not fully synced.
2026.03.02-03:07:07.646[31m error[39m [caliper] [ethereum-connector] 	Failed tx on simple calling method query nonce undefined
2026.03.02-03:07:07.646[31m error[39m [caliper] [ethereum-connector] 	Error: Returned values aren't valid, did it run Out of Gas? You might also see this error if you are not using the correct ABI for the contract you are retrieving data from, requesting data from a block number that does not exist, or querying a node which is not fully synced.
2026.03.02-03:07:07.655[31m error[39m [caliper] [ethereum-connector] 	Failed tx on simple calling method query nonce undefined
2026.03.02-03:07:07.655[31m error[39m [caliper] [ethereum-connector] 	Error: Returned values aren't valid, did it run Out of Gas? You might also see this error if you are not using the correct ABI for the contract you are retrieving data from, requesting data from a block number that does not exist, or querying a node which is not fully synced.
2026.03.02-03:07:07.664[31m error[39m [caliper] [ethereum-connector] 	Failed tx on simple calling method query nonce undefined
2026.03.02-03:07:07.664[31m error[39m [caliper] [ethereum-connector] 	Error: Returned values aren't valid, did it run Out of Gas? You might also see this error if you are not using the correct ABI for the contract you are retrieving data from, requesting data from a block number that does not exist, or querying a node which is not fully synced.
2026.03.02-03:07:07.676[31m error[39m [caliper] [ethereum-connector] 	Failed tx on simple calling method query nonce undefined
2026.03.02-03:07:07.676[31m error[39m [caliper] [ethereum-connector] 	Error: Returned values aren't valid, did it run Out of Gas? You might also see this error if you are not using the correct ABI for the contract you are retrieving data from, requesting data from a block number that does not exist, or querying a node which is not fully synced.
2026.03.02-03:07:07.685[31m error[39m [caliper] [ethereum-connector] 	Failed tx on simple calling method query nonce undefined
2026.03.02-03:07:07.685[31m error[39m [caliper] [ethereum-connector] 	Error: Returned values aren't valid, did it run Out of Gas? You might also see this error if you are not using the correct ABI for the contract you are retrieving data from, requesting data from a block number that does not exist, or querying a node which is not fully synced.
2026.03.02-03:07:07.695[31m error[39m [caliper] [ethereum-connector] 	Failed tx on simple calling method query nonce undefined
2026.03.02-03:07:07.696[31m error[39m [caliper] [ethereum-connector] 	Error: Returned values aren't valid, did it run Out of Gas? You might also see this error if you are not using the correct ABI for the contract you are retrieving data from, requesting data from a block number that does not exist, or querying a node which is not fully synced.
2026.03.02-03:07:07.706[31m error[39m [caliper] [ethereum-connector] 	Failed tx on simple calling method query nonce undefined
2026.03.02-03:07:07.706[31m error[39m [caliper] [ethereum-connector] 	Error: Returned values aren't valid, did it run Out of Gas? You might also see this error if you are not using the correct ABI for the contract you are retrieving data from, requesting data from a block number that does not exist, or querying a node which is not fully synced.
2026.03.02-03:07:07.715[31m error[39m [caliper] [ethereum-connector] 	Failed tx on simple calling method query nonce undefined
2026.03.02-03:07:07.715[31m error[39m [caliper] [ethereum-connector] 	Error: Returned values aren't valid, did it run Out of Gas? You might also see this error if you are not using the correct ABI for the contract you are retrieving data from, requesting data from a block number that does not exist, or querying a node which is not fully synced.
2026.03.02-03:07:07.725[31m error[39m [caliper] [ethereum-connector] 	Failed tx on simple calling method query nonce undefined
2026.03.02-03:07:07.725[31m error[39m [caliper] [ethereum-connector] 	Error: Returned values aren't valid, did it run Out of Gas? You might also see this error if you are not using the correct ABI for the contract you are retrieving data from, requesting data from a block number that does not exist, or querying a node which is not fully synced.
2026.03.02-03:07:07.734[31m error[39m [caliper] [ethereum-connector] 	Failed tx on simple calling method query nonce undefined
2026.03.02-03:07:07.734[31m error[39m [caliper] [ethereum-connector] 	Error: Returned values aren't valid, did it run Out of Gas? You might also see this error if you are not using the correct ABI for the contract you are retrieving data from, requesting data from a block number that does not exist, or querying a node which is not fully synced.
2026.03.02-03:07:07.745[31m error[39m [caliper] [ethereum-connector] 	Failed tx on simple calling method query nonce undefined
2026.03.02-03:07:07.745[31m error[39m [caliper] [ethereum-connector] 	Error: Returned values aren't valid, did it run Out of Gas? You might also see this error if you are not using the correct ABI for the contract you are retrieving data from, requesting data from a block number that does not exist, or querying a node which is not fully synced.
2026.03.02-03:07:07.755[31m error[39m [caliper] [ethereum-connector] 	Failed tx on simple calling method query nonce undefined
2026.03.02-03:07:07.756[31m error[39m [caliper] [ethereum-connector] 	Error: Returned values aren't valid, did it run Out of Gas? You might also see this error if you are not using the correct ABI for the contract you are retrieving data from, requesting data from a block number that does not exist, or querying a node which is not fully synced.
2026.03.02-03:07:07.765[31m error[39m [caliper] [ethereum-connector] 	Failed tx on simple calling method query nonce undefined
2026.03.02-03:07:07.765[31m error[39m [caliper] [ethereum-connector] 	Error: Returned values aren't valid, did it run Out of Gas? You might also see this error if you are not using the correct ABI for the contract you are retrieving data from, requesting data from a block number that does not exist, or querying a node which is not fully synced.
2026.03.02-03:07:07.774[31m error[39m [caliper] [ethereum-connector] 	Failed tx on simple calling method query nonce undefined
2026.03.02-03:07:07.774[31m error[39m [caliper] [ethereum-connector] 	Error: Returned values aren't valid, did it run Out of Gas? You might also see this error if you are not using the correct ABI for the contract you are retrieving data from, requesting data from a block number that does not exist, or querying a node which is not fully synced.
2026.03.02-03:07:07.785[31m error[39m [caliper] [ethereum-connector] 	Failed tx on simple calling method query nonce undefined
2026.03.02-03:07:07.785[31m error[39m [caliper] [ethereum-connector] 	Error: Returned values aren't valid, did it run Out of Gas? You might also see this error if you are not using the correct ABI for the contract you are retrieving data from, requesting data from a block number that does not exist, or querying a node which is not fully synced.
2026.03.02-03:07:07.795[31m error[39m [caliper] [ethereum-connector] 	Failed tx on simple calling method query nonce undefined
2026.03.02-03:07:07.796[31m error[39m [caliper] [ethereum-connector] 	Error: Returned values aren't valid, did it run Out of Gas? You might also see this error if you are not using the correct ABI for the contract you are retrieving data from, requesting data from a block number that does not exist, or querying a node which is not fully synced.
2026.03.02-03:07:07.805[31m error[39m [caliper] [ethereum-connector] 	Failed tx on simple calling method query nonce undefined
2026.03.02-03:07:07.806[31m error[39m [caliper] [ethereum-connector] 	Error: Returned values aren't valid, did it run Out of Gas? You might also see this error if you are not using the correct ABI for the contract you are retrieving data from, requesting data from a block number that does not exist, or querying a node which is not fully synced.
2026.03.02-03:07:07.815[31m error[39m [caliper] [ethereum-connector] 	Failed tx on simple calling method query nonce undefined
2026.03.02-03:07:07.815[31m error[39m [caliper] [ethereum-connector] 	Error: Returned values aren't valid, did it run Out of Gas? You might also see this error if you are not using the correct ABI for the contract you are retrieving data from, requesting data from a block number that does not exist, or querying a node which is not fully synced.
2026.03.02-03:07:07.824[31m error[39m [caliper] [ethereum-connector] 	Failed tx on simple calling method query nonce undefined
2026.03.02-03:07:07.824[31m error[39m [caliper] [ethereum-connector] 	Error: Returned values aren't valid, did it run Out of Gas? You might also see this error if you are not using the correct ABI for the contract you are retrieving data from, requesting data from a block number that does not exist, or querying a node which is not fully synced.
2026.03.02-03:07:07.836[31m error[39m [caliper] [ethereum-connector] 	Failed tx on simple calling method query nonce undefined
2026.03.02-03:07:07.836[31m error[39m [caliper] [ethereum-connector] 	Error: Returned values aren't valid, did it run Out of Gas? You might also see this error if you are not using the correct ABI for the contract you are retrieving data from, requesting data from a block number that does not exist, or querying a node which is not fully synced.
2026.03.02-03:07:07.845[31m error[39m [caliper] [ethereum-connector] 	Failed tx on simple calling method query nonce undefined
2026.03.02-03:07:07.845[31m error[39m [caliper] [ethereum-connector] 	Error: Returned values aren't valid, did it run Out of Gas? You might also see this error if you are not using the correct ABI for the contract you are retrieving data from, requesting data from a block number that does not exist, or querying a node which is not fully synced.
2026.03.02-03:07:07.855[31m error[39m [caliper] [ethereum-connector] 	Failed tx on simple calling method query nonce undefined
2026.03.02-03:07:07.855[31m error[39m [caliper] [ethereum-connector] 	Error: Returned values aren't valid, did it run Out of Gas? You might also see this error if you are not using the correct ABI for the contract you are retrieving data from, requesting data from a block number that does not exist, or querying a node which is not fully synced.
2026.03.02-03:07:07.865[31m error[39m [caliper] [ethereum-connector] 	Failed tx on simple calling method query nonce undefined
2026.03.02-03:07:07.865[31m error[39m [caliper] [ethereum-connector] 	Error: Returned values aren't valid, did it run Out of Gas? You might also see this error if you are not using the correct ABI for the contract you are retrieving data from, requesting data from a block number that does not exist, or querying a node which is not fully synced.
2026.03.02-03:07:07.875[31m error[39m [caliper] [ethereum-connector] 	Failed tx on simple calling method query nonce undefined
2026.03.02-03:07:07.876[31m error[39m [caliper] [ethereum-connector] 	Error: Returned values aren't valid, did it run Out of Gas? You might also see this error if you are not using the correct ABI for the contract you are retrieving data from, requesting data from a block number that does not exist, or querying a node which is not fully synced.
2026.03.02-03:07:07.885[31m error[39m [caliper] [ethereum-connector] 	Failed tx on simple calling method query nonce undefined
2026.03.02-03:07:07.885[31m error[39m [caliper] [ethereum-connector] 	Error: Returned values aren't valid, did it run Out of Gas? You might also see this error if you are not using the correct ABI for the contract you are retrieving data from, requesting data from a block number that does not exist, or querying a node which is not fully synced.
2026.03.02-03:07:07.894[31m error[39m [caliper] [ethereum-connector] 	Failed tx on simple calling method query nonce undefined
2026.03.02-03:07:07.894[31m error[39m [caliper] [ethereum-connector] 	Error: Returned values aren't valid, did it run Out of Gas? You might also see this error if you are not using the correct ABI for the contract you are retrieving data from, requesting data from a block number that does not exist, or querying a node which is not fully synced.
2026.03.02-03:07:07.905[31m error[39m [caliper] [ethereum-connector] 	Failed tx on simple calling method query nonce undefined
2026.03.02-03:07:07.905[31m error[39m [caliper] [ethereum-connector] 	Error: Returned values aren't valid, did it run Out of Gas? You might also see this error if you are not using the correct ABI for the contract you are retrieving data from, requesting data from a block number that does not exist, or querying a node which is not fully synced.
2026.03.02-03:07:07.915[31m error[39m [caliper] [ethereum-connector] 	Failed tx on simple calling method query nonce undefined
2026.03.02-03:07:07.915[31m error[39m [caliper] [ethereum-connector] 	Error: Returned values aren't valid, did it run Out of Gas? You might also see this error if you are not using the correct ABI for the contract you are retrieving data from, requesting data from a block number that does not exist, or querying a node which is not fully synced.
2026.03.02-03:07:07.926[31m error[39m [caliper] [ethereum-connector] 	Failed tx on simple calling method query nonce undefined
2026.03.02-03:07:07.926[31m error[39m [caliper] [ethereum-connector] 	Error: Returned values aren't valid, did it run Out of Gas? You might also see this error if you are not using the correct ABI for the contract you are retrieving data from, requesting data from a block number that does not exist, or querying a node which is not fully synced.
2026.03.02-03:07:07.936[31m error[39m [caliper] [ethereum-connector] 	Failed tx on simple calling method query nonce undefined
2026.03.02-03:07:07.936[31m error[39m [caliper] [ethereum-connector] 	Error: Returned values aren't valid, did it run Out of Gas? You might also see this error if you are not using the correct ABI for the contract you are retrieving data from, requesting data from a block number that does not exist, or querying a node which is not fully synced.
2026.03.02-03:07:07.944[31m error[39m [caliper] [ethereum-connector] 	Failed tx on simple calling method query nonce undefined
2026.03.02-03:07:07.944[31m error[39m [caliper] [ethereum-connector] 	Error: Returned values aren't valid, did it run Out of Gas? You might also see this error if you are not using the correct ABI for the contract you are retrieving data from, requesting data from a block number that does not exist, or querying a node which is not fully synced.
2026.03.02-03:07:07.955[31m error[39m [caliper] [ethereum-connector] 	Failed tx on simple calling method query nonce undefined
2026.03.02-03:07:07.956[31m error[39m [caliper] [ethereum-connector] 	Error: Returned values aren't valid, did it run Out of Gas? You might also see this error if you are not using the correct ABI for the contract you are retrieving data from, requesting data from a block number that does not exist, or querying a node which is not fully synced.
2026.03.02-03:07:07.966[31m error[39m [caliper] [ethereum-connector] 	Failed tx on simple calling method query nonce undefined
2026.03.02-03:07:07.966[31m error[39m [caliper] [ethereum-connector] 	Error: Returned values aren't valid, did it run Out of Gas? You might also see this error if you are not using the correct ABI for the contract you are retrieving data from, requesting data from a block number that does not exist, or querying a node which is not fully synced.
2026.03.02-03:07:07.977[31m error[39m [caliper] [ethereum-connector] 	Failed tx on simple calling method query nonce undefined
2026.03.02-03:07:07.977[31m error[39m [caliper] [ethereum-connector] 	Error: Returned values aren't valid, did it run Out of Gas? You might also see this error if you are not using the correct ABI for the contract you are retrieving data from, requesting data from a block number that does not exist, or querying a node which is not fully synced.
2026.03.02-03:07:07.986[31m error[39m [caliper] [ethereum-connector] 	Failed tx on simple calling method query nonce undefined
2026.03.02-03:07:07.987[31m error[39m [caliper] [ethereum-connector] 	Error: Returned values aren't valid, did it run Out of Gas? You might also see this error if you are not using the correct ABI for the contract you are retrieving data from, requesting data from a block number that does not exist, or querying a node which is not fully synced.
2026.03.02-03:07:07.995[31m error[39m [caliper] [ethereum-connector] 	Failed tx on simple calling method query nonce undefined
2026.03.02-03:07:07.995[31m error[39m [caliper] [ethereum-connector] 	Error: Returned values aren't valid, did it run Out of Gas? You might also see this error if you are not using the correct ABI for the contract you are retrieving data from, requesting data from a block number that does not exist, or querying a node which is not fully synced.
2026.03.02-03:07:08.006[31m error[39m [caliper] [ethereum-connector] 	Failed tx on simple calling method query nonce undefined
2026.03.02-03:07:08.007[31m error[39m [caliper] [ethereum-connector] 	Error: Returned values aren't valid, did it run Out of Gas? You might also see this error if you are not using the correct ABI for the contract you are retrieving data from, requesting data from a block number that does not exist, or querying a node which is not fully synced.
2026.03.02-03:07:08.015[31m error[39m [caliper] [ethereum-connector] 	Failed tx on simple calling method query nonce undefined
2026.03.02-03:07:08.015[31m error[39m [caliper] [ethereum-connector] 	Error: Returned values aren't valid, did it run Out of Gas? You might also see this error if you are not using the correct ABI for the contract you are retrieving data from, requesting data from a block number that does not exist, or querying a node which is not fully synced.
2026.03.02-03:07:08.026[31m error[39m [caliper] [ethereum-connector] 	Failed tx on simple calling method query nonce undefined
2026.03.02-03:07:08.026[31m error[39m [caliper] [ethereum-connector] 	Error: Returned values aren't valid, did it run Out of Gas? You might also see this error if you are not using the correct ABI for the contract you are retrieving data from, requesting data from a block number that does not exist, or querying a node which is not fully synced.
2026.03.02-03:07:08.035[31m error[39m [caliper] [ethereum-connector] 	Failed tx on simple calling method query nonce undefined
2026.03.02-03:07:08.035[31m error[39m [caliper] [ethereum-connector] 	Error: Returned values aren't valid, did it run Out of Gas? You might also see this error if you are not using the correct ABI for the contract you are retrieving data from, requesting data from a block number that does not exist, or querying a node which is not fully synced.
2026.03.02-03:07:08.044[31m error[39m [caliper] [ethereum-connector] 	Failed tx on simple calling method query nonce undefined
2026.03.02-03:07:08.045[31m error[39m [caliper] [ethereum-connector] 	Error: Returned values aren't valid, did it run Out of Gas? You might also see this error if you are not using the correct ABI for the contract you are retrieving data from, requesting data from a block number that does not exist, or querying a node which is not fully synced.
2026.03.02-03:07:08.054[31m error[39m [caliper] [ethereum-connector] 	Failed tx on simple calling method query nonce undefined
2026.03.02-03:07:08.055[31m error[39m [caliper] [ethereum-connector] 	Error: Returned values aren't valid, did it run Out of Gas? You might also see this error if you are not using the correct ABI for the contract you are retrieving data from, requesting data from a block number that does not exist, or querying a node which is not fully synced.
2026.03.02-03:07:08.065[31m error[39m [caliper] [ethereum-connector] 	Failed tx on simple calling method query nonce undefined
2026.03.02-03:07:08.066[31m error[39m [caliper] [ethereum-connector] 	Error: Returned values aren't valid, did it run Out of Gas? You might also see this error if you are not using the correct ABI for the contract you are retrieving data from, requesting data from a block number that does not exist, or querying a node which is not fully synced.
2026.03.02-03:07:08.076[31m error[39m [caliper] [ethereum-connector] 	Failed tx on simple calling method query nonce undefined
2026.03.02-03:07:08.076[31m error[39m [caliper] [ethereum-connector] 	Error: Returned values aren't valid, did it run Out of Gas? You might also see this error if you are not using the correct ABI for the contract you are retrieving data from, requesting data from a block number that does not exist, or querying a node which is not fully synced.
2026.03.02-03:07:08.084[31m error[39m [caliper] [ethereum-connector] 	Failed tx on simple calling method query nonce undefined
2026.03.02-03:07:08.084[31m error[39m [caliper] [ethereum-connector] 	Error: Returned values aren't valid, did it run Out of Gas? You might also see this error if you are not using the correct ABI for the contract you are retrieving data from, requesting data from a block number that does not exist, or querying a node which is not fully synced.
2026.03.02-03:07:08.095[31m error[39m [caliper] [ethereum-connector] 	Failed tx on simple calling method query nonce undefined
2026.03.02-03:07:08.095[31m error[39m [caliper] [ethereum-connector] 	Error: Returned values aren't valid, did it run Out of Gas? You might also see this error if you are not using the correct ABI for the contract you are retrieving data from, requesting data from a block number that does not exist, or querying a node which is not fully synced.
2026.03.02-03:07:08.105[31m error[39m [caliper] [ethereum-connector] 	Failed tx on simple calling method query nonce undefined
2026.03.02-03:07:08.106[31m error[39m [caliper] [ethereum-connector] 	Error: Returned values aren't valid, did it run Out of Gas? You might also see this error if you are not using the correct ABI for the contract you are retrieving data from, requesting data from a block number that does not exist, or querying a node which is not fully synced.
2026.03.02-03:07:08.115[31m error[39m [caliper] [ethereum-connector] 	Failed tx on simple calling method query nonce undefined
2026.03.02-03:07:08.116[31m error[39m [caliper] [ethereum-connector] 	Error: Returned values aren't valid, did it run Out of Gas? You might also see this error if you are not using the correct ABI for the contract you are retrieving data from, requesting data from a block number that does not exist, or querying a node which is not fully synced.
2026.03.02-03:07:08.124[31m error[39m [caliper] [ethereum-connector] 	Failed tx on simple calling method query nonce undefined
2026.03.02-03:07:08.124[31m error[39m [caliper] [ethereum-connector] 	Error: Returned values aren't valid, did it run Out of Gas? You might also see this error if you are not using the correct ABI for the contract you are retrieving data from, requesting data from a block number that does not exist, or querying a node which is not fully synced.
2026.03.02-03:07:08.133[31m error[39m [caliper] [ethereum-connector] 	Failed tx on simple calling method query nonce undefined
2026.03.02-03:07:08.133[31m error[39m [caliper] [ethereum-connector] 	Error: Returned values aren't valid, did it run Out of Gas? You might also see this error if you are not using the correct ABI for the contract you are retrieving data from, requesting data from a block number that does not exist, or querying a node which is not fully synced.
2026.03.02-03:07:08.145[31m error[39m [caliper] [ethereum-connector] 	Failed tx on simple calling method query nonce undefined
2026.03.02-03:07:08.145[31m error[39m [caliper] [ethereum-connector] 	Error: Returned values aren't valid, did it run Out of Gas? You might also see this error if you are not using the correct ABI for the contract you are retrieving data from, requesting data from a block number that does not exist, or querying a node which is not fully synced.
2026.03.02-03:07:08.155[31m error[39m [caliper] [ethereum-connector] 	Failed tx on simple calling method query nonce undefined
2026.03.02-03:07:08.155[31m error[39m [caliper] [ethereum-connector] 	Error: Returned values aren't valid, did it run Out of Gas? You might also see this error if you are not using the correct ABI for the contract you are retrieving data from, requesting data from a block number that does not exist, or querying a node which is not fully synced.
2026.03.02-03:07:08.165[31m error[39m [caliper] [ethereum-connector] 	Failed tx on simple calling method query nonce undefined
2026.03.02-03:07:08.166[31m error[39m [caliper] [ethereum-connector] 	Error: Returned values aren't valid, did it run Out of Gas? You might also see this error if you are not using the correct ABI for the contract you are retrieving data from, requesting data from a block number that does not exist, or querying a node which is not fully synced.
2026.03.02-03:07:08.174[31m error[39m [caliper] [ethereum-connector] 	Failed tx on simple calling method query nonce undefined
2026.03.02-03:07:08.174[31m error[39m [caliper] [ethereum-connector] 	Error: Returned values aren't valid, did it run Out of Gas? You might also see this error if you are not using the correct ABI for the contract you are retrieving data from, requesting data from a block number that does not exist, or querying a node which is not fully synced.
2026.03.02-03:07:08.184[31m error[39m [caliper] [ethereum-connector] 	Failed tx on simple calling method query nonce undefined
2026.03.02-03:07:08.185[31m error[39m [caliper] [ethereum-connector] 	Error: Returned values aren't valid, did it run Out of Gas? You might also see this error if you are not using the correct ABI for the contract you are retrieving data from, requesting data from a block number that does not exist, or querying a node which is not fully synced.
2026.03.02-03:07:08.195[31m error[39m [caliper] [ethereum-connector] 	Failed tx on simple calling method query nonce undefined
2026.03.02-03:07:08.195[31m error[39m [caliper] [ethereum-connector] 	Error: Returned values aren't valid, did it run Out of Gas? You might also see this error if you are not using the correct ABI for the contract you are retrieving data from, requesting data from a block number that does not exist, or querying a node which is not fully synced.
2026.03.02-03:07:08.204[31m error[39m [caliper] [ethereum-connector] 	Failed tx on simple calling method query nonce undefined
2026.03.02-03:07:08.204[31m error[39m [caliper] [ethereum-connector] 	Error: Returned values aren't valid, did it run Out of Gas? You might also see this error if you are not using the correct ABI for the contract you are retrieving data from, requesting data from a block number that does not exist, or querying a node which is not fully synced.
2026.03.02-03:07:08.215[31m error[39m [caliper] [ethereum-connector] 	Failed tx on simple calling method query nonce undefined
2026.03.02-03:07:08.215[31m error[39m [caliper] [ethereum-connector] 	Error: Returned values aren't valid, did it run Out of Gas? You might also see this error if you are not using the correct ABI for the contract you are retrieving data from, requesting data from a block number that does not exist, or querying a node which is not fully synced.
2026.03.02-03:07:08.225[31m error[39m [caliper] [ethereum-connector] 	Failed tx on simple calling method query nonce undefined
2026.03.02-03:07:08.225[31m error[39m [caliper] [ethereum-connector] 	Error: Returned values aren't valid, did it run Out of Gas? You might also see this error if you are not using the correct ABI for the contract you are retrieving data from, requesting data from a block number that does not exist, or querying a node which is not fully synced.
2026.03.02-03:07:08.235[31m error[39m [caliper] [ethereum-connector] 	Failed tx on simple calling method query nonce undefined
2026.03.02-03:07:08.236[31m error[39m [caliper] [ethereum-connector] 	Error: Returned values aren't valid, did it run Out of Gas? You might also see this error if you are not using the correct ABI for the contract you are retrieving data from, requesting data from a block number that does not exist, or querying a node which is not fully synced.
2026.03.02-03:07:08.245[31m error[39m [caliper] [ethereum-connector] 	Failed tx on simple calling method query nonce undefined
2026.03.02-03:07:08.245[31m error[39m [caliper] [ethereum-connector] 	Error: Returned values aren't valid, did it run Out of Gas? You might also see this error if you are not using the correct ABI for the contract you are retrieving data from, requesting data from a block number that does not exist, or querying a node which is not fully synced.
2026.03.02-03:07:08.254[31m error[39m [caliper] [ethereum-connector] 	Failed tx on simple calling method query nonce undefined
2026.03.02-03:07:08.254[31m error[39m [caliper] [ethereum-connector] 	Error: Returned values aren't valid, did it run Out of Gas? You might also see this error if you are not using the correct ABI for the contract you are retrieving data from, requesting data from a block number that does not exist, or querying a node which is not fully synced.
2026.03.02-03:07:08.265[31m error[39m [caliper] [ethereum-connector] 	Failed tx on simple calling method query nonce undefined
2026.03.02-03:07:08.265[31m error[39m [caliper] [ethereum-connector] 	Error: Returned values aren't valid, did it run Out of Gas? You might also see this error if you are not using the correct ABI for the contract you are retrieving data from, requesting data from a block number that does not exist, or querying a node which is not fully synced.
2026.03.02-03:07:08.275[31m error[39m [caliper] [ethereum-connector] 	Failed tx on simple calling method query nonce undefined
2026.03.02-03:07:08.275[31m error[39m [caliper] [ethereum-connector] 	Error: Returned values aren't valid, did it run Out of Gas? You might also see this error if you are not using the correct ABI for the contract you are retrieving data from, requesting data from a block number that does not exist, or querying a node which is not fully synced.
2026.03.02-03:07:08.284[31m error[39m [caliper] [ethereum-connector] 	Failed tx on simple calling method query nonce undefined
2026.03.02-03:07:08.284[31m error[39m [caliper] [ethereum-connector] 	Error: Returned values aren't valid, did it run Out of Gas? You might also see this error if you are not using the correct ABI for the contract you are retrieving data from, requesting data from a block number that does not exist, or querying a node which is not fully synced.
2026.03.02-03:07:08.295[31m error[39m [caliper] [ethereum-connector] 	Failed tx on simple calling method query nonce undefined
2026.03.02-03:07:08.295[31m error[39m [caliper] [ethereum-connector] 	Error: Returned values aren't valid, did it run Out of Gas? You might also see this error if you are not using the correct ABI for the contract you are retrieving data from, requesting data from a block number that does not exist, or querying a node which is not fully synced.
2026.03.02-03:07:08.305[31m error[39m [caliper] [ethereum-connector] 	Failed tx on simple calling method query nonce undefined
2026.03.02-03:07:08.306[31m error[39m [caliper] [ethereum-connector] 	Error: Returned values aren't valid, did it run Out of Gas? You might also see this error if you are not using the correct ABI for the contract you are retrieving data from, requesting data from a block number that does not exist, or querying a node which is not fully synced.
2026.03.02-03:07:08.315[31m error[39m [caliper] [ethereum-connector] 	Failed tx on simple calling method query nonce undefined
2026.03.02-03:07:08.316[31m error[39m [caliper] [ethereum-connector] 	Error: Returned values aren't valid, did it run Out of Gas? You might also see this error if you are not using the correct ABI for the contract you are retrieving data from, requesting data from a block number that does not exist, or querying a node which is not fully synced.
2026.03.02-03:07:08.325[31m error[39m [caliper] [ethereum-connector] 	Failed tx on simple calling method query nonce undefined
2026.03.02-03:07:08.325[31m error[39m [caliper] [ethereum-connector] 	Error: Returned values aren't valid, did it run Out of Gas? You might also see this error if you are not using the correct ABI for the contract you are retrieving data from, requesting data from a block number that does not exist, or querying a node which is not fully synced.
2026.03.02-03:07:08.335[31m error[39m [caliper] [ethereum-connector] 	Failed tx on simple calling method query nonce undefined
2026.03.02-03:07:08.335[31m error[39m [caliper] [ethereum-connector] 	Error: Returned values aren't valid, did it run Out of Gas? You might also see this error if you are not using the correct ABI for the contract you are retrieving data from, requesting data from a block number that does not exist, or querying a node which is not fully synced.
2026.03.02-03:07:08.345[31m error[39m [caliper] [ethereum-connector] 	Failed tx on simple calling method query nonce undefined
2026.03.02-03:07:08.345[31m error[39m [caliper] [ethereum-connector] 	Error: Returned values aren't valid, did it run Out of Gas? You might also see this error if you are not using the correct ABI for the contract you are retrieving data from, requesting data from a block number that does not exist, or querying a node which is not fully synced.
2026.03.02-03:07:08.355[31m error[39m [caliper] [ethereum-connector] 	Failed tx on simple calling method query nonce undefined
2026.03.02-03:07:08.356[31m error[39m [caliper] [ethereum-connector] 	Error: Returned values aren't valid, did it run Out of Gas? You might also see this error if you are not using the correct ABI for the contract you are retrieving data from, requesting data from a block number that does not exist, or querying a node which is not fully synced.
2026.03.02-03:07:08.365[31m error[39m [caliper] [ethereum-connector] 	Failed tx on simple calling method query nonce undefined
2026.03.02-03:07:08.365[31m error[39m [caliper] [ethereum-connector] 	Error: Returned values aren't valid, did it run Out of Gas? You might also see this error if you are not using the correct ABI for the contract you are retrieving data from, requesting data from a block number that does not exist, or querying a node which is not fully synced.
2026.03.02-03:07:08.374[31m error[39m [caliper] [ethereum-connector] 	Failed tx on simple calling method query nonce undefined
2026.03.02-03:07:08.374[31m error[39m [caliper] [ethereum-connector] 	Error: Returned values aren't valid, did it run Out of Gas? You might also see this error if you are not using the correct ABI for the contract you are retrieving data from, requesting data from a block number that does not exist, or querying a node which is not fully synced.
2026.03.02-03:07:08.384[31m error[39m [caliper] [ethereum-connector] 	Failed tx on simple calling method query nonce undefined
2026.03.02-03:07:08.384[31m error[39m [caliper] [ethereum-connector] 	Error: Returned values aren't valid, did it run Out of Gas? You might also see this error if you are not using the correct ABI for the contract you are retrieving data from, requesting data from a block number that does not exist, or querying a node which is not fully synced.
2026.03.02-03:07:08.395[31m error[39m [caliper] [ethereum-connector] 	Failed tx on simple calling method query nonce undefined
2026.03.02-03:07:08.395[31m error[39m [caliper] [ethereum-connector] 	Error: Returned values aren't valid, did it run Out of Gas? You might also see this error if you are not using the correct ABI for the contract you are retrieving data from, requesting data from a block number that does not exist, or querying a node which is not fully synced.
2026.03.02-03:07:08.405[31m error[39m [caliper] [ethereum-connector] 	Failed tx on simple calling method query nonce undefined
2026.03.02-03:07:08.406[31m error[39m [caliper] [ethereum-connector] 	Error: Returned values aren't valid, did it run Out of Gas? You might also see this error if you are not using the correct ABI for the contract you are retrieving data from, requesting data from a block number that does not exist, or querying a node which is not fully synced.
2026.03.02-03:07:08.415[31m error[39m [caliper] [ethereum-connector] 	Failed tx on simple calling method query nonce undefined
2026.03.02-03:07:08.415[31m error[39m [caliper] [ethereum-connector] 	Error: Returned values aren't valid, did it run Out of Gas? You might also see this error if you are not using the correct ABI for the contract you are retrieving data from, requesting data from a block number that does not exist, or querying a node which is not fully synced.
2026.03.02-03:07:08.424[31m error[39m [caliper] [ethereum-connector] 	Failed tx on simple calling method query nonce undefined
2026.03.02-03:07:08.424[31m error[39m [caliper] [ethereum-connector] 	Error: Returned values aren't valid, did it run Out of Gas? You might also see this error if you are not using the correct ABI for the contract you are retrieving data from, requesting data from a block number that does not exist, or querying a node which is not fully synced.
2026.03.02-03:07:08.435[31m error[39m [caliper] [ethereum-connector] 	Failed tx on simple calling method query nonce undefined
2026.03.02-03:07:08.435[31m error[39m [caliper] [ethereum-connector] 	Error: Returned values aren't valid, did it run Out of Gas? You might also see this error if you are not using the correct ABI for the contract you are retrieving data from, requesting data from a block number that does not exist, or querying a node which is not fully synced.
2026.03.02-03:07:08.445[31m error[39m [caliper] [ethereum-connector] 	Failed tx on simple calling method query nonce undefined
2026.03.02-03:07:08.445[31m error[39m [caliper] [ethereum-connector] 	Error: Returned values aren't valid, did it run Out of Gas? You might also see this error if you are not using the correct ABI for the contract you are retrieving data from, requesting data from a block number that does not exist, or querying a node which is not fully synced.
2026.03.02-03:07:08.455[31m error[39m [caliper] [ethereum-connector] 	Failed tx on simple calling method query nonce undefined
2026.03.02-03:07:08.455[31m error[39m [caliper] [ethereum-connector] 	Error: Returned values aren't valid, did it run Out of Gas? You might also see this error if you are not using the correct ABI for the contract you are retrieving data from, requesting data from a block number that does not exist, or querying a node which is not fully synced.
2026.03.02-03:07:08.465[31m error[39m [caliper] [ethereum-connector] 	Failed tx on simple calling method query nonce undefined
2026.03.02-03:07:08.465[31m error[39m [caliper] [ethereum-connector] 	Error: Returned values aren't valid, did it run Out of Gas? You might also see this error if you are not using the correct ABI for the contract you are retrieving data from, requesting data from a block number that does not exist, or querying a node which is not fully synced.
2026.03.02-03:07:08.475[31m error[39m [caliper] [ethereum-connector] 	Failed tx on simple calling method query nonce undefined
2026.03.02-03:07:08.475[31m error[39m [caliper] [ethereum-connector] 	Error: Returned values aren't valid, did it run Out of Gas? You might also see this error if you are not using the correct ABI for the contract you are retrieving data from, requesting data from a block number that does not exist, or querying a node which is not fully synced.
2026.03.02-03:07:08.485[31m error[39m [caliper] [ethereum-connector] 	Failed tx on simple calling method query nonce undefined
2026.03.02-03:07:08.485[31m error[39m [caliper] [ethereum-connector] 	Error: Returned values aren't valid, did it run Out of Gas? You might also see this error if you are not using the correct ABI for the contract you are retrieving data from, requesting data from a block number that does not exist, or querying a node which is not fully synced.
2026.03.02-03:07:08.495[31m error[39m [caliper] [ethereum-connector] 	Failed tx on simple calling method query nonce undefined
2026.03.02-03:07:08.495[31m error[39m [caliper] [ethereum-connector] 	Error: Returned values aren't valid, did it run Out of Gas? You might also see this error if you are not using the correct ABI for the contract you are retrieving data from, requesting data from a block number that does not exist, or querying a node which is not fully synced.
2026.03.02-03:07:08.505[31m error[39m [caliper] [ethereum-connector] 	Failed tx on simple calling method query nonce undefined
2026.03.02-03:07:08.505[31m error[39m [caliper] [ethereum-connector] 	Error: Returned values aren't valid, did it run Out of Gas? You might also see this error if you are not using the correct ABI for the contract you are retrieving data from, requesting data from a block number that does not exist, or querying a node which is not fully synced.
2026.03.02-03:07:08.515[31m error[39m [caliper] [ethereum-connector] 	Failed tx on simple calling method query nonce undefined
2026.03.02-03:07:08.515[31m error[39m [caliper] [ethereum-connector] 	Error: Returned values aren't valid, did it run Out of Gas? You might also see this error if you are not using the correct ABI for the contract you are retrieving data from, requesting data from a block number that does not exist, or querying a node which is not fully synced.
2026.03.02-03:07:08.525[31m error[39m [caliper] [ethereum-connector] 	Failed tx on simple calling method query nonce undefined
2026.03.02-03:07:08.525[31m error[39m [caliper] [ethereum-connector] 	Error: Returned values aren't valid, did it run Out of Gas? You might also see this error if you are not using the correct ABI for the contract you are retrieving data from, requesting data from a block number that does not exist, or querying a node which is not fully synced.
2026.03.02-03:07:08.535[31m error[39m [caliper] [ethereum-connector] 	Failed tx on simple calling method query nonce undefined
2026.03.02-03:07:08.535[31m error[39m [caliper] [ethereum-connector] 	Error: Returned values aren't valid, did it run Out of Gas? You might also see this error if you are not using the correct ABI for the contract you are retrieving data from, requesting data from a block number that does not exist, or querying a node which is not fully synced.
2026.03.02-03:07:08.545[31m error[39m [caliper] [ethereum-connector] 	Failed tx on simple calling method query nonce undefined
2026.03.02-03:07:08.545[31m error[39m [caliper] [ethereum-connector] 	Error: Returned values aren't valid, did it run Out of Gas? You might also see this error if you are not using the correct ABI for the contract you are retrieving data from, requesting data from a block number that does not exist, or querying a node which is not fully synced.
2026.03.02-03:07:08.555[31m error[39m [caliper] [ethereum-connector] 	Failed tx on simple calling method query nonce undefined
2026.03.02-03:07:08.555[31m error[39m [caliper] [ethereum-connector] 	Error: Returned values aren't valid, did it run Out of Gas? You might also see this error if you are not using the correct ABI for the contract you are retrieving data from, requesting data from a block number that does not exist, or querying a node which is not fully synced.
2026.03.02-03:07:08.565[31m error[39m [caliper] [ethereum-connector] 	Failed tx on simple calling method query nonce undefined
2026.03.02-03:07:08.565[31m error[39m [caliper] [ethereum-connector] 	Error: Returned values aren't valid, did it run Out of Gas? You might also see this error if you are not using the correct ABI for the contract you are retrieving data from, requesting data from a block number that does not exist, or querying a node which is not fully synced.
2026.03.02-03:07:08.575[31m error[39m [caliper] [ethereum-connector] 	Failed tx on simple calling method query nonce undefined
2026.03.02-03:07:08.575[31m error[39m [caliper] [ethereum-connector] 	Error: Returned values aren't valid, did it run Out of Gas? You might also see this error if you are not using the correct ABI for the contract you are retrieving data from, requesting data from a block number that does not exist, or querying a node which is not fully synced.
2026.03.02-03:07:08.585[31m error[39m [caliper] [ethereum-connector] 	Failed tx on simple calling method query nonce undefined
2026.03.02-03:07:08.585[31m error[39m [caliper] [ethereum-connector] 	Error: Returned values aren't valid, did it run Out of Gas? You might also see this error if you are not using the correct ABI for the contract you are retrieving data from, requesting data from a block number that does not exist, or querying a node which is not fully synced.
2026.03.02-03:07:08.595[31m error[39m [caliper] [ethereum-connector] 	Failed tx on simple calling method query nonce undefined
2026.03.02-03:07:08.595[31m error[39m [caliper] [ethereum-connector] 	Error: Returned values aren't valid, did it run Out of Gas? You might also see this error if you are not using the correct ABI for the contract you are retrieving data from, requesting data from a block number that does not exist, or querying a node which is not fully synced.
2026.03.02-03:07:08.605[31m error[39m [caliper] [ethereum-connector] 	Failed tx on simple calling method query nonce undefined
2026.03.02-03:07:08.605[31m error[39m [caliper] [ethereum-connector] 	Error: Returned values aren't valid, did it run Out of Gas? You might also see this error if you are not using the correct ABI for the contract you are retrieving data from, requesting data from a block number that does not exist, or querying a node which is not fully synced.
2026.03.02-03:07:08.614[31m error[39m [caliper] [ethereum-connector] 	Failed tx on simple calling method query nonce undefined
2026.03.02-03:07:08.614[31m error[39m [caliper] [ethereum-connector] 	Error: Returned values aren't valid, did it run Out of Gas? You might also see this error if you are not using the correct ABI for the contract you are retrieving data from, requesting data from a block number that does not exist, or querying a node which is not fully synced.
2026.03.02-03:07:08.625[31m error[39m [caliper] [ethereum-connector] 	Failed tx on simple calling method query nonce undefined
2026.03.02-03:07:08.625[31m error[39m [caliper] [ethereum-connector] 	Error: Returned values aren't valid, did it run Out of Gas? You might also see this error if you are not using the correct ABI for the contract you are retrieving data from, requesting data from a block number that does not exist, or querying a node which is not fully synced.
2026.03.02-03:07:08.634[31m error[39m [caliper] [ethereum-connector] 	Failed tx on simple calling method query nonce undefined
2026.03.02-03:07:08.634[31m error[39m [caliper] [ethereum-connector] 	Error: Returned values aren't valid, did it run Out of Gas? You might also see this error if you are not using the correct ABI for the contract you are retrieving data from, requesting data from a block number that does not exist, or querying a node which is not fully synced.
2026.03.02-03:07:08.645[31m error[39m [caliper] [ethereum-connector] 	Failed tx on simple calling method query nonce undefined
2026.03.02-03:07:08.645[31m error[39m [caliper] [ethereum-connector] 	Error: Returned values aren't valid, did it run Out of Gas? You might also see this error if you are not using the correct ABI for the contract you are retrieving data from, requesting data from a block number that does not exist, or querying a node which is not fully synced.
2026.03.02-03:07:08.655[31m error[39m [caliper] [ethereum-connector] 	Failed tx on simple calling method query nonce undefined
2026.03.02-03:07:08.655[31m error[39m [caliper] [ethereum-connector] 	Error: Returned values aren't valid, did it run Out of Gas? You might also see this error if you are not using the correct ABI for the contract you are retrieving data from, requesting data from a block number that does not exist, or querying a node which is not fully synced.
2026.03.02-03:07:08.665[31m error[39m [caliper] [ethereum-connector] 	Failed tx on simple calling method query nonce undefined
2026.03.02-03:07:08.666[31m error[39m [caliper] [ethereum-connector] 	Error: Returned values aren't valid, did it run Out of Gas? You might also see this error if you are not using the correct ABI for the contract you are retrieving data from, requesting data from a block number that does not exist, or querying a node which is not fully synced.
2026.03.02-03:07:08.675[31m error[39m [caliper] [ethereum-connector] 	Failed tx on simple calling method query nonce undefined
2026.03.02-03:07:08.675[31m error[39m [caliper] [ethereum-connector] 	Error: Returned values aren't valid, did it run Out of Gas? You might also see this error if you are not using the correct ABI for the contract you are retrieving data from, requesting data from a block number that does not exist, or querying a node which is not fully synced.
2026.03.02-03:07:08.684[31m error[39m [caliper] [ethereum-connector] 	Failed tx on simple calling method query nonce undefined
2026.03.02-03:07:08.685[31m error[39m [caliper] [ethereum-connector] 	Error: Returned values aren't valid, did it run Out of Gas? You might also see this error if you are not using the correct ABI for the contract you are retrieving data from, requesting data from a block number that does not exist, or querying a node which is not fully synced.
2026.03.02-03:07:08.694[31m error[39m [caliper] [ethereum-connector] 	Failed tx on simple calling method query nonce undefined
2026.03.02-03:07:08.694[31m error[39m [caliper] [ethereum-connector] 	Error: Returned values aren't valid, did it run Out of Gas? You might also see this error if you are not using the correct ABI for the contract you are retrieving data from, requesting data from a block number that does not exist, or querying a node which is not fully synced.
2026.03.02-03:07:08.705[31m error[39m [caliper] [ethereum-connector] 	Failed tx on simple calling method query nonce undefined
2026.03.02-03:07:08.705[31m error[39m [caliper] [ethereum-connector] 	Error: Returned values aren't valid, did it run Out of Gas? You might also see this error if you are not using the correct ABI for the contract you are retrieving data from, requesting data from a block number that does not exist, or querying a node which is not fully synced.
2026.03.02-03:07:08.714[31m error[39m [caliper] [ethereum-connector] 	Failed tx on simple calling method query nonce undefined
2026.03.02-03:07:08.714[31m error[39m [caliper] [ethereum-connector] 	Error: Returned values aren't valid, did it run Out of Gas? You might also see this error if you are not using the correct ABI for the contract you are retrieving data from, requesting data from a block number that does not exist, or querying a node which is not fully synced.
2026.03.02-03:07:08.724[31m error[39m [caliper] [ethereum-connector] 	Failed tx on simple calling method query nonce undefined
2026.03.02-03:07:08.724[31m error[39m [caliper] [ethereum-connector] 	Error: Returned values aren't valid, did it run Out of Gas? You might also see this error if you are not using the correct ABI for the contract you are retrieving data from, requesting data from a block number that does not exist, or querying a node which is not fully synced.
2026.03.02-03:07:08.734[31m error[39m [caliper] [ethereum-connector] 	Failed tx on simple calling method query nonce undefined
2026.03.02-03:07:08.734[31m error[39m [caliper] [ethereum-connector] 	Error: Returned values aren't valid, did it run Out of Gas? You might also see this error if you are not using the correct ABI for the contract you are retrieving data from, requesting data from a block number that does not exist, or querying a node which is not fully synced.
2026.03.02-03:07:08.744[31m error[39m [caliper] [ethereum-connector] 	Failed tx on simple calling method query nonce undefined
2026.03.02-03:07:08.744[31m error[39m [caliper] [ethereum-connector] 	Error: Returned values aren't valid, did it run Out of Gas? You might also see this error if you are not using the correct ABI for the contract you are retrieving data from, requesting data from a block number that does not exist, or querying a node which is not fully synced.
2026.03.02-03:07:08.756[31m error[39m [caliper] [ethereum-connector] 	Failed tx on simple calling method query nonce undefined
2026.03.02-03:07:08.756[31m error[39m [caliper] [ethereum-connector] 	Error: Returned values aren't valid, did it run Out of Gas? You might also see this error if you are not using the correct ABI for the contract you are retrieving data from, requesting data from a block number that does not exist, or querying a node which is not fully synced.
2026.03.02-03:07:08.764[31m error[39m [caliper] [ethereum-connector] 	Failed tx on simple calling method query nonce undefined
2026.03.02-03:07:08.764[31m error[39m [caliper] [ethereum-connector] 	Error: Returned values aren't valid, did it run Out of Gas? You might also see this error if you are not using the correct ABI for the contract you are retrieving data from, requesting data from a block number that does not exist, or querying a node which is not fully synced.
2026.03.02-03:07:08.775[31m error[39m [caliper] [ethereum-connector] 	Failed tx on simple calling method query nonce undefined
2026.03.02-03:07:08.776[31m error[39m [caliper] [ethereum-connector] 	Error: Returned values aren't valid, did it run Out of Gas? You might also see this error if you are not using the correct ABI for the contract you are retrieving data from, requesting data from a block number that does not exist, or querying a node which is not fully synced.
2026.03.02-03:07:08.785[31m error[39m [caliper] [ethereum-connector] 	Failed tx on simple calling method query nonce undefined
2026.03.02-03:07:08.785[31m error[39m [caliper] [ethereum-connector] 	Error: Returned values aren't valid, did it run Out of Gas? You might also see this error if you are not using the correct ABI for the contract you are retrieving data from, requesting data from a block number that does not exist, or querying a node which is not fully synced.
2026.03.02-03:07:08.794[31m error[39m [caliper] [ethereum-connector] 	Failed tx on simple calling method query nonce undefined
2026.03.02-03:07:08.794[31m error[39m [caliper] [ethereum-connector] 	Error: Returned values aren't valid, did it run Out of Gas? You might also see this error if you are not using the correct ABI for the contract you are retrieving data from, requesting data from a block number that does not exist, or querying a node which is not fully synced.
2026.03.02-03:07:08.804[31m error[39m [caliper] [ethereum-connector] 	Failed tx on simple calling method query nonce undefined
2026.03.02-03:07:08.804[31m error[39m [caliper] [ethereum-connector] 	Error: Returned values aren't valid, did it run Out of Gas? You might also see this error if you are not using the correct ABI for the contract you are retrieving data from, requesting data from a block number that does not exist, or querying a node which is not fully synced.
2026.03.02-03:07:08.815[31m error[39m [caliper] [ethereum-connector] 	Failed tx on simple calling method query nonce undefined
2026.03.02-03:07:08.815[31m error[39m [caliper] [ethereum-connector] 	Error: Returned values aren't valid, did it run Out of Gas? You might also see this error if you are not using the correct ABI for the contract you are retrieving data from, requesting data from a block number that does not exist, or querying a node which is not fully synced.
2026.03.02-03:07:08.825[31m error[39m [caliper] [ethereum-connector] 	Failed tx on simple calling method query nonce undefined
2026.03.02-03:07:08.825[31m error[39m [caliper] [ethereum-connector] 	Error: Returned values aren't valid, did it run Out of Gas? You might also see this error if you are not using the correct ABI for the contract you are retrieving data from, requesting data from a block number that does not exist, or querying a node which is not fully synced.
2026.03.02-03:07:08.835[31m error[39m [caliper] [ethereum-connector] 	Failed tx on simple calling method query nonce undefined
2026.03.02-03:07:08.836[31m error[39m [caliper] [ethereum-connector] 	Error: Returned values aren't valid, did it run Out of Gas? You might also see this error if you are not using the correct ABI for the contract you are retrieving data from, requesting data from a block number that does not exist, or querying a node which is not fully synced.
2026.03.02-03:07:08.845[31m error[39m [caliper] [ethereum-connector] 	Failed tx on simple calling method query nonce undefined
2026.03.02-03:07:08.845[31m error[39m [caliper] [ethereum-connector] 	Error: Returned values aren't valid, did it run Out of Gas? You might also see this error if you are not using the correct ABI for the contract you are retrieving data from, requesting data from a block number that does not exist, or querying a node which is not fully synced.
2026.03.02-03:07:08.854[31m error[39m [caliper] [ethereum-connector] 	Failed tx on simple calling method query nonce undefined
2026.03.02-03:07:08.854[31m error[39m [caliper] [ethereum-connector] 	Error: Returned values aren't valid, did it run Out of Gas? You might also see this error if you are not using the correct ABI for the contract you are retrieving data from, requesting data from a block number that does not exist, or querying a node which is not fully synced.
2026.03.02-03:07:08.865[31m error[39m [caliper] [ethereum-connector] 	Failed tx on simple calling method query nonce undefined
2026.03.02-03:07:08.865[31m error[39m [caliper] [ethereum-connector] 	Error: Returned values aren't valid, did it run Out of Gas? You might also see this error if you are not using the correct ABI for the contract you are retrieving data from, requesting data from a block number that does not exist, or querying a node which is not fully synced.
2026.03.02-03:07:08.875[31m error[39m [caliper] [ethereum-connector] 	Failed tx on simple calling method query nonce undefined
2026.03.02-03:07:08.876[31m error[39m [caliper] [ethereum-connector] 	Error: Returned values aren't valid, did it run Out of Gas? You might also see this error if you are not using the correct ABI for the contract you are retrieving data from, requesting data from a block number that does not exist, or querying a node which is not fully synced.
2026.03.02-03:07:08.884[31m error[39m [caliper] [ethereum-connector] 	Failed tx on simple calling method query nonce undefined
2026.03.02-03:07:08.885[31m error[39m [caliper] [ethereum-connector] 	Error: Returned values aren't valid, did it run Out of Gas? You might also see this error if you are not using the correct ABI for the contract you are retrieving data from, requesting data from a block number that does not exist, or querying a node which is not fully synced.
2026.03.02-03:07:08.895[31m error[39m [caliper] [ethereum-connector] 	Failed tx on simple calling method query nonce undefined
2026.03.02-03:07:08.895[31m error[39m [caliper] [ethereum-connector] 	Error: Returned values aren't valid, did it run Out of Gas? You might also see this error if you are not using the correct ABI for the contract you are retrieving data from, requesting data from a block number that does not exist, or querying a node which is not fully synced.
2026.03.02-03:07:08.904[31m error[39m [caliper] [ethereum-connector] 	Failed tx on simple calling method query nonce undefined
2026.03.02-03:07:08.904[31m error[39m [caliper] [ethereum-connector] 	Error: Returned values aren't valid, did it run Out of Gas? You might also see this error if you are not using the correct ABI for the contract you are retrieving data from, requesting data from a block number that does not exist, or querying a node which is not fully synced.
2026.03.02-03:07:08.915[31m error[39m [caliper] [ethereum-connector] 	Failed tx on simple calling method query nonce undefined
2026.03.02-03:07:08.915[31m error[39m [caliper] [ethereum-connector] 	Error: Returned values aren't valid, did it run Out of Gas? You might also see this error if you are not using the correct ABI for the contract you are retrieving data from, requesting data from a block number that does not exist, or querying a node which is not fully synced.
2026.03.02-03:07:08.925[31m error[39m [caliper] [ethereum-connector] 	Failed tx on simple calling method query nonce undefined
2026.03.02-03:07:08.925[31m error[39m [caliper] [ethereum-connector] 	Error: Returned values aren't valid, did it run Out of Gas? You might also see this error if you are not using the correct ABI for the contract you are retrieving data from, requesting data from a block number that does not exist, or querying a node which is not fully synced.
2026.03.02-03:07:08.935[31m error[39m [caliper] [ethereum-connector] 	Failed tx on simple calling method query nonce undefined
2026.03.02-03:07:08.936[31m error[39m [caliper] [ethereum-connector] 	Error: Returned values aren't valid, did it run Out of Gas? You might also see this error if you are not using the correct ABI for the contract you are retrieving data from, requesting data from a block number that does not exist, or querying a node which is not fully synced.
2026.03.02-03:07:08.945[31m error[39m [caliper] [ethereum-connector] 	Failed tx on simple calling method query nonce undefined
2026.03.02-03:07:08.945[31m error[39m [caliper] [ethereum-connector] 	Error: Returned values aren't valid, did it run Out of Gas? You might also see this error if you are not using the correct ABI for the contract you are retrieving data from, requesting data from a block number that does not exist, or querying a node which is not fully synced.
2026.03.02-03:07:08.954[31m error[39m [caliper] [ethereum-connector] 	Failed tx on simple calling method query nonce undefined
2026.03.02-03:07:08.954[31m error[39m [caliper] [ethereum-connector] 	Error: Returned values aren't valid, did it run Out of Gas? You might also see this error if you are not using the correct ABI for the contract you are retrieving data from, requesting data from a block number that does not exist, or querying a node which is not fully synced.
2026.03.02-03:07:08.964[31m error[39m [caliper] [ethereum-connector] 	Failed tx on simple calling method query nonce undefined
2026.03.02-03:07:08.964[31m error[39m [caliper] [ethereum-connector] 	Error: Returned values aren't valid, did it run Out of Gas? You might also see this error if you are not using the correct ABI for the contract you are retrieving data from, requesting data from a block number that does not exist, or querying a node which is not fully synced.
2026.03.02-03:07:08.975[31m error[39m [caliper] [ethereum-connector] 	Failed tx on simple calling method query nonce undefined
2026.03.02-03:07:08.975[31m error[39m [caliper] [ethereum-connector] 	Error: Returned values aren't valid, did it run Out of Gas? You might also see this error if you are not using the correct ABI for the contract you are retrieving data from, requesting data from a block number that does not exist, or querying a node which is not fully synced.
2026.03.02-03:07:08.985[31m error[39m [caliper] [ethereum-connector] 	Failed tx on simple calling method query nonce undefined
2026.03.02-03:07:08.985[31m error[39m [caliper] [ethereum-connector] 	Error: Returned values aren't valid, did it run Out of Gas? You might also see this error if you are not using the correct ABI for the contract you are retrieving data from, requesting data from a block number that does not exist, or querying a node which is not fully synced.
2026.03.02-03:07:08.996[31m error[39m [caliper] [ethereum-connector] 	Failed tx on simple calling method query nonce undefined
2026.03.02-03:07:08.996[31m error[39m [caliper] [ethereum-connector] 	Error: Returned values aren't valid, did it run Out of Gas? You might also see this error if you are not using the correct ABI for the contract you are retrieving data from, requesting data from a block number that does not exist, or querying a node which is not fully synced.
2026.03.02-03:07:09.005[31m error[39m [caliper] [ethereum-connector] 	Failed tx on simple calling method query nonce undefined
2026.03.02-03:07:09.006[31m error[39m [caliper] [ethereum-connector] 	Error: Returned values aren't valid, did it run Out of Gas? You might also see this error if you are not using the correct ABI for the contract you are retrieving data from, requesting data from a block number that does not exist, or querying a node which is not fully synced.
2026.03.02-03:07:09.014[31m error[39m [caliper] [ethereum-connector] 	Failed tx on simple calling method query nonce undefined
2026.03.02-03:07:09.015[31m error[39m [caliper] [ethereum-connector] 	Error: Returned values aren't valid, did it run Out of Gas? You might also see this error if you are not using the correct ABI for the contract you are retrieving data from, requesting data from a block number that does not exist, or querying a node which is not fully synced.
2026.03.02-03:07:09.024[31m error[39m [caliper] [ethereum-connector] 	Failed tx on simple calling method query nonce undefined
2026.03.02-03:07:09.024[31m error[39m [caliper] [ethereum-connector] 	Error: Returned values aren't valid, did it run Out of Gas? You might also see this error if you are not using the correct ABI for the contract you are retrieving data from, requesting data from a block number that does not exist, or querying a node which is not fully synced.
2026.03.02-03:07:09.035[31m error[39m [caliper] [ethereum-connector] 	Failed tx on simple calling method query nonce undefined
2026.03.02-03:07:09.035[31m error[39m [caliper] [ethereum-connector] 	Error: Returned values aren't valid, did it run Out of Gas? You might also see this error if you are not using the correct ABI for the contract you are retrieving data from, requesting data from a block number that does not exist, or querying a node which is not fully synced.
2026.03.02-03:07:09.045[31m error[39m [caliper] [ethereum-connector] 	Failed tx on simple calling method query nonce undefined
2026.03.02-03:07:09.046[31m error[39m [caliper] [ethereum-connector] 	Error: Returned values aren't valid, did it run Out of Gas? You might also see this error if you are not using the correct ABI for the contract you are retrieving data from, requesting data from a block number that does not exist, or querying a node which is not fully synced.
2026.03.02-03:07:09.055[31m error[39m [caliper] [ethereum-connector] 	Failed tx on simple calling method query nonce undefined
2026.03.02-03:07:09.055[31m error[39m [caliper] [ethereum-connector] 	Error: Returned values aren't valid, did it run Out of Gas? You might also see this error if you are not using the correct ABI for the contract you are retrieving data from, requesting data from a block number that does not exist, or querying a node which is not fully synced.
2026.03.02-03:07:09.064[31m error[39m [caliper] [ethereum-connector] 	Failed tx on simple calling method query nonce undefined
2026.03.02-03:07:09.064[31m error[39m [caliper] [ethereum-connector] 	Error: Returned values aren't valid, did it run Out of Gas? You might also see this error if you are not using the correct ABI for the contract you are retrieving data from, requesting data from a block number that does not exist, or querying a node which is not fully synced.
2026.03.02-03:07:09.075[31m error[39m [caliper] [ethereum-connector] 	Failed tx on simple calling method query nonce undefined
2026.03.02-03:07:09.075[31m error[39m [caliper] [ethereum-connector] 	Error: Returned values aren't valid, did it run Out of Gas? You might also see this error if you are not using the correct ABI for the contract you are retrieving data from, requesting data from a block number that does not exist, or querying a node which is not fully synced.
2026.03.02-03:07:09.085[31m error[39m [caliper] [ethereum-connector] 	Failed tx on simple calling method query nonce undefined
2026.03.02-03:07:09.085[31m error[39m [caliper] [ethereum-connector] 	Error: Returned values aren't valid, did it run Out of Gas? You might also see this error if you are not using the correct ABI for the contract you are retrieving data from, requesting data from a block number that does not exist, or querying a node which is not fully synced.
2026.03.02-03:07:09.095[31m error[39m [caliper] [ethereum-connector] 	Failed tx on simple calling method query nonce undefined
2026.03.02-03:07:09.095[31m error[39m [caliper] [ethereum-connector] 	Error: Returned values aren't valid, did it run Out of Gas? You might also see this error if you are not using the correct ABI for the contract you are retrieving data from, requesting data from a block number that does not exist, or querying a node which is not fully synced.
2026.03.02-03:07:09.105[31m error[39m [caliper] [ethereum-connector] 	Failed tx on simple calling method query nonce undefined
2026.03.02-03:07:09.106[31m error[39m [caliper] [ethereum-connector] 	Error: Returned values aren't valid, did it run Out of Gas? You might also see this error if you are not using the correct ABI for the contract you are retrieving data from, requesting data from a block number that does not exist, or querying a node which is not fully synced.
2026.03.02-03:07:09.116[31m error[39m [caliper] [ethereum-connector] 	Failed tx on simple calling method query nonce undefined
2026.03.02-03:07:09.116[31m error[39m [caliper] [ethereum-connector] 	Error: Returned values aren't valid, did it run Out of Gas? You might also see this error if you are not using the correct ABI for the contract you are retrieving data from, requesting data from a block number that does not exist, or querying a node which is not fully synced.
2026.03.02-03:07:09.124[31m error[39m [caliper] [ethereum-connector] 	Failed tx on simple calling method query nonce undefined
2026.03.02-03:07:09.124[31m error[39m [caliper] [ethereum-connector] 	Error: Returned values aren't valid, did it run Out of Gas? You might also see this error if you are not using the correct ABI for the contract you are retrieving data from, requesting data from a block number that does not exist, or querying a node which is not fully synced.
2026.03.02-03:07:09.136[31m error[39m [caliper] [ethereum-connector] 	Failed tx on simple calling method query nonce undefined
2026.03.02-03:07:09.136[31m error[39m [caliper] [ethereum-connector] 	Error: Returned values aren't valid, did it run Out of Gas? You might also see this error if you are not using the correct ABI for the contract you are retrieving data from, requesting data from a block number that does not exist, or querying a node which is not fully synced.
2026.03.02-03:07:09.145[31m error[39m [caliper] [ethereum-connector] 	Failed tx on simple calling method query nonce undefined
2026.03.02-03:07:09.146[31m error[39m [caliper] [ethereum-connector] 	Error: Returned values aren't valid, did it run Out of Gas? You might also see this error if you are not using the correct ABI for the contract you are retrieving data from, requesting data from a block number that does not exist, or querying a node which is not fully synced.
2026.03.02-03:07:09.155[31m error[39m [caliper] [ethereum-connector] 	Failed tx on simple calling method query nonce undefined
2026.03.02-03:07:09.155[31m error[39m [caliper] [ethereum-connector] 	Error: Returned values aren't valid, did it run Out of Gas? You might also see this error if you are not using the correct ABI for the contract you are retrieving data from, requesting data from a block number that does not exist, or querying a node which is not fully synced.
2026.03.02-03:07:09.166[31m error[39m [caliper] [ethereum-connector] 	Failed tx on simple calling method query nonce undefined
2026.03.02-03:07:09.166[31m error[39m [caliper] [ethereum-connector] 	Error: Returned values aren't valid, did it run Out of Gas? You might also see this error if you are not using the correct ABI for the contract you are retrieving data from, requesting data from a block number that does not exist, or querying a node which is not fully synced.
2026.03.02-03:07:09.175[31m error[39m [caliper] [ethereum-connector] 	Failed tx on simple calling method query nonce undefined
2026.03.02-03:07:09.175[31m error[39m [caliper] [ethereum-connector] 	Error: Returned values aren't valid, did it run Out of Gas? You might also see this error if you are not using the correct ABI for the contract you are retrieving data from, requesting data from a block number that does not exist, or querying a node which is not fully synced.
2026.03.02-03:07:09.186[31m error[39m [caliper] [ethereum-connector] 	Failed tx on simple calling method query nonce undefined
2026.03.02-03:07:09.186[31m error[39m [caliper] [ethereum-connector] 	Error: Returned values aren't valid, did it run Out of Gas? You might also see this error if you are not using the correct ABI for the contract you are retrieving data from, requesting data from a block number that does not exist, or querying a node which is not fully synced.
2026.03.02-03:07:09.194[31m error[39m [caliper] [ethereum-connector] 	Failed tx on simple calling method query nonce undefined
2026.03.02-03:07:09.194[31m error[39m [caliper] [ethereum-connector] 	Error: Returned values aren't valid, did it run Out of Gas? You might also see this error if you are not using the correct ABI for the contract you are retrieving data from, requesting data from a block number that does not exist, or querying a node which is not fully synced.
2026.03.02-03:07:09.205[31m error[39m [caliper] [ethereum-connector] 	Failed tx on simple calling method query nonce undefined
2026.03.02-03:07:09.205[31m error[39m [caliper] [ethereum-connector] 	Error: Returned values aren't valid, did it run Out of Gas? You might also see this error if you are not using the correct ABI for the contract you are retrieving data from, requesting data from a block number that does not exist, or querying a node which is not fully synced.
2026.03.02-03:07:09.215[31m error[39m [caliper] [ethereum-connector] 	Failed tx on simple calling method query nonce undefined
2026.03.02-03:07:09.216[31m error[39m [caliper] [ethereum-connector] 	Error: Returned values aren't valid, did it run Out of Gas? You might also see this error if you are not using the correct ABI for the contract you are retrieving data from, requesting data from a block number that does not exist, or querying a node which is not fully synced.
2026.03.02-03:07:09.225[31m error[39m [caliper] [ethereum-connector] 	Failed tx on simple calling method query nonce undefined
2026.03.02-03:07:09.225[31m error[39m [caliper] [ethereum-connector] 	Error: Returned values aren't valid, did it run Out of Gas? You might also see this error if you are not using the correct ABI for the contract you are retrieving data from, requesting data from a block number that does not exist, or querying a node which is not fully synced.
2026.03.02-03:07:09.235[31m error[39m [caliper] [ethereum-connector] 	Failed tx on simple calling method query nonce undefined
2026.03.02-03:07:09.235[31m error[39m [caliper] [ethereum-connector] 	Error: Returned values aren't valid, did it run Out of Gas? You might also see this error if you are not using the correct ABI for the contract you are retrieving data from, requesting data from a block number that does not exist, or querying a node which is not fully synced.
2026.03.02-03:07:09.246[31m error[39m [caliper] [ethereum-connector] 	Failed tx on simple calling method query nonce undefined
2026.03.02-03:07:09.246[31m error[39m [caliper] [ethereum-connector] 	Error: Returned values aren't valid, did it run Out of Gas? You might also see this error if you are not using the correct ABI for the contract you are retrieving data from, requesting data from a block number that does not exist, or querying a node which is not fully synced.
2026.03.02-03:07:09.255[31m error[39m [caliper] [ethereum-connector] 	Failed tx on simple calling method query nonce undefined
2026.03.02-03:07:09.255[31m error[39m [caliper] [ethereum-connector] 	Error: Returned values aren't valid, did it run Out of Gas? You might also see this error if you are not using the correct ABI for the contract you are retrieving data from, requesting data from a block number that does not exist, or querying a node which is not fully synced.
2026.03.02-03:07:09.265[31m error[39m [caliper] [ethereum-connector] 	Failed tx on simple calling method query nonce undefined
2026.03.02-03:07:09.265[31m error[39m [caliper] [ethereum-connector] 	Error: Returned values aren't valid, did it run Out of Gas? You might also see this error if you are not using the correct ABI for the contract you are retrieving data from, requesting data from a block number that does not exist, or querying a node which is not fully synced.
2026.03.02-03:07:09.275[31m error[39m [caliper] [ethereum-connector] 	Failed tx on simple calling method query nonce undefined
2026.03.02-03:07:09.275[31m error[39m [caliper] [ethereum-connector] 	Error: Returned values aren't valid, did it run Out of Gas? You might also see this error if you are not using the correct ABI for the contract you are retrieving data from, requesting data from a block number that does not exist, or querying a node which is not fully synced.
2026.03.02-03:07:09.284[31m error[39m [caliper] [ethereum-connector] 	Failed tx on simple calling method query nonce undefined
2026.03.02-03:07:09.284[31m error[39m [caliper] [ethereum-connector] 	Error: Returned values aren't valid, did it run Out of Gas? You might also see this error if you are not using the correct ABI for the contract you are retrieving data from, requesting data from a block number that does not exist, or querying a node which is not fully synced.
2026.03.02-03:07:09.295[31m error[39m [caliper] [ethereum-connector] 	Failed tx on simple calling method query nonce undefined
2026.03.02-03:07:09.295[31m error[39m [caliper] [ethereum-connector] 	Error: Returned values aren't valid, did it run Out of Gas? You might also see this error if you are not using the correct ABI for the contract you are retrieving data from, requesting data from a block number that does not exist, or querying a node which is not fully synced.
2026.03.02-03:07:09.303[31m error[39m [caliper] [ethereum-connector] 	Failed tx on simple calling method query nonce undefined
2026.03.02-03:07:09.303[31m error[39m [caliper] [ethereum-connector] 	Error: Returned values aren't valid, did it run Out of Gas? You might also see this error if you are not using the correct ABI for the contract you are retrieving data from, requesting data from a block number that does not exist, or querying a node which is not fully synced.
2026.03.02-03:07:09.315[31m error[39m [caliper] [ethereum-connector] 	Failed tx on simple calling method query nonce undefined
2026.03.02-03:07:09.315[31m error[39m [caliper] [ethereum-connector] 	Error: Returned values aren't valid, did it run Out of Gas? You might also see this error if you are not using the correct ABI for the contract you are retrieving data from, requesting data from a block number that does not exist, or querying a node which is not fully synced.
2026.03.02-03:07:09.325[31m error[39m [caliper] [ethereum-connector] 	Failed tx on simple calling method query nonce undefined
2026.03.02-03:07:09.326[31m error[39m [caliper] [ethereum-connector] 	Error: Returned values aren't valid, did it run Out of Gas? You might also see this error if you are not using the correct ABI for the contract you are retrieving data from, requesting data from a block number that does not exist, or querying a node which is not fully synced.
2026.03.02-03:07:09.336[31m error[39m [caliper] [ethereum-connector] 	Failed tx on simple calling method query nonce undefined
2026.03.02-03:07:09.336[31m error[39m [caliper] [ethereum-connector] 	Error: Returned values aren't valid, did it run Out of Gas? You might also see this error if you are not using the correct ABI for the contract you are retrieving data from, requesting data from a block number that does not exist, or querying a node which is not fully synced.
2026.03.02-03:07:09.345[31m error[39m [caliper] [ethereum-connector] 	Failed tx on simple calling method query nonce undefined
2026.03.02-03:07:09.345[31m error[39m [caliper] [ethereum-connector] 	Error: Returned values aren't valid, did it run Out of Gas? You might also see this error if you are not using the correct ABI for the contract you are retrieving data from, requesting data from a block number that does not exist, or querying a node which is not fully synced.
2026.03.02-03:07:09.354[31m error[39m [caliper] [ethereum-connector] 	Failed tx on simple calling method query nonce undefined
2026.03.02-03:07:09.354[31m error[39m [caliper] [ethereum-connector] 	Error: Returned values aren't valid, did it run Out of Gas? You might also see this error if you are not using the correct ABI for the contract you are retrieving data from, requesting data from a block number that does not exist, or querying a node which is not fully synced.
2026.03.02-03:07:09.365[31m error[39m [caliper] [ethereum-connector] 	Failed tx on simple calling method query nonce undefined
2026.03.02-03:07:09.365[31m error[39m [caliper] [ethereum-connector] 	Error: Returned values aren't valid, did it run Out of Gas? You might also see this error if you are not using the correct ABI for the contract you are retrieving data from, requesting data from a block number that does not exist, or querying a node which is not fully synced.
2026.03.02-03:07:09.375[31m error[39m [caliper] [ethereum-connector] 	Failed tx on simple calling method query nonce undefined
2026.03.02-03:07:09.375[31m error[39m [caliper] [ethereum-connector] 	Error: Returned values aren't valid, did it run Out of Gas? You might also see this error if you are not using the correct ABI for the contract you are retrieving data from, requesting data from a block number that does not exist, or querying a node which is not fully synced.
2026.03.02-03:07:09.385[31m error[39m [caliper] [ethereum-connector] 	Failed tx on simple calling method query nonce undefined
2026.03.02-03:07:09.385[31m error[39m [caliper] [ethereum-connector] 	Error: Returned values aren't valid, did it run Out of Gas? You might also see this error if you are not using the correct ABI for the contract you are retrieving data from, requesting data from a block number that does not exist, or querying a node which is not fully synced.
2026.03.02-03:07:09.395[31m error[39m [caliper] [ethereum-connector] 	Failed tx on simple calling method query nonce undefined
2026.03.02-03:07:09.395[31m error[39m [caliper] [ethereum-connector] 	Error: Returned values aren't valid, did it run Out of Gas? You might also see this error if you are not using the correct ABI for the contract you are retrieving data from, requesting data from a block number that does not exist, or querying a node which is not fully synced.
2026.03.02-03:07:09.405[31m error[39m [caliper] [ethereum-connector] 	Failed tx on simple calling method query nonce undefined
2026.03.02-03:07:09.406[31m error[39m [caliper] [ethereum-connector] 	Error: Returned values aren't valid, did it run Out of Gas? You might also see this error if you are not using the correct ABI for the contract you are retrieving data from, requesting data from a block number that does not exist, or querying a node which is not fully synced.
2026.03.02-03:07:09.415[31m error[39m [caliper] [ethereum-connector] 	Failed tx on simple calling method query nonce undefined
2026.03.02-03:07:09.415[31m error[39m [caliper] [ethereum-connector] 	Error: Returned values aren't valid, did it run Out of Gas? You might also see this error if you are not using the correct ABI for the contract you are retrieving data from, requesting data from a block number that does not exist, or querying a node which is not fully synced.
2026.03.02-03:07:09.425[31m error[39m [caliper] [ethereum-connector] 	Failed tx on simple calling method query nonce undefined
2026.03.02-03:07:09.425[31m error[39m [caliper] [ethereum-connector] 	Error: Returned values aren't valid, did it run Out of Gas? You might also see this error if you are not using the correct ABI for the contract you are retrieving data from, requesting data from a block number that does not exist, or querying a node which is not fully synced.
2026.03.02-03:07:09.434[31m error[39m [caliper] [ethereum-connector] 	Failed tx on simple calling method query nonce undefined
2026.03.02-03:07:09.434[31m error[39m [caliper] [ethereum-connector] 	Error: Returned values aren't valid, did it run Out of Gas? You might also see this error if you are not using the correct ABI for the contract you are retrieving data from, requesting data from a block number that does not exist, or querying a node which is not fully synced.
2026.03.02-03:07:09.444[31m error[39m [caliper] [ethereum-connector] 	Failed tx on simple calling method query nonce undefined
2026.03.02-03:07:09.444[31m error[39m [caliper] [ethereum-connector] 	Error: Returned values aren't valid, did it run Out of Gas? You might also see this error if you are not using the correct ABI for the contract you are retrieving data from, requesting data from a block number that does not exist, or querying a node which is not fully synced.
2026.03.02-03:07:09.455[31m error[39m [caliper] [ethereum-connector] 	Failed tx on simple calling method query nonce undefined
2026.03.02-03:07:09.455[31m error[39m [caliper] [ethereum-connector] 	Error: Returned values aren't valid, did it run Out of Gas? You might also see this error if you are not using the correct ABI for the contract you are retrieving data from, requesting data from a block number that does not exist, or querying a node which is not fully synced.
2026.03.02-03:07:09.464[31m error[39m [caliper] [ethereum-connector] 	Failed tx on simple calling method query nonce undefined
2026.03.02-03:07:09.464[31m error[39m [caliper] [ethereum-connector] 	Error: Returned values aren't valid, did it run Out of Gas? You might also see this error if you are not using the correct ABI for the contract you are retrieving data from, requesting data from a block number that does not exist, or querying a node which is not fully synced.
2026.03.02-03:07:09.475[31m error[39m [caliper] [ethereum-connector] 	Failed tx on simple calling method query nonce undefined
2026.03.02-03:07:09.475[31m error[39m [caliper] [ethereum-connector] 	Error: Returned values aren't valid, did it run Out of Gas? You might also see this error if you are not using the correct ABI for the contract you are retrieving data from, requesting data from a block number that does not exist, or querying a node which is not fully synced.
2026.03.02-03:07:09.485[31m error[39m [caliper] [ethereum-connector] 	Failed tx on simple calling method query nonce undefined
2026.03.02-03:07:09.485[31m error[39m [caliper] [ethereum-connector] 	Error: Returned values aren't valid, did it run Out of Gas? You might also see this error if you are not using the correct ABI for the contract you are retrieving data from, requesting data from a block number that does not exist, or querying a node which is not fully synced.
2026.03.02-03:07:09.495[31m error[39m [caliper] [ethereum-connector] 	Failed tx on simple calling method query nonce undefined
2026.03.02-03:07:09.495[31m error[39m [caliper] [ethereum-connector] 	Error: Returned values aren't valid, did it run Out of Gas? You might also see this error if you are not using the correct ABI for the contract you are retrieving data from, requesting data from a block number that does not exist, or querying a node which is not fully synced.
2026.03.02-03:07:09.505[31m error[39m [caliper] [ethereum-connector] 	Failed tx on simple calling method query nonce undefined
2026.03.02-03:07:09.505[31m error[39m [caliper] [ethereum-connector] 	Error: Returned values aren't valid, did it run Out of Gas? You might also see this error if you are not using the correct ABI for the contract you are retrieving data from, requesting data from a block number that does not exist, or querying a node which is not fully synced.
2026.03.02-03:07:09.514[31m error[39m [caliper] [ethereum-connector] 	Failed tx on simple calling method query nonce undefined
2026.03.02-03:07:09.514[31m error[39m [caliper] [ethereum-connector] 	Error: Returned values aren't valid, did it run Out of Gas? You might also see this error if you are not using the correct ABI for the contract you are retrieving data from, requesting data from a block number that does not exist, or querying a node which is not fully synced.
2026.03.02-03:07:09.525[31m error[39m [caliper] [ethereum-connector] 	Failed tx on simple calling method query nonce undefined
2026.03.02-03:07:09.525[31m error[39m [caliper] [ethereum-connector] 	Error: Returned values aren't valid, did it run Out of Gas? You might also see this error if you are not using the correct ABI for the contract you are retrieving data from, requesting data from a block number that does not exist, or querying a node which is not fully synced.
2026.03.02-03:07:09.536[31m error[39m [caliper] [ethereum-connector] 	Failed tx on simple calling method query nonce undefined
2026.03.02-03:07:09.536[31m error[39m [caliper] [ethereum-connector] 	Error: Returned values aren't valid, did it run Out of Gas? You might also see this error if you are not using the correct ABI for the contract you are retrieving data from, requesting data from a block number that does not exist, or querying a node which is not fully synced.
2026.03.02-03:07:09.545[31m error[39m [caliper] [ethereum-connector] 	Failed tx on simple calling method query nonce undefined
2026.03.02-03:07:09.545[31m error[39m [caliper] [ethereum-connector] 	Error: Returned values aren't valid, did it run Out of Gas? You might also see this error if you are not using the correct ABI for the contract you are retrieving data from, requesting data from a block number that does not exist, or querying a node which is not fully synced.
2026.03.02-03:07:09.555[31m error[39m [caliper] [ethereum-connector] 	Failed tx on simple calling method query nonce undefined
2026.03.02-03:07:09.555[31m error[39m [caliper] [ethereum-connector] 	Error: Returned values aren't valid, did it run Out of Gas? You might also see this error if you are not using the correct ABI for the contract you are retrieving data from, requesting data from a block number that does not exist, or querying a node which is not fully synced.
2026.03.02-03:07:09.565[31m error[39m [caliper] [ethereum-connector] 	Failed tx on simple calling method query nonce undefined
2026.03.02-03:07:09.565[31m error[39m [caliper] [ethereum-connector] 	Error: Returned values aren't valid, did it run Out of Gas? You might also see this error if you are not using the correct ABI for the contract you are retrieving data from, requesting data from a block number that does not exist, or querying a node which is not fully synced.
2026.03.02-03:07:09.575[31m error[39m [caliper] [ethereum-connector] 	Failed tx on simple calling method query nonce undefined
2026.03.02-03:07:09.575[31m error[39m [caliper] [ethereum-connector] 	Error: Returned values aren't valid, did it run Out of Gas? You might also see this error if you are not using the correct ABI for the contract you are retrieving data from, requesting data from a block number that does not exist, or querying a node which is not fully synced.
2026.03.02-03:07:09.585[31m error[39m [caliper] [ethereum-connector] 	Failed tx on simple calling method query nonce undefined
2026.03.02-03:07:09.586[31m error[39m [caliper] [ethereum-connector] 	Error: Returned values aren't valid, did it run Out of Gas? You might also see this error if you are not using the correct ABI for the contract you are retrieving data from, requesting data from a block number that does not exist, or querying a node which is not fully synced.
2026.03.02-03:07:09.594[31m error[39m [caliper] [ethereum-connector] 	Failed tx on simple calling method query nonce undefined
2026.03.02-03:07:09.595[31m error[39m [caliper] [ethereum-connector] 	Error: Returned values aren't valid, did it run Out of Gas? You might also see this error if you are not using the correct ABI for the contract you are retrieving data from, requesting data from a block number that does not exist, or querying a node which is not fully synced.
2026.03.02-03:07:09.605[31m error[39m [caliper] [ethereum-connector] 	Failed tx on simple calling method query nonce undefined
2026.03.02-03:07:09.605[31m error[39m [caliper] [ethereum-connector] 	Error: Returned values aren't valid, did it run Out of Gas? You might also see this error if you are not using the correct ABI for the contract you are retrieving data from, requesting data from a block number that does not exist, or querying a node which is not fully synced.
2026.03.02-03:07:09.614[31m error[39m [caliper] [ethereum-connector] 	Failed tx on simple calling method query nonce undefined
2026.03.02-03:07:09.614[31m error[39m [caliper] [ethereum-connector] 	Error: Returned values aren't valid, did it run Out of Gas? You might also see this error if you are not using the correct ABI for the contract you are retrieving data from, requesting data from a block number that does not exist, or querying a node which is not fully synced.
2026.03.02-03:07:09.624[31m error[39m [caliper] [ethereum-connector] 	Failed tx on simple calling method query nonce undefined
2026.03.02-03:07:09.624[31m error[39m [caliper] [ethereum-connector] 	Error: Returned values aren't valid, did it run Out of Gas? You might also see this error if you are not using the correct ABI for the contract you are retrieving data from, requesting data from a block number that does not exist, or querying a node which is not fully synced.
2026.03.02-03:07:09.634[31m error[39m [caliper] [ethereum-connector] 	Failed tx on simple calling method query nonce undefined
2026.03.02-03:07:09.634[31m error[39m [caliper] [ethereum-connector] 	Error: Returned values aren't valid, did it run Out of Gas? You might also see this error if you are not using the correct ABI for the contract you are retrieving data from, requesting data from a block number that does not exist, or querying a node which is not fully synced.
2026.03.02-03:07:09.645[31m error[39m [caliper] [ethereum-connector] 	Failed tx on simple calling method query nonce undefined
2026.03.02-03:07:09.645[31m error[39m [caliper] [ethereum-connector] 	Error: Returned values aren't valid, did it run Out of Gas? You might also see this error if you are not using the correct ABI for the contract you are retrieving data from, requesting data from a block number that does not exist, or querying a node which is not fully synced.
2026.03.02-03:07:09.655[31m error[39m [caliper] [ethereum-connector] 	Failed tx on simple calling method query nonce undefined
2026.03.02-03:07:09.655[31m error[39m [caliper] [ethereum-connector] 	Error: Returned values aren't valid, did it run Out of Gas? You might also see this error if you are not using the correct ABI for the contract you are retrieving data from, requesting data from a block number that does not exist, or querying a node which is not fully synced.
2026.03.02-03:07:09.665[31m error[39m [caliper] [ethereum-connector] 	Failed tx on simple calling method query nonce undefined
2026.03.02-03:07:09.665[31m error[39m [caliper] [ethereum-connector] 	Error: Returned values aren't valid, did it run Out of Gas? You might also see this error if you are not using the correct ABI for the contract you are retrieving data from, requesting data from a block number that does not exist, or querying a node which is not fully synced.
2026.03.02-03:07:09.675[31m error[39m [caliper] [ethereum-connector] 	Failed tx on simple calling method query nonce undefined
2026.03.02-03:07:09.675[31m error[39m [caliper] [ethereum-connector] 	Error: Returned values aren't valid, did it run Out of Gas? You might also see this error if you are not using the correct ABI for the contract you are retrieving data from, requesting data from a block number that does not exist, or querying a node which is not fully synced.
2026.03.02-03:07:09.685[31m error[39m [caliper] [ethereum-connector] 	Failed tx on simple calling method query nonce undefined
2026.03.02-03:07:09.686[31m error[39m [caliper] [ethereum-connector] 	Error: Returned values aren't valid, did it run Out of Gas? You might also see this error if you are not using the correct ABI for the contract you are retrieving data from, requesting data from a block number that does not exist, or querying a node which is not fully synced.
2026.03.02-03:07:09.696[31m error[39m [caliper] [ethereum-connector] 	Failed tx on simple calling method query nonce undefined
2026.03.02-03:07:09.696[31m error[39m [caliper] [ethereum-connector] 	Error: Returned values aren't valid, did it run Out of Gas? You might also see this error if you are not using the correct ABI for the contract you are retrieving data from, requesting data from a block number that does not exist, or querying a node which is not fully synced.
2026.03.02-03:07:09.705[31m error[39m [caliper] [ethereum-connector] 	Failed tx on simple calling method query nonce undefined
2026.03.02-03:07:09.705[31m error[39m [caliper] [ethereum-connector] 	Error: Returned values aren't valid, did it run Out of Gas? You might also see this error if you are not using the correct ABI for the contract you are retrieving data from, requesting data from a block number that does not exist, or querying a node which is not fully synced.
2026.03.02-03:07:09.715[31m error[39m [caliper] [ethereum-connector] 	Failed tx on simple calling method query nonce undefined
2026.03.02-03:07:09.716[31m error[39m [caliper] [ethereum-connector] 	Error: Returned values aren't valid, did it run Out of Gas? You might also see this error if you are not using the correct ABI for the contract you are retrieving data from, requesting data from a block number that does not exist, or querying a node which is not fully synced.
2026.03.02-03:07:09.725[31m error[39m [caliper] [ethereum-connector] 	Failed tx on simple calling method query nonce undefined
2026.03.02-03:07:09.725[31m error[39m [caliper] [ethereum-connector] 	Error: Returned values aren't valid, did it run Out of Gas? You might also see this error if you are not using the correct ABI for the contract you are retrieving data from, requesting data from a block number that does not exist, or querying a node which is not fully synced.
2026.03.02-03:07:09.736[31m error[39m [caliper] [ethereum-connector] 	Failed tx on simple calling method query nonce undefined
2026.03.02-03:07:09.736[31m error[39m [caliper] [ethereum-connector] 	Error: Returned values aren't valid, did it run Out of Gas? You might also see this error if you are not using the correct ABI for the contract you are retrieving data from, requesting data from a block number that does not exist, or querying a node which is not fully synced.
2026.03.02-03:07:09.745[31m error[39m [caliper] [ethereum-connector] 	Failed tx on simple calling method query nonce undefined
2026.03.02-03:07:09.745[31m error[39m [caliper] [ethereum-connector] 	Error: Returned values aren't valid, did it run Out of Gas? You might also see this error if you are not using the correct ABI for the contract you are retrieving data from, requesting data from a block number that does not exist, or querying a node which is not fully synced.
2026.03.02-03:07:09.755[31m error[39m [caliper] [ethereum-connector] 	Failed tx on simple calling method query nonce undefined
2026.03.02-03:07:09.755[31m error[39m [caliper] [ethereum-connector] 	Error: Returned values aren't valid, did it run Out of Gas? You might also see this error if you are not using the correct ABI for the contract you are retrieving data from, requesting data from a block number that does not exist, or querying a node which is not fully synced.
2026.03.02-03:07:09.766[31m error[39m [caliper] [ethereum-connector] 	Failed tx on simple calling method query nonce undefined
2026.03.02-03:07:09.766[31m error[39m [caliper] [ethereum-connector] 	Error: Returned values aren't valid, did it run Out of Gas? You might also see this error if you are not using the correct ABI for the contract you are retrieving data from, requesting data from a block number that does not exist, or querying a node which is not fully synced.
2026.03.02-03:07:09.775[31m error[39m [caliper] [ethereum-connector] 	Failed tx on simple calling method query nonce undefined
2026.03.02-03:07:09.775[31m error[39m [caliper] [ethereum-connector] 	Error: Returned values aren't valid, did it run Out of Gas? You might also see this error if you are not using the correct ABI for the contract you are retrieving data from, requesting data from a block number that does not exist, or querying a node which is not fully synced.
2026.03.02-03:07:09.785[31m error[39m [caliper] [ethereum-connector] 	Failed tx on simple calling method query nonce undefined
2026.03.02-03:07:09.785[31m error[39m [caliper] [ethereum-connector] 	Error: Returned values aren't valid, did it run Out of Gas? You might also see this error if you are not using the correct ABI for the contract you are retrieving data from, requesting data from a block number that does not exist, or querying a node which is not fully synced.
2026.03.02-03:07:09.796[31m error[39m [caliper] [ethereum-connector] 	Failed tx on simple calling method query nonce undefined
2026.03.02-03:07:09.796[31m error[39m [caliper] [ethereum-connector] 	Error: Returned values aren't valid, did it run Out of Gas? You might also see this error if you are not using the correct ABI for the contract you are retrieving data from, requesting data from a block number that does not exist, or querying a node which is not fully synced.
2026.03.02-03:07:09.805[31m error[39m [caliper] [ethereum-connector] 	Failed tx on simple calling method query nonce undefined
2026.03.02-03:07:09.805[31m error[39m [caliper] [ethereum-connector] 	Error: Returned values aren't valid, did it run Out of Gas? You might also see this error if you are not using the correct ABI for the contract you are retrieving data from, requesting data from a block number that does not exist, or querying a node which is not fully synced.
2026.03.02-03:07:09.815[31m error[39m [caliper] [ethereum-connector] 	Failed tx on simple calling method query nonce undefined
2026.03.02-03:07:09.815[31m error[39m [caliper] [ethereum-connector] 	Error: Returned values aren't valid, did it run Out of Gas? You might also see this error if you are not using the correct ABI for the contract you are retrieving data from, requesting data from a block number that does not exist, or querying a node which is not fully synced.
2026.03.02-03:07:09.825[31m error[39m [caliper] [ethereum-connector] 	Failed tx on simple calling method query nonce undefined
2026.03.02-03:07:09.825[31m error[39m [caliper] [ethereum-connector] 	Error: Returned values aren't valid, did it run Out of Gas? You might also see this error if you are not using the correct ABI for the contract you are retrieving data from, requesting data from a block number that does not exist, or querying a node which is not fully synced.
2026.03.02-03:07:09.835[31m error[39m [caliper] [ethereum-connector] 	Failed tx on simple calling method query nonce undefined
2026.03.02-03:07:09.835[31m error[39m [caliper] [ethereum-connector] 	Error: Returned values aren't valid, did it run Out of Gas? You might also see this error if you are not using the correct ABI for the contract you are retrieving data from, requesting data from a block number that does not exist, or querying a node which is not fully synced.
2026.03.02-03:07:09.845[31m error[39m [caliper] [ethereum-connector] 	Failed tx on simple calling method query nonce undefined
2026.03.02-03:07:09.845[31m error[39m [caliper] [ethereum-connector] 	Error: Returned values aren't valid, did it run Out of Gas? You might also see this error if you are not using the correct ABI for the contract you are retrieving data from, requesting data from a block number that does not exist, or querying a node which is not fully synced.
2026.03.02-03:07:09.855[31m error[39m [caliper] [ethereum-connector] 	Failed tx on simple calling method query nonce undefined
2026.03.02-03:07:09.855[31m error[39m [caliper] [ethereum-connector] 	Error: Returned values aren't valid, did it run Out of Gas? You might also see this error if you are not using the correct ABI for the contract you are retrieving data from, requesting data from a block number that does not exist, or querying a node which is not fully synced.
2026.03.02-03:07:09.865[31m error[39m [caliper] [ethereum-connector] 	Failed tx on simple calling method query nonce undefined
2026.03.02-03:07:09.866[31m error[39m [caliper] [ethereum-connector] 	Error: Returned values aren't valid, did it run Out of Gas? You might also see this error if you are not using the correct ABI for the contract you are retrieving data from, requesting data from a block number that does not exist, or querying a node which is not fully synced.
2026.03.02-03:07:09.874[31m error[39m [caliper] [ethereum-connector] 	Failed tx on simple calling method query nonce undefined
2026.03.02-03:07:09.875[31m error[39m [caliper] [ethereum-connector] 	Error: Returned values aren't valid, did it run Out of Gas? You might also see this error if you are not using the correct ABI for the contract you are retrieving data from, requesting data from a block number that does not exist, or querying a node which is not fully synced.
2026.03.02-03:07:09.884[31m error[39m [caliper] [ethereum-connector] 	Failed tx on simple calling method query nonce undefined
2026.03.02-03:07:09.884[31m error[39m [caliper] [ethereum-connector] 	Error: Returned values aren't valid, did it run Out of Gas? You might also see this error if you are not using the correct ABI for the contract you are retrieving data from, requesting data from a block number that does not exist, or querying a node which is not fully synced.
2026.03.02-03:07:09.893[31m error[39m [caliper] [ethereum-connector] 	Failed tx on simple calling method query nonce undefined
2026.03.02-03:07:09.894[31m error[39m [caliper] [ethereum-connector] 	Error: Returned values aren't valid, did it run Out of Gas? You might also see this error if you are not using the correct ABI for the contract you are retrieving data from, requesting data from a block number that does not exist, or querying a node which is not fully synced.
2026.03.02-03:07:09.904[31m error[39m [caliper] [ethereum-connector] 	Failed tx on simple calling method query nonce undefined
2026.03.02-03:07:09.904[31m error[39m [caliper] [ethereum-connector] 	Error: Returned values aren't valid, did it run Out of Gas? You might also see this error if you are not using the correct ABI for the contract you are retrieving data from, requesting data from a block number that does not exist, or querying a node which is not fully synced.
2026.03.02-03:07:09.914[31m error[39m [caliper] [ethereum-connector] 	Failed tx on simple calling method query nonce undefined
2026.03.02-03:07:09.914[31m error[39m [caliper] [ethereum-connector] 	Error: Returned values aren't valid, did it run Out of Gas? You might also see this error if you are not using the correct ABI for the contract you are retrieving data from, requesting data from a block number that does not exist, or querying a node which is not fully synced.
2026.03.02-03:07:09.924[31m error[39m [caliper] [ethereum-connector] 	Failed tx on simple calling method query nonce undefined
2026.03.02-03:07:09.924[31m error[39m [caliper] [ethereum-connector] 	Error: Returned values aren't valid, did it run Out of Gas? You might also see this error if you are not using the correct ABI for the contract you are retrieving data from, requesting data from a block number that does not exist, or querying a node which is not fully synced.
2026.03.02-03:07:09.933[31m error[39m [caliper] [ethereum-connector] 	Failed tx on simple calling method query nonce undefined
2026.03.02-03:07:09.933[31m error[39m [caliper] [ethereum-connector] 	Error: Returned values aren't valid, did it run Out of Gas? You might also see this error if you are not using the correct ABI for the contract you are retrieving data from, requesting data from a block number that does not exist, or querying a node which is not fully synced.
2026.03.02-03:07:09.945[31m error[39m [caliper] [ethereum-connector] 	Failed tx on simple calling method query nonce undefined
2026.03.02-03:07:09.945[31m error[39m [caliper] [ethereum-connector] 	Error: Returned values aren't valid, did it run Out of Gas? You might also see this error if you are not using the correct ABI for the contract you are retrieving data from, requesting data from a block number that does not exist, or querying a node which is not fully synced.
2026.03.02-03:07:09.955[31m error[39m [caliper] [ethereum-connector] 	Failed tx on simple calling method query nonce undefined
2026.03.02-03:07:09.955[31m error[39m [caliper] [ethereum-connector] 	Error: Returned values aren't valid, did it run Out of Gas? You might also see this error if you are not using the correct ABI for the contract you are retrieving data from, requesting data from a block number that does not exist, or querying a node which is not fully synced.
2026.03.02-03:07:09.965[31m error[39m [caliper] [ethereum-connector] 	Failed tx on simple calling method query nonce undefined
2026.03.02-03:07:09.965[31m error[39m [caliper] [ethereum-connector] 	Error: Returned values aren't valid, did it run Out of Gas? You might also see this error if you are not using the correct ABI for the contract you are retrieving data from, requesting data from a block number that does not exist, or querying a node which is not fully synced.
2026.03.02-03:07:09.975[31m error[39m [caliper] [ethereum-connector] 	Failed tx on simple calling method query nonce undefined
2026.03.02-03:07:09.975[31m error[39m [caliper] [ethereum-connector] 	Error: Returned values aren't valid, did it run Out of Gas? You might also see this error if you are not using the correct ABI for the contract you are retrieving data from, requesting data from a block number that does not exist, or querying a node which is not fully synced.
2026.03.02-03:07:09.985[31m error[39m [caliper] [ethereum-connector] 	Failed tx on simple calling method query nonce undefined
2026.03.02-03:07:09.986[31m error[39m [caliper] [ethereum-connector] 	Error: Returned values aren't valid, did it run Out of Gas? You might also see this error if you are not using the correct ABI for the contract you are retrieving data from, requesting data from a block number that does not exist, or querying a node which is not fully synced.
2026.03.02-03:07:09.995[31m error[39m [caliper] [ethereum-connector] 	Failed tx on simple calling method query nonce undefined
2026.03.02-03:07:09.995[31m error[39m [caliper] [ethereum-connector] 	Error: Returned values aren't valid, did it run Out of Gas? You might also see this error if you are not using the correct ABI for the contract you are retrieving data from, requesting data from a block number that does not exist, or querying a node which is not fully synced.
2026.03.02-03:07:10.003[31m error[39m [caliper] [ethereum-connector] 	Failed tx on simple calling method query nonce undefined
2026.03.02-03:07:10.003[31m error[39m [caliper] [ethereum-connector] 	Error: Returned values aren't valid, did it run Out of Gas? You might also see this error if you are not using the correct ABI for the contract you are retrieving data from, requesting data from a block number that does not exist, or querying a node which is not fully synced.
2026.03.02-03:07:10.015[31m error[39m [caliper] [ethereum-connector] 	Failed tx on simple calling method query nonce undefined
2026.03.02-03:07:10.015[31m error[39m [caliper] [ethereum-connector] 	Error: Returned values aren't valid, did it run Out of Gas? You might also see this error if you are not using the correct ABI for the contract you are retrieving data from, requesting data from a block number that does not exist, or querying a node which is not fully synced.
2026.03.02-03:07:10.025[31m error[39m [caliper] [ethereum-connector] 	Failed tx on simple calling method query nonce undefined
2026.03.02-03:07:10.025[31m error[39m [caliper] [ethereum-connector] 	Error: Returned values aren't valid, did it run Out of Gas? You might also see this error if you are not using the correct ABI for the contract you are retrieving data from, requesting data from a block number that does not exist, or querying a node which is not fully synced.
2026.03.02-03:07:10.035[31m error[39m [caliper] [ethereum-connector] 	Failed tx on simple calling method query nonce undefined
2026.03.02-03:07:10.035[31m error[39m [caliper] [ethereum-connector] 	Error: Returned values aren't valid, did it run Out of Gas? You might also see this error if you are not using the correct ABI for the contract you are retrieving data from, requesting data from a block number that does not exist, or querying a node which is not fully synced.
2026.03.02-03:07:10.044[31m error[39m [caliper] [ethereum-connector] 	Failed tx on simple calling method query nonce undefined
2026.03.02-03:07:10.044[31m error[39m [caliper] [ethereum-connector] 	Error: Returned values aren't valid, did it run Out of Gas? You might also see this error if you are not using the correct ABI for the contract you are retrieving data from, requesting data from a block number that does not exist, or querying a node which is not fully synced.
2026.03.02-03:07:10.055[31m error[39m [caliper] [ethereum-connector] 	Failed tx on simple calling method query nonce undefined
2026.03.02-03:07:10.055[31m error[39m [caliper] [ethereum-connector] 	Error: Returned values aren't valid, did it run Out of Gas? You might also see this error if you are not using the correct ABI for the contract you are retrieving data from, requesting data from a block number that does not exist, or querying a node which is not fully synced.
2026.03.02-03:07:10.066[31m error[39m [caliper] [ethereum-connector] 	Failed tx on simple calling method query nonce undefined
2026.03.02-03:07:10.066[31m error[39m [caliper] [ethereum-connector] 	Error: Returned values aren't valid, did it run Out of Gas? You might also see this error if you are not using the correct ABI for the contract you are retrieving data from, requesting data from a block number that does not exist, or querying a node which is not fully synced.
2026.03.02-03:07:10.075[31m error[39m [caliper] [ethereum-connector] 	Failed tx on simple calling method query nonce undefined
2026.03.02-03:07:10.075[31m error[39m [caliper] [ethereum-connector] 	Error: Returned values aren't valid, did it run Out of Gas? You might also see this error if you are not using the correct ABI for the contract you are retrieving data from, requesting data from a block number that does not exist, or querying a node which is not fully synced.
2026.03.02-03:07:10.085[31m error[39m [caliper] [ethereum-connector] 	Failed tx on simple calling method query nonce undefined
2026.03.02-03:07:10.086[31m error[39m [caliper] [ethereum-connector] 	Error: Returned values aren't valid, did it run Out of Gas? You might also see this error if you are not using the correct ABI for the contract you are retrieving data from, requesting data from a block number that does not exist, or querying a node which is not fully synced.
2026.03.02-03:07:10.095[31m error[39m [caliper] [ethereum-connector] 	Failed tx on simple calling method query nonce undefined
2026.03.02-03:07:10.096[31m error[39m [caliper] [ethereum-connector] 	Error: Returned values aren't valid, did it run Out of Gas? You might also see this error if you are not using the correct ABI for the contract you are retrieving data from, requesting data from a block number that does not exist, or querying a node which is not fully synced.
2026.03.02-03:07:10.105[31m error[39m [caliper] [ethereum-connector] 	Failed tx on simple calling method query nonce undefined
2026.03.02-03:07:10.105[31m error[39m [caliper] [ethereum-connector] 	Error: Returned values aren't valid, did it run Out of Gas? You might also see this error if you are not using the correct ABI for the contract you are retrieving data from, requesting data from a block number that does not exist, or querying a node which is not fully synced.
2026.03.02-03:07:10.114[31m error[39m [caliper] [ethereum-connector] 	Failed tx on simple calling method query nonce undefined
2026.03.02-03:07:10.114[31m error[39m [caliper] [ethereum-connector] 	Error: Returned values aren't valid, did it run Out of Gas? You might also see this error if you are not using the correct ABI for the contract you are retrieving data from, requesting data from a block number that does not exist, or querying a node which is not fully synced.
2026.03.02-03:07:10.125[31m error[39m [caliper] [ethereum-connector] 	Failed tx on simple calling method query nonce undefined
2026.03.02-03:07:10.125[31m error[39m [caliper] [ethereum-connector] 	Error: Returned values aren't valid, did it run Out of Gas? You might also see this error if you are not using the correct ABI for the contract you are retrieving data from, requesting data from a block number that does not exist, or querying a node which is not fully synced.
2026.03.02-03:07:10.135[31m error[39m [caliper] [ethereum-connector] 	Failed tx on simple calling method query nonce undefined
2026.03.02-03:07:10.135[31m error[39m [caliper] [ethereum-connector] 	Error: Returned values aren't valid, did it run Out of Gas? You might also see this error if you are not using the correct ABI for the contract you are retrieving data from, requesting data from a block number that does not exist, or querying a node which is not fully synced.
2026.03.02-03:07:10.145[31m error[39m [caliper] [ethereum-connector] 	Failed tx on simple calling method query nonce undefined
2026.03.02-03:07:10.145[31m error[39m [caliper] [ethereum-connector] 	Error: Returned values aren't valid, did it run Out of Gas? You might also see this error if you are not using the correct ABI for the contract you are retrieving data from, requesting data from a block number that does not exist, or querying a node which is not fully synced.
2026.03.02-03:07:10.154[31m error[39m [caliper] [ethereum-connector] 	Failed tx on simple calling method query nonce undefined
2026.03.02-03:07:10.154[31m error[39m [caliper] [ethereum-connector] 	Error: Returned values aren't valid, did it run Out of Gas? You might also see this error if you are not using the correct ABI for the contract you are retrieving data from, requesting data from a block number that does not exist, or querying a node which is not fully synced.
2026.03.02-03:07:10.165[31m error[39m [caliper] [ethereum-connector] 	Failed tx on simple calling method query nonce undefined
2026.03.02-03:07:10.165[31m error[39m [caliper] [ethereum-connector] 	Error: Returned values aren't valid, did it run Out of Gas? You might also see this error if you are not using the correct ABI for the contract you are retrieving data from, requesting data from a block number that does not exist, or querying a node which is not fully synced.
2026.03.02-03:07:10.175[31m error[39m [caliper] [ethereum-connector] 	Failed tx on simple calling method query nonce undefined
2026.03.02-03:07:10.176[31m error[39m [caliper] [ethereum-connector] 	Error: Returned values aren't valid, did it run Out of Gas? You might also see this error if you are not using the correct ABI for the contract you are retrieving data from, requesting data from a block number that does not exist, or querying a node which is not fully synced.
2026.03.02-03:07:10.185[31m error[39m [caliper] [ethereum-connector] 	Failed tx on simple calling method query nonce undefined
2026.03.02-03:07:10.185[31m error[39m [caliper] [ethereum-connector] 	Error: Returned values aren't valid, did it run Out of Gas? You might also see this error if you are not using the correct ABI for the contract you are retrieving data from, requesting data from a block number that does not exist, or querying a node which is not fully synced.
2026.03.02-03:07:10.195[31m error[39m [caliper] [ethereum-connector] 	Failed tx on simple calling method query nonce undefined
2026.03.02-03:07:10.195[31m error[39m [caliper] [ethereum-connector] 	Error: Returned values aren't valid, did it run Out of Gas? You might also see this error if you are not using the correct ABI for the contract you are retrieving data from, requesting data from a block number that does not exist, or querying a node which is not fully synced.
2026.03.02-03:07:10.206[31m error[39m [caliper] [ethereum-connector] 	Failed tx on simple calling method query nonce undefined
2026.03.02-03:07:10.206[31m error[39m [caliper] [ethereum-connector] 	Error: Returned values aren't valid, did it run Out of Gas? You might also see this error if you are not using the correct ABI for the contract you are retrieving data from, requesting data from a block number that does not exist, or querying a node which is not fully synced.
2026.03.02-03:07:10.215[31m error[39m [caliper] [ethereum-connector] 	Failed tx on simple calling method query nonce undefined
2026.03.02-03:07:10.215[31m error[39m [caliper] [ethereum-connector] 	Error: Returned values aren't valid, did it run Out of Gas? You might also see this error if you are not using the correct ABI for the contract you are retrieving data from, requesting data from a block number that does not exist, or querying a node which is not fully synced.
2026.03.02-03:07:10.225[31m error[39m [caliper] [ethereum-connector] 	Failed tx on simple calling method query nonce undefined
2026.03.02-03:07:10.226[31m error[39m [caliper] [ethereum-connector] 	Error: Returned values aren't valid, did it run Out of Gas? You might also see this error if you are not using the correct ABI for the contract you are retrieving data from, requesting data from a block number that does not exist, or querying a node which is not fully synced.
2026.03.02-03:07:10.234[31m error[39m [caliper] [ethereum-connector] 	Failed tx on simple calling method query nonce undefined
2026.03.02-03:07:10.234[31m error[39m [caliper] [ethereum-connector] 	Error: Returned values aren't valid, did it run Out of Gas? You might also see this error if you are not using the correct ABI for the contract you are retrieving data from, requesting data from a block number that does not exist, or querying a node which is not fully synced.
2026.03.02-03:07:10.245[31m error[39m [caliper] [ethereum-connector] 	Failed tx on simple calling method query nonce undefined
2026.03.02-03:07:10.245[31m error[39m [caliper] [ethereum-connector] 	Error: Returned values aren't valid, did it run Out of Gas? You might also see this error if you are not using the correct ABI for the contract you are retrieving data from, requesting data from a block number that does not exist, or querying a node which is not fully synced.
2026.03.02-03:07:10.255[31m error[39m [caliper] [ethereum-connector] 	Failed tx on simple calling method query nonce undefined
2026.03.02-03:07:10.256[31m error[39m [caliper] [ethereum-connector] 	Error: Returned values aren't valid, did it run Out of Gas? You might also see this error if you are not using the correct ABI for the contract you are retrieving data from, requesting data from a block number that does not exist, or querying a node which is not fully synced.
2026.03.02-03:07:10.265[31m error[39m [caliper] [ethereum-connector] 	Failed tx on simple calling method query nonce undefined
2026.03.02-03:07:10.265[31m error[39m [caliper] [ethereum-connector] 	Error: Returned values aren't valid, did it run Out of Gas? You might also see this error if you are not using the correct ABI for the contract you are retrieving data from, requesting data from a block number that does not exist, or querying a node which is not fully synced.
2026.03.02-03:07:10.274[31m error[39m [caliper] [ethereum-connector] 	Failed tx on simple calling method query nonce undefined
2026.03.02-03:07:10.274[31m error[39m [caliper] [ethereum-connector] 	Error: Returned values aren't valid, did it run Out of Gas? You might also see this error if you are not using the correct ABI for the contract you are retrieving data from, requesting data from a block number that does not exist, or querying a node which is not fully synced.
2026.03.02-03:07:10.285[31m error[39m [caliper] [ethereum-connector] 	Failed tx on simple calling method query nonce undefined
2026.03.02-03:07:10.285[31m error[39m [caliper] [ethereum-connector] 	Error: Returned values aren't valid, did it run Out of Gas? You might also see this error if you are not using the correct ABI for the contract you are retrieving data from, requesting data from a block number that does not exist, or querying a node which is not fully synced.
2026.03.02-03:07:10.295[31m error[39m [caliper] [ethereum-connector] 	Failed tx on simple calling method query nonce undefined
2026.03.02-03:07:10.295[31m error[39m [caliper] [ethereum-connector] 	Error: Returned values aren't valid, did it run Out of Gas? You might also see this error if you are not using the correct ABI for the contract you are retrieving data from, requesting data from a block number that does not exist, or querying a node which is not fully synced.
2026.03.02-03:07:10.305[31m error[39m [caliper] [ethereum-connector] 	Failed tx on simple calling method query nonce undefined
2026.03.02-03:07:10.305[31m error[39m [caliper] [ethereum-connector] 	Error: Returned values aren't valid, did it run Out of Gas? You might also see this error if you are not using the correct ABI for the contract you are retrieving data from, requesting data from a block number that does not exist, or querying a node which is not fully synced.
2026.03.02-03:07:10.313[31m error[39m [caliper] [ethereum-connector] 	Failed tx on simple calling method query nonce undefined
2026.03.02-03:07:10.313[31m error[39m [caliper] [ethereum-connector] 	Error: Returned values aren't valid, did it run Out of Gas? You might also see this error if you are not using the correct ABI for the contract you are retrieving data from, requesting data from a block number that does not exist, or querying a node which is not fully synced.
2026.03.02-03:07:10.325[31m error[39m [caliper] [ethereum-connector] 	Failed tx on simple calling method query nonce undefined
2026.03.02-03:07:10.325[31m error[39m [caliper] [ethereum-connector] 	Error: Returned values aren't valid, did it run Out of Gas? You might also see this error if you are not using the correct ABI for the contract you are retrieving data from, requesting data from a block number that does not exist, or querying a node which is not fully synced.
2026.03.02-03:07:10.335[31m error[39m [caliper] [ethereum-connector] 	Failed tx on simple calling method query nonce undefined
2026.03.02-03:07:10.335[31m error[39m [caliper] [ethereum-connector] 	Error: Returned values aren't valid, did it run Out of Gas? You might also see this error if you are not using the correct ABI for the contract you are retrieving data from, requesting data from a block number that does not exist, or querying a node which is not fully synced.
2026.03.02-03:07:10.346[31m error[39m [caliper] [ethereum-connector] 	Failed tx on simple calling method query nonce undefined
2026.03.02-03:07:10.346[31m error[39m [caliper] [ethereum-connector] 	Error: Returned values aren't valid, did it run Out of Gas? You might also see this error if you are not using the correct ABI for the contract you are retrieving data from, requesting data from a block number that does not exist, or querying a node which is not fully synced.
2026.03.02-03:07:10.355[31m error[39m [caliper] [ethereum-connector] 	Failed tx on simple calling method query nonce undefined
2026.03.02-03:07:10.355[31m error[39m [caliper] [ethereum-connector] 	Error: Returned values aren't valid, did it run Out of Gas? You might also see this error if you are not using the correct ABI for the contract you are retrieving data from, requesting data from a block number that does not exist, or querying a node which is not fully synced.
2026.03.02-03:07:10.365[31m error[39m [caliper] [ethereum-connector] 	Failed tx on simple calling method query nonce undefined
2026.03.02-03:07:10.365[31m error[39m [caliper] [ethereum-connector] 	Error: Returned values aren't valid, did it run Out of Gas? You might also see this error if you are not using the correct ABI for the contract you are retrieving data from, requesting data from a block number that does not exist, or querying a node which is not fully synced.
2026.03.02-03:07:10.376[31m error[39m [caliper] [ethereum-connector] 	Failed tx on simple calling method query nonce undefined
2026.03.02-03:07:10.376[31m error[39m [caliper] [ethereum-connector] 	Error: Returned values aren't valid, did it run Out of Gas? You might also see this error if you are not using the correct ABI for the contract you are retrieving data from, requesting data from a block number that does not exist, or querying a node which is not fully synced.
2026.03.02-03:07:10.384[31m error[39m [caliper] [ethereum-connector] 	Failed tx on simple calling method query nonce undefined
2026.03.02-03:07:10.384[31m error[39m [caliper] [ethereum-connector] 	Error: Returned values aren't valid, did it run Out of Gas? You might also see this error if you are not using the correct ABI for the contract you are retrieving data from, requesting data from a block number that does not exist, or querying a node which is not fully synced.
2026.03.02-03:07:10.395[31m error[39m [caliper] [ethereum-connector] 	Failed tx on simple calling method query nonce undefined
2026.03.02-03:07:10.395[31m error[39m [caliper] [ethereum-connector] 	Error: Returned values aren't valid, did it run Out of Gas? You might also see this error if you are not using the correct ABI for the contract you are retrieving data from, requesting data from a block number that does not exist, or querying a node which is not fully synced.
2026.03.02-03:07:10.406[31m error[39m [caliper] [ethereum-connector] 	Failed tx on simple calling method query nonce undefined
2026.03.02-03:07:10.406[31m error[39m [caliper] [ethereum-connector] 	Error: Returned values aren't valid, did it run Out of Gas? You might also see this error if you are not using the correct ABI for the contract you are retrieving data from, requesting data from a block number that does not exist, or querying a node which is not fully synced.
2026.03.02-03:07:10.414[31m error[39m [caliper] [ethereum-connector] 	Failed tx on simple calling method query nonce undefined
2026.03.02-03:07:10.414[31m error[39m [caliper] [ethereum-connector] 	Error: Returned values aren't valid, did it run Out of Gas? You might also see this error if you are not using the correct ABI for the contract you are retrieving data from, requesting data from a block number that does not exist, or querying a node which is not fully synced.
2026.03.02-03:07:10.425[31m error[39m [caliper] [ethereum-connector] 	Failed tx on simple calling method query nonce undefined
2026.03.02-03:07:10.425[31m error[39m [caliper] [ethereum-connector] 	Error: Returned values aren't valid, did it run Out of Gas? You might also see this error if you are not using the correct ABI for the contract you are retrieving data from, requesting data from a block number that does not exist, or querying a node which is not fully synced.
2026.03.02-03:07:10.435[31m error[39m [caliper] [ethereum-connector] 	Failed tx on simple calling method query nonce undefined
2026.03.02-03:07:10.435[31m error[39m [caliper] [ethereum-connector] 	Error: Returned values aren't valid, did it run Out of Gas? You might also see this error if you are not using the correct ABI for the contract you are retrieving data from, requesting data from a block number that does not exist, or querying a node which is not fully synced.
2026.03.02-03:07:10.445[31m error[39m [caliper] [ethereum-connector] 	Failed tx on simple calling method query nonce undefined
2026.03.02-03:07:10.446[31m error[39m [caliper] [ethereum-connector] 	Error: Returned values aren't valid, did it run Out of Gas? You might also see this error if you are not using the correct ABI for the contract you are retrieving data from, requesting data from a block number that does not exist, or querying a node which is not fully synced.
2026.03.02-03:07:10.455[31m error[39m [caliper] [ethereum-connector] 	Failed tx on simple calling method query nonce undefined
2026.03.02-03:07:10.455[31m error[39m [caliper] [ethereum-connector] 	Error: Returned values aren't valid, did it run Out of Gas? You might also see this error if you are not using the correct ABI for the contract you are retrieving data from, requesting data from a block number that does not exist, or querying a node which is not fully synced.
2026.03.02-03:07:10.464[31m error[39m [caliper] [ethereum-connector] 	Failed tx on simple calling method query nonce undefined
2026.03.02-03:07:10.464[31m error[39m [caliper] [ethereum-connector] 	Error: Returned values aren't valid, did it run Out of Gas? You might also see this error if you are not using the correct ABI for the contract you are retrieving data from, requesting data from a block number that does not exist, or querying a node which is not fully synced.
2026.03.02-03:07:10.474[31m error[39m [caliper] [ethereum-connector] 	Failed tx on simple calling method query nonce undefined
2026.03.02-03:07:10.474[31m error[39m [caliper] [ethereum-connector] 	Error: Returned values aren't valid, did it run Out of Gas? You might also see this error if you are not using the correct ABI for the contract you are retrieving data from, requesting data from a block number that does not exist, or querying a node which is not fully synced.
2026.03.02-03:07:10.485[31m error[39m [caliper] [ethereum-connector] 	Failed tx on simple calling method query nonce undefined
2026.03.02-03:07:10.485[31m error[39m [caliper] [ethereum-connector] 	Error: Returned values aren't valid, did it run Out of Gas? You might also see this error if you are not using the correct ABI for the contract you are retrieving data from, requesting data from a block number that does not exist, or querying a node which is not fully synced.
2026.03.02-03:07:10.495[31m error[39m [caliper] [ethereum-connector] 	Failed tx on simple calling method query nonce undefined
2026.03.02-03:07:10.495[31m error[39m [caliper] [ethereum-connector] 	Error: Returned values aren't valid, did it run Out of Gas? You might also see this error if you are not using the correct ABI for the contract you are retrieving data from, requesting data from a block number that does not exist, or querying a node which is not fully synced.
2026.03.02-03:07:10.505[31m error[39m [caliper] [ethereum-connector] 	Failed tx on simple calling method query nonce undefined
2026.03.02-03:07:10.505[31m error[39m [caliper] [ethereum-connector] 	Error: Returned values aren't valid, did it run Out of Gas? You might also see this error if you are not using the correct ABI for the contract you are retrieving data from, requesting data from a block number that does not exist, or querying a node which is not fully synced.
2026.03.02-03:07:10.515[31m error[39m [caliper] [ethereum-connector] 	Failed tx on simple calling method query nonce undefined
2026.03.02-03:07:10.515[31m error[39m [caliper] [ethereum-connector] 	Error: Returned values aren't valid, did it run Out of Gas? You might also see this error if you are not using the correct ABI for the contract you are retrieving data from, requesting data from a block number that does not exist, or querying a node which is not fully synced.
2026.03.02-03:07:10.526[31m error[39m [caliper] [ethereum-connector] 	Failed tx on simple calling method query nonce undefined
2026.03.02-03:07:10.526[31m error[39m [caliper] [ethereum-connector] 	Error: Returned values aren't valid, did it run Out of Gas? You might also see this error if you are not using the correct ABI for the contract you are retrieving data from, requesting data from a block number that does not exist, or querying a node which is not fully synced.
2026.03.02-03:07:10.535[31m error[39m [caliper] [ethereum-connector] 	Failed tx on simple calling method query nonce undefined
2026.03.02-03:07:10.535[31m error[39m [caliper] [ethereum-connector] 	Error: Returned values aren't valid, did it run Out of Gas? You might also see this error if you are not using the correct ABI for the contract you are retrieving data from, requesting data from a block number that does not exist, or querying a node which is not fully synced.
2026.03.02-03:07:10.544[31m error[39m [caliper] [ethereum-connector] 	Failed tx on simple calling method query nonce undefined
2026.03.02-03:07:10.544[31m error[39m [caliper] [ethereum-connector] 	Error: Returned values aren't valid, did it run Out of Gas? You might also see this error if you are not using the correct ABI for the contract you are retrieving data from, requesting data from a block number that does not exist, or querying a node which is not fully synced.
2026.03.02-03:07:10.556[31m error[39m [caliper] [ethereum-connector] 	Failed tx on simple calling method query nonce undefined
2026.03.02-03:07:10.556[31m error[39m [caliper] [ethereum-connector] 	Error: Returned values aren't valid, did it run Out of Gas? You might also see this error if you are not using the correct ABI for the contract you are retrieving data from, requesting data from a block number that does not exist, or querying a node which is not fully synced.
2026.03.02-03:07:10.565[31m error[39m [caliper] [ethereum-connector] 	Failed tx on simple calling method query nonce undefined
2026.03.02-03:07:10.565[31m error[39m [caliper] [ethereum-connector] 	Error: Returned values aren't valid, did it run Out of Gas? You might also see this error if you are not using the correct ABI for the contract you are retrieving data from, requesting data from a block number that does not exist, or querying a node which is not fully synced.
2026.03.02-03:07:10.575[31m error[39m [caliper] [ethereum-connector] 	Failed tx on simple calling method query nonce undefined
2026.03.02-03:07:10.575[31m error[39m [caliper] [ethereum-connector] 	Error: Returned values aren't valid, did it run Out of Gas? You might also see this error if you are not using the correct ABI for the contract you are retrieving data from, requesting data from a block number that does not exist, or querying a node which is not fully synced.
2026.03.02-03:07:10.585[31m error[39m [caliper] [ethereum-connector] 	Failed tx on simple calling method query nonce undefined
2026.03.02-03:07:10.585[31m error[39m [caliper] [ethereum-connector] 	Error: Returned values aren't valid, did it run Out of Gas? You might also see this error if you are not using the correct ABI for the contract you are retrieving data from, requesting data from a block number that does not exist, or querying a node which is not fully synced.
2026.03.02-03:07:10.595[31m error[39m [caliper] [ethereum-connector] 	Failed tx on simple calling method query nonce undefined
2026.03.02-03:07:10.595[31m error[39m [caliper] [ethereum-connector] 	Error: Returned values aren't valid, did it run Out of Gas? You might also see this error if you are not using the correct ABI for the contract you are retrieving data from, requesting data from a block number that does not exist, or querying a node which is not fully synced.
2026.03.02-03:07:10.605[31m error[39m [caliper] [ethereum-connector] 	Failed tx on simple calling method query nonce undefined
2026.03.02-03:07:10.606[31m error[39m [caliper] [ethereum-connector] 	Error: Returned values aren't valid, did it run Out of Gas? You might also see this error if you are not using the correct ABI for the contract you are retrieving data from, requesting data from a block number that does not exist, or querying a node which is not fully synced.
2026.03.02-03:07:10.616[31m error[39m [caliper] [ethereum-connector] 	Failed tx on simple calling method query nonce undefined
2026.03.02-03:07:10.616[31m error[39m [caliper] [ethereum-connector] 	Error: Returned values aren't valid, did it run Out of Gas? You might also see this error if you are not using the correct ABI for the contract you are retrieving data from, requesting data from a block number that does not exist, or querying a node which is not fully synced.
2026.03.02-03:07:10.625[31m error[39m [caliper] [ethereum-connector] 	Failed tx on simple calling method query nonce undefined
2026.03.02-03:07:10.625[31m error[39m [caliper] [ethereum-connector] 	Error: Returned values aren't valid, did it run Out of Gas? You might also see this error if you are not using the correct ABI for the contract you are retrieving data from, requesting data from a block number that does not exist, or querying a node which is not fully synced.
2026.03.02-03:07:10.634[31m error[39m [caliper] [ethereum-connector] 	Failed tx on simple calling method query nonce undefined
2026.03.02-03:07:10.634[31m error[39m [caliper] [ethereum-connector] 	Error: Returned values aren't valid, did it run Out of Gas? You might also see this error if you are not using the correct ABI for the contract you are retrieving data from, requesting data from a block number that does not exist, or querying a node which is not fully synced.
2026.03.02-03:07:10.644[31m error[39m [caliper] [ethereum-connector] 	Failed tx on simple calling method query nonce undefined
2026.03.02-03:07:10.644[31m error[39m [caliper] [ethereum-connector] 	Error: Returned values aren't valid, did it run Out of Gas? You might also see this error if you are not using the correct ABI for the contract you are retrieving data from, requesting data from a block number that does not exist, or querying a node which is not fully synced.
2026.03.02-03:07:10.655[31m error[39m [caliper] [ethereum-connector] 	Failed tx on simple calling method query nonce undefined
2026.03.02-03:07:10.655[31m error[39m [caliper] [ethereum-connector] 	Error: Returned values aren't valid, did it run Out of Gas? You might also see this error if you are not using the correct ABI for the contract you are retrieving data from, requesting data from a block number that does not exist, or querying a node which is not fully synced.
2026.03.02-03:07:10.665[31m error[39m [caliper] [ethereum-connector] 	Failed tx on simple calling method query nonce undefined
2026.03.02-03:07:10.665[31m error[39m [caliper] [ethereum-connector] 	Error: Returned values aren't valid, did it run Out of Gas? You might also see this error if you are not using the correct ABI for the contract you are retrieving data from, requesting data from a block number that does not exist, or querying a node which is not fully synced.
2026.03.02-03:07:10.675[31m error[39m [caliper] [ethereum-connector] 	Failed tx on simple calling method query nonce undefined
2026.03.02-03:07:10.675[31m error[39m [caliper] [ethereum-connector] 	Error: Returned values aren't valid, did it run Out of Gas? You might also see this error if you are not using the correct ABI for the contract you are retrieving data from, requesting data from a block number that does not exist, or querying a node which is not fully synced.
2026.03.02-03:07:10.685[31m error[39m [caliper] [ethereum-connector] 	Failed tx on simple calling method query nonce undefined
2026.03.02-03:07:10.685[31m error[39m [caliper] [ethereum-connector] 	Error: Returned values aren't valid, did it run Out of Gas? You might also see this error if you are not using the correct ABI for the contract you are retrieving data from, requesting data from a block number that does not exist, or querying a node which is not fully synced.
2026.03.02-03:07:10.695[31m error[39m [caliper] [ethereum-connector] 	Failed tx on simple calling method query nonce undefined
2026.03.02-03:07:10.695[31m error[39m [caliper] [ethereum-connector] 	Error: Returned values aren't valid, did it run Out of Gas? You might also see this error if you are not using the correct ABI for the contract you are retrieving data from, requesting data from a block number that does not exist, or querying a node which is not fully synced.
2026.03.02-03:07:10.705[31m error[39m [caliper] [ethereum-connector] 	Failed tx on simple calling method query nonce undefined
2026.03.02-03:07:10.706[31m error[39m [caliper] [ethereum-connector] 	Error: Returned values aren't valid, did it run Out of Gas? You might also see this error if you are not using the correct ABI for the contract you are retrieving data from, requesting data from a block number that does not exist, or querying a node which is not fully synced.
2026.03.02-03:07:10.715[31m error[39m [caliper] [ethereum-connector] 	Failed tx on simple calling method query nonce undefined
2026.03.02-03:07:10.716[31m error[39m [caliper] [ethereum-connector] 	Error: Returned values aren't valid, did it run Out of Gas? You might also see this error if you are not using the correct ABI for the contract you are retrieving data from, requesting data from a block number that does not exist, or querying a node which is not fully synced.
2026.03.02-03:07:10.725[31m error[39m [caliper] [ethereum-connector] 	Failed tx on simple calling method query nonce undefined
2026.03.02-03:07:10.725[31m error[39m [caliper] [ethereum-connector] 	Error: Returned values aren't valid, did it run Out of Gas? You might also see this error if you are not using the correct ABI for the contract you are retrieving data from, requesting data from a block number that does not exist, or querying a node which is not fully synced.
2026.03.02-03:07:10.734[31m error[39m [caliper] [ethereum-connector] 	Failed tx on simple calling method query nonce undefined
2026.03.02-03:07:10.734[31m error[39m [caliper] [ethereum-connector] 	Error: Returned values aren't valid, did it run Out of Gas? You might also see this error if you are not using the correct ABI for the contract you are retrieving data from, requesting data from a block number that does not exist, or querying a node which is not fully synced.
2026.03.02-03:07:10.744[31m error[39m [caliper] [ethereum-connector] 	Failed tx on simple calling method query nonce undefined
2026.03.02-03:07:10.744[31m error[39m [caliper] [ethereum-connector] 	Error: Returned values aren't valid, did it run Out of Gas? You might also see this error if you are not using the correct ABI for the contract you are retrieving data from, requesting data from a block number that does not exist, or querying a node which is not fully synced.
2026.03.02-03:07:10.754[31m error[39m [caliper] [ethereum-connector] 	Failed tx on simple calling method query nonce undefined
2026.03.02-03:07:10.754[31m error[39m [caliper] [ethereum-connector] 	Error: Returned values aren't valid, did it run Out of Gas? You might also see this error if you are not using the correct ABI for the contract you are retrieving data from, requesting data from a block number that does not exist, or querying a node which is not fully synced.
2026.03.02-03:07:10.765[31m error[39m [caliper] [ethereum-connector] 	Failed tx on simple calling method query nonce undefined
2026.03.02-03:07:10.765[31m error[39m [caliper] [ethereum-connector] 	Error: Returned values aren't valid, did it run Out of Gas? You might also see this error if you are not using the correct ABI for the contract you are retrieving data from, requesting data from a block number that does not exist, or querying a node which is not fully synced.
2026.03.02-03:07:10.776[31m error[39m [caliper] [ethereum-connector] 	Failed tx on simple calling method query nonce undefined
2026.03.02-03:07:10.776[31m error[39m [caliper] [ethereum-connector] 	Error: Returned values aren't valid, did it run Out of Gas? You might also see this error if you are not using the correct ABI for the contract you are retrieving data from, requesting data from a block number that does not exist, or querying a node which is not fully synced.
2026.03.02-03:07:10.785[31m error[39m [caliper] [ethereum-connector] 	Failed tx on simple calling method query nonce undefined
2026.03.02-03:07:10.786[31m error[39m [caliper] [ethereum-connector] 	Error: Returned values aren't valid, did it run Out of Gas? You might also see this error if you are not using the correct ABI for the contract you are retrieving data from, requesting data from a block number that does not exist, or querying a node which is not fully synced.
2026.03.02-03:07:10.796[31m error[39m [caliper] [ethereum-connector] 	Failed tx on simple calling method query nonce undefined
2026.03.02-03:07:10.796[31m error[39m [caliper] [ethereum-connector] 	Error: Returned values aren't valid, did it run Out of Gas? You might also see this error if you are not using the correct ABI for the contract you are retrieving data from, requesting data from a block number that does not exist, or querying a node which is not fully synced.
2026.03.02-03:07:10.806[31m error[39m [caliper] [ethereum-connector] 	Failed tx on simple calling method query nonce undefined
2026.03.02-03:07:10.806[31m error[39m [caliper] [ethereum-connector] 	Error: Returned values aren't valid, did it run Out of Gas? You might also see this error if you are not using the correct ABI for the contract you are retrieving data from, requesting data from a block number that does not exist, or querying a node which is not fully synced.
2026.03.02-03:07:10.812[32m info [39m [caliper] [default-observer] 	[query Round 1 Transaction Info] - Submitted: 701 Succ: 0 Fail:700 Unfinished:1
2026.03.02-03:07:10.816[31m error[39m [caliper] [ethereum-connector] 	Failed tx on simple calling method query nonce undefined
2026.03.02-03:07:10.816[31m error[39m [caliper] [ethereum-connector] 	Error: Returned values aren't valid, did it run Out of Gas? You might also see this error if you are not using the correct ABI for the contract you are retrieving data from, requesting data from a block number that does not exist, or querying a node which is not fully synced.
2026.03.02-03:07:10.824[31m error[39m [caliper] [ethereum-connector] 	Failed tx on simple calling method query nonce undefined
2026.03.02-03:07:10.825[31m error[39m [caliper] [ethereum-connector] 	Error: Returned values aren't valid, did it run Out of Gas? You might also see this error if you are not using the correct ABI for the contract you are retrieving data from, requesting data from a block number that does not exist, or querying a node which is not fully synced.
2026.03.02-03:07:10.835[31m error[39m [caliper] [ethereum-connector] 	Failed tx on simple calling method query nonce undefined
2026.03.02-03:07:10.835[31m error[39m [caliper] [ethereum-connector] 	Error: Returned values aren't valid, did it run Out of Gas? You might also see this error if you are not using the correct ABI for the contract you are retrieving data from, requesting data from a block number that does not exist, or querying a node which is not fully synced.
2026.03.02-03:07:10.844[31m error[39m [caliper] [ethereum-connector] 	Failed tx on simple calling method query nonce undefined
2026.03.02-03:07:10.844[31m error[39m [caliper] [ethereum-connector] 	Error: Returned values aren't valid, did it run Out of Gas? You might also see this error if you are not using the correct ABI for the contract you are retrieving data from, requesting data from a block number that does not exist, or querying a node which is not fully synced.
2026.03.02-03:07:10.855[31m error[39m [caliper] [ethereum-connector] 	Failed tx on simple calling method query nonce undefined
2026.03.02-03:07:10.855[31m error[39m [caliper] [ethereum-connector] 	Error: Returned values aren't valid, did it run Out of Gas? You might also see this error if you are not using the correct ABI for the contract you are retrieving data from, requesting data from a block number that does not exist, or querying a node which is not fully synced.
2026.03.02-03:07:10.865[31m error[39m [caliper] [ethereum-connector] 	Failed tx on simple calling method query nonce undefined
2026.03.02-03:07:10.866[31m error[39m [caliper] [ethereum-connector] 	Error: Returned values aren't valid, did it run Out of Gas? You might also see this error if you are not using the correct ABI for the contract you are retrieving data from, requesting data from a block number that does not exist, or querying a node which is not fully synced.
2026.03.02-03:07:10.875[31m error[39m [caliper] [ethereum-connector] 	Failed tx on simple calling method query nonce undefined
2026.03.02-03:07:10.875[31m error[39m [caliper] [ethereum-connector] 	Error: Returned values aren't valid, did it run Out of Gas? You might also see this error if you are not using the correct ABI for the contract you are retrieving data from, requesting data from a block number that does not exist, or querying a node which is not fully synced.
2026.03.02-03:07:10.885[31m error[39m [caliper] [ethereum-connector] 	Failed tx on simple calling method query nonce undefined
2026.03.02-03:07:10.885[31m error[39m [caliper] [ethereum-connector] 	Error: Returned values aren't valid, did it run Out of Gas? You might also see this error if you are not using the correct ABI for the contract you are retrieving data from, requesting data from a block number that does not exist, or querying a node which is not fully synced.
2026.03.02-03:07:10.895[31m error[39m [caliper] [ethereum-connector] 	Failed tx on simple calling method query nonce undefined
2026.03.02-03:07:10.895[31m error[39m [caliper] [ethereum-connector] 	Error: Returned values aren't valid, did it run Out of Gas? You might also see this error if you are not using the correct ABI for the contract you are retrieving data from, requesting data from a block number that does not exist, or querying a node which is not fully synced.
2026.03.02-03:07:10.905[31m error[39m [caliper] [ethereum-connector] 	Failed tx on simple calling method query nonce undefined
2026.03.02-03:07:10.906[31m error[39m [caliper] [ethereum-connector] 	Error: Returned values aren't valid, did it run Out of Gas? You might also see this error if you are not using the correct ABI for the contract you are retrieving data from, requesting data from a block number that does not exist, or querying a node which is not fully synced.
2026.03.02-03:07:10.915[31m error[39m [caliper] [ethereum-connector] 	Failed tx on simple calling method query nonce undefined
2026.03.02-03:07:10.916[31m error[39m [caliper] [ethereum-connector] 	Error: Returned values aren't valid, did it run Out of Gas? You might also see this error if you are not using the correct ABI for the contract you are retrieving data from, requesting data from a block number that does not exist, or querying a node which is not fully synced.
2026.03.02-03:07:10.924[31m error[39m [caliper] [ethereum-connector] 	Failed tx on simple calling method query nonce undefined
2026.03.02-03:07:10.925[31m error[39m [caliper] [ethereum-connector] 	Error: Returned values aren't valid, did it run Out of Gas? You might also see this error if you are not using the correct ABI for the contract you are retrieving data from, requesting data from a block number that does not exist, or querying a node which is not fully synced.
2026.03.02-03:07:10.934[31m error[39m [caliper] [ethereum-connector] 	Failed tx on simple calling method query nonce undefined
2026.03.02-03:07:10.935[31m error[39m [caliper] [ethereum-connector] 	Error: Returned values aren't valid, did it run Out of Gas? You might also see this error if you are not using the correct ABI for the contract you are retrieving data from, requesting data from a block number that does not exist, or querying a node which is not fully synced.
2026.03.02-03:07:10.945[31m error[39m [caliper] [ethereum-connector] 	Failed tx on simple calling method query nonce undefined
2026.03.02-03:07:10.946[31m error[39m [caliper] [ethereum-connector] 	Error: Returned values aren't valid, did it run Out of Gas? You might also see this error if you are not using the correct ABI for the contract you are retrieving data from, requesting data from a block number that does not exist, or querying a node which is not fully synced.
2026.03.02-03:07:10.954[31m error[39m [caliper] [ethereum-connector] 	Failed tx on simple calling method query nonce undefined
2026.03.02-03:07:10.955[31m error[39m [caliper] [ethereum-connector] 	Error: Returned values aren't valid, did it run Out of Gas? You might also see this error if you are not using the correct ABI for the contract you are retrieving data from, requesting data from a block number that does not exist, or querying a node which is not fully synced.
2026.03.02-03:07:10.964[31m error[39m [caliper] [ethereum-connector] 	Failed tx on simple calling method query nonce undefined
2026.03.02-03:07:10.965[31m error[39m [caliper] [ethereum-connector] 	Error: Returned values aren't valid, did it run Out of Gas? You might also see this error if you are not using the correct ABI for the contract you are retrieving data from, requesting data from a block number that does not exist, or querying a node which is not fully synced.
2026.03.02-03:07:10.975[31m error[39m [caliper] [ethereum-connector] 	Failed tx on simple calling method query nonce undefined
2026.03.02-03:07:10.975[31m error[39m [caliper] [ethereum-connector] 	Error: Returned values aren't valid, did it run Out of Gas? You might also see this error if you are not using the correct ABI for the contract you are retrieving data from, requesting data from a block number that does not exist, or querying a node which is not fully synced.
2026.03.02-03:07:10.985[31m error[39m [caliper] [ethereum-connector] 	Failed tx on simple calling method query nonce undefined
2026.03.02-03:07:10.985[31m error[39m [caliper] [ethereum-connector] 	Error: Returned values aren't valid, did it run Out of Gas? You might also see this error if you are not using the correct ABI for the contract you are retrieving data from, requesting data from a block number that does not exist, or querying a node which is not fully synced.
2026.03.02-03:07:10.994[31m error[39m [caliper] [ethereum-connector] 	Failed tx on simple calling method query nonce undefined
2026.03.02-03:07:10.994[31m error[39m [caliper] [ethereum-connector] 	Error: Returned values aren't valid, did it run Out of Gas? You might also see this error if you are not using the correct ABI for the contract you are retrieving data from, requesting data from a block number that does not exist, or querying a node which is not fully synced.
2026.03.02-03:07:11.005[31m error[39m [caliper] [ethereum-connector] 	Failed tx on simple calling method query nonce undefined
2026.03.02-03:07:11.005[31m error[39m [caliper] [ethereum-connector] 	Error: Returned values aren't valid, did it run Out of Gas? You might also see this error if you are not using the correct ABI for the contract you are retrieving data from, requesting data from a block number that does not exist, or querying a node which is not fully synced.
2026.03.02-03:07:11.015[31m error[39m [caliper] [ethereum-connector] 	Failed tx on simple calling method query nonce undefined
2026.03.02-03:07:11.015[31m error[39m [caliper] [ethereum-connector] 	Error: Returned values aren't valid, did it run Out of Gas? You might also see this error if you are not using the correct ABI for the contract you are retrieving data from, requesting data from a block number that does not exist, or querying a node which is not fully synced.
2026.03.02-03:07:11.025[31m error[39m [caliper] [ethereum-connector] 	Failed tx on simple calling method query nonce undefined
2026.03.02-03:07:11.025[31m error[39m [caliper] [ethereum-connector] 	Error: Returned values aren't valid, did it run Out of Gas? You might also see this error if you are not using the correct ABI for the contract you are retrieving data from, requesting data from a block number that does not exist, or querying a node which is not fully synced.
2026.03.02-03:07:11.035[31m error[39m [caliper] [ethereum-connector] 	Failed tx on simple calling method query nonce undefined
2026.03.02-03:07:11.035[31m error[39m [caliper] [ethereum-connector] 	Error: Returned values aren't valid, did it run Out of Gas? You might also see this error if you are not using the correct ABI for the contract you are retrieving data from, requesting data from a block number that does not exist, or querying a node which is not fully synced.
2026.03.02-03:07:11.045[31m error[39m [caliper] [ethereum-connector] 	Failed tx on simple calling method query nonce undefined
2026.03.02-03:07:11.045[31m error[39m [caliper] [ethereum-connector] 	Error: Returned values aren't valid, did it run Out of Gas? You might also see this error if you are not using the correct ABI for the contract you are retrieving data from, requesting data from a block number that does not exist, or querying a node which is not fully synced.
2026.03.02-03:07:11.055[31m error[39m [caliper] [ethereum-connector] 	Failed tx on simple calling method query nonce undefined
2026.03.02-03:07:11.055[31m error[39m [caliper] [ethereum-connector] 	Error: Returned values aren't valid, did it run Out of Gas? You might also see this error if you are not using the correct ABI for the contract you are retrieving data from, requesting data from a block number that does not exist, or querying a node which is not fully synced.
2026.03.02-03:07:11.065[31m error[39m [caliper] [ethereum-connector] 	Failed tx on simple calling method query nonce undefined
2026.03.02-03:07:11.066[31m error[39m [caliper] [ethereum-connector] 	Error: Returned values aren't valid, did it run Out of Gas? You might also see this error if you are not using the correct ABI for the contract you are retrieving data from, requesting data from a block number that does not exist, or querying a node which is not fully synced.
2026.03.02-03:07:11.075[31m error[39m [caliper] [ethereum-connector] 	Failed tx on simple calling method query nonce undefined
2026.03.02-03:07:11.076[31m error[39m [caliper] [ethereum-connector] 	Error: Returned values aren't valid, did it run Out of Gas? You might also see this error if you are not using the correct ABI for the contract you are retrieving data from, requesting data from a block number that does not exist, or querying a node which is not fully synced.
2026.03.02-03:07:11.085[31m error[39m [caliper] [ethereum-connector] 	Failed tx on simple calling method query nonce undefined
2026.03.02-03:07:11.086[31m error[39m [caliper] [ethereum-connector] 	Error: Returned values aren't valid, did it run Out of Gas? You might also see this error if you are not using the correct ABI for the contract you are retrieving data from, requesting data from a block number that does not exist, or querying a node which is not fully synced.
2026.03.02-03:07:11.095[31m error[39m [caliper] [ethereum-connector] 	Failed tx on simple calling method query nonce undefined
2026.03.02-03:07:11.095[31m error[39m [caliper] [ethereum-connector] 	Error: Returned values aren't valid, did it run Out of Gas? You might also see this error if you are not using the correct ABI for the contract you are retrieving data from, requesting data from a block number that does not exist, or querying a node which is not fully synced.
2026.03.02-03:07:11.104[31m error[39m [caliper] [ethereum-connector] 	Failed tx on simple calling method query nonce undefined
2026.03.02-03:07:11.104[31m error[39m [caliper] [ethereum-connector] 	Error: Returned values aren't valid, did it run Out of Gas? You might also see this error if you are not using the correct ABI for the contract you are retrieving data from, requesting data from a block number that does not exist, or querying a node which is not fully synced.
2026.03.02-03:07:11.115[31m error[39m [caliper] [ethereum-connector] 	Failed tx on simple calling method query nonce undefined
2026.03.02-03:07:11.115[31m error[39m [caliper] [ethereum-connector] 	Error: Returned values aren't valid, did it run Out of Gas? You might also see this error if you are not using the correct ABI for the contract you are retrieving data from, requesting data from a block number that does not exist, or querying a node which is not fully synced.
2026.03.02-03:07:11.125[31m error[39m [caliper] [ethereum-connector] 	Failed tx on simple calling method query nonce undefined
2026.03.02-03:07:11.125[31m error[39m [caliper] [ethereum-connector] 	Error: Returned values aren't valid, did it run Out of Gas? You might also see this error if you are not using the correct ABI for the contract you are retrieving data from, requesting data from a block number that does not exist, or querying a node which is not fully synced.
2026.03.02-03:07:11.135[31m error[39m [caliper] [ethereum-connector] 	Failed tx on simple calling method query nonce undefined
2026.03.02-03:07:11.135[31m error[39m [caliper] [ethereum-connector] 	Error: Returned values aren't valid, did it run Out of Gas? You might also see this error if you are not using the correct ABI for the contract you are retrieving data from, requesting data from a block number that does not exist, or querying a node which is not fully synced.
2026.03.02-03:07:11.145[31m error[39m [caliper] [ethereum-connector] 	Failed tx on simple calling method query nonce undefined
2026.03.02-03:07:11.145[31m error[39m [caliper] [ethereum-connector] 	Error: Returned values aren't valid, did it run Out of Gas? You might also see this error if you are not using the correct ABI for the contract you are retrieving data from, requesting data from a block number that does not exist, or querying a node which is not fully synced.
2026.03.02-03:07:11.154[31m error[39m [caliper] [ethereum-connector] 	Failed tx on simple calling method query nonce undefined
2026.03.02-03:07:11.154[31m error[39m [caliper] [ethereum-connector] 	Error: Returned values aren't valid, did it run Out of Gas? You might also see this error if you are not using the correct ABI for the contract you are retrieving data from, requesting data from a block number that does not exist, or querying a node which is not fully synced.
2026.03.02-03:07:11.165[31m error[39m [caliper] [ethereum-connector] 	Failed tx on simple calling method query nonce undefined
2026.03.02-03:07:11.165[31m error[39m [caliper] [ethereum-connector] 	Error: Returned values aren't valid, did it run Out of Gas? You might also see this error if you are not using the correct ABI for the contract you are retrieving data from, requesting data from a block number that does not exist, or querying a node which is not fully synced.
2026.03.02-03:07:11.175[31m error[39m [caliper] [ethereum-connector] 	Failed tx on simple calling method query nonce undefined
2026.03.02-03:07:11.175[31m error[39m [caliper] [ethereum-connector] 	Error: Returned values aren't valid, did it run Out of Gas? You might also see this error if you are not using the correct ABI for the contract you are retrieving data from, requesting data from a block number that does not exist, or querying a node which is not fully synced.
2026.03.02-03:07:11.185[31m error[39m [caliper] [ethereum-connector] 	Failed tx on simple calling method query nonce undefined
2026.03.02-03:07:11.185[31m error[39m [caliper] [ethereum-connector] 	Error: Returned values aren't valid, did it run Out of Gas? You might also see this error if you are not using the correct ABI for the contract you are retrieving data from, requesting data from a block number that does not exist, or querying a node which is not fully synced.
2026.03.02-03:07:11.195[31m error[39m [caliper] [ethereum-connector] 	Failed tx on simple calling method query nonce undefined
2026.03.02-03:07:11.196[31m error[39m [caliper] [ethereum-connector] 	Error: Returned values aren't valid, did it run Out of Gas? You might also see this error if you are not using the correct ABI for the contract you are retrieving data from, requesting data from a block number that does not exist, or querying a node which is not fully synced.
2026.03.02-03:07:11.205[31m error[39m [caliper] [ethereum-connector] 	Failed tx on simple calling method query nonce undefined
2026.03.02-03:07:11.205[31m error[39m [caliper] [ethereum-connector] 	Error: Returned values aren't valid, did it run Out of Gas? You might also see this error if you are not using the correct ABI for the contract you are retrieving data from, requesting data from a block number that does not exist, or querying a node which is not fully synced.
2026.03.02-03:07:11.213[31m error[39m [caliper] [ethereum-connector] 	Failed tx on simple calling method query nonce undefined
2026.03.02-03:07:11.213[31m error[39m [caliper] [ethereum-connector] 	Error: Returned values aren't valid, did it run Out of Gas? You might also see this error if you are not using the correct ABI for the contract you are retrieving data from, requesting data from a block number that does not exist, or querying a node which is not fully synced.
2026.03.02-03:07:11.225[31m error[39m [caliper] [ethereum-connector] 	Failed tx on simple calling method query nonce undefined
2026.03.02-03:07:11.225[31m error[39m [caliper] [ethereum-connector] 	Error: Returned values aren't valid, did it run Out of Gas? You might also see this error if you are not using the correct ABI for the contract you are retrieving data from, requesting data from a block number that does not exist, or querying a node which is not fully synced.
2026.03.02-03:07:11.235[31m error[39m [caliper] [ethereum-connector] 	Failed tx on simple calling method query nonce undefined
2026.03.02-03:07:11.235[31m error[39m [caliper] [ethereum-connector] 	Error: Returned values aren't valid, did it run Out of Gas? You might also see this error if you are not using the correct ABI for the contract you are retrieving data from, requesting data from a block number that does not exist, or querying a node which is not fully synced.
2026.03.02-03:07:11.245[31m error[39m [caliper] [ethereum-connector] 	Failed tx on simple calling method query nonce undefined
2026.03.02-03:07:11.245[31m error[39m [caliper] [ethereum-connector] 	Error: Returned values aren't valid, did it run Out of Gas? You might also see this error if you are not using the correct ABI for the contract you are retrieving data from, requesting data from a block number that does not exist, or querying a node which is not fully synced.
2026.03.02-03:07:11.255[31m error[39m [caliper] [ethereum-connector] 	Failed tx on simple calling method query nonce undefined
2026.03.02-03:07:11.255[31m error[39m [caliper] [ethereum-connector] 	Error: Returned values aren't valid, did it run Out of Gas? You might also see this error if you are not using the correct ABI for the contract you are retrieving data from, requesting data from a block number that does not exist, or querying a node which is not fully synced.
2026.03.02-03:07:11.264[31m error[39m [caliper] [ethereum-connector] 	Failed tx on simple calling method query nonce undefined
2026.03.02-03:07:11.264[31m error[39m [caliper] [ethereum-connector] 	Error: Returned values aren't valid, did it run Out of Gas? You might also see this error if you are not using the correct ABI for the contract you are retrieving data from, requesting data from a block number that does not exist, or querying a node which is not fully synced.
2026.03.02-03:07:11.274[31m error[39m [caliper] [ethereum-connector] 	Failed tx on simple calling method query nonce undefined
2026.03.02-03:07:11.274[31m error[39m [caliper] [ethereum-connector] 	Error: Returned values aren't valid, did it run Out of Gas? You might also see this error if you are not using the correct ABI for the contract you are retrieving data from, requesting data from a block number that does not exist, or querying a node which is not fully synced.
2026.03.02-03:07:11.285[31m error[39m [caliper] [ethereum-connector] 	Failed tx on simple calling method query nonce undefined
2026.03.02-03:07:11.285[31m error[39m [caliper] [ethereum-connector] 	Error: Returned values aren't valid, did it run Out of Gas? You might also see this error if you are not using the correct ABI for the contract you are retrieving data from, requesting data from a block number that does not exist, or querying a node which is not fully synced.
2026.03.02-03:07:11.295[31m error[39m [caliper] [ethereum-connector] 	Failed tx on simple calling method query nonce undefined
2026.03.02-03:07:11.296[31m error[39m [caliper] [ethereum-connector] 	Error: Returned values aren't valid, did it run Out of Gas? You might also see this error if you are not using the correct ABI for the contract you are retrieving data from, requesting data from a block number that does not exist, or querying a node which is not fully synced.
2026.03.02-03:07:11.304[31m error[39m [caliper] [ethereum-connector] 	Failed tx on simple calling method query nonce undefined
2026.03.02-03:07:11.305[31m error[39m [caliper] [ethereum-connector] 	Error: Returned values aren't valid, did it run Out of Gas? You might also see this error if you are not using the correct ABI for the contract you are retrieving data from, requesting data from a block number that does not exist, or querying a node which is not fully synced.
2026.03.02-03:07:11.314[31m error[39m [caliper] [ethereum-connector] 	Failed tx on simple calling method query nonce undefined
2026.03.02-03:07:11.314[31m error[39m [caliper] [ethereum-connector] 	Error: Returned values aren't valid, did it run Out of Gas? You might also see this error if you are not using the correct ABI for the contract you are retrieving data from, requesting data from a block number that does not exist, or querying a node which is not fully synced.
2026.03.02-03:07:11.325[31m error[39m [caliper] [ethereum-connector] 	Failed tx on simple calling method query nonce undefined
2026.03.02-03:07:11.325[31m error[39m [caliper] [ethereum-connector] 	Error: Returned values aren't valid, did it run Out of Gas? You might also see this error if you are not using the correct ABI for the contract you are retrieving data from, requesting data from a block number that does not exist, or querying a node which is not fully synced.
2026.03.02-03:07:11.335[31m error[39m [caliper] [ethereum-connector] 	Failed tx on simple calling method query nonce undefined
2026.03.02-03:07:11.335[31m error[39m [caliper] [ethereum-connector] 	Error: Returned values aren't valid, did it run Out of Gas? You might also see this error if you are not using the correct ABI for the contract you are retrieving data from, requesting data from a block number that does not exist, or querying a node which is not fully synced.
2026.03.02-03:07:11.345[31m error[39m [caliper] [ethereum-connector] 	Failed tx on simple calling method query nonce undefined
2026.03.02-03:07:11.345[31m error[39m [caliper] [ethereum-connector] 	Error: Returned values aren't valid, did it run Out of Gas? You might also see this error if you are not using the correct ABI for the contract you are retrieving data from, requesting data from a block number that does not exist, or querying a node which is not fully synced.
2026.03.02-03:07:11.354[31m error[39m [caliper] [ethereum-connector] 	Failed tx on simple calling method query nonce undefined
2026.03.02-03:07:11.354[31m error[39m [caliper] [ethereum-connector] 	Error: Returned values aren't valid, did it run Out of Gas? You might also see this error if you are not using the correct ABI for the contract you are retrieving data from, requesting data from a block number that does not exist, or querying a node which is not fully synced.
2026.03.02-03:07:11.365[31m error[39m [caliper] [ethereum-connector] 	Failed tx on simple calling method query nonce undefined
2026.03.02-03:07:11.365[31m error[39m [caliper] [ethereum-connector] 	Error: Returned values aren't valid, did it run Out of Gas? You might also see this error if you are not using the correct ABI for the contract you are retrieving data from, requesting data from a block number that does not exist, or querying a node which is not fully synced.
2026.03.02-03:07:11.374[31m error[39m [caliper] [ethereum-connector] 	Failed tx on simple calling method query nonce undefined
2026.03.02-03:07:11.374[31m error[39m [caliper] [ethereum-connector] 	Error: Returned values aren't valid, did it run Out of Gas? You might also see this error if you are not using the correct ABI for the contract you are retrieving data from, requesting data from a block number that does not exist, or querying a node which is not fully synced.
2026.03.02-03:07:11.385[31m error[39m [caliper] [ethereum-connector] 	Failed tx on simple calling method query nonce undefined
2026.03.02-03:07:11.386[31m error[39m [caliper] [ethereum-connector] 	Error: Returned values aren't valid, did it run Out of Gas? You might also see this error if you are not using the correct ABI for the contract you are retrieving data from, requesting data from a block number that does not exist, or querying a node which is not fully synced.
2026.03.02-03:07:11.395[31m error[39m [caliper] [ethereum-connector] 	Failed tx on simple calling method query nonce undefined
2026.03.02-03:07:11.395[31m error[39m [caliper] [ethereum-connector] 	Error: Returned values aren't valid, did it run Out of Gas? You might also see this error if you are not using the correct ABI for the contract you are retrieving data from, requesting data from a block number that does not exist, or querying a node which is not fully synced.
2026.03.02-03:07:11.405[31m error[39m [caliper] [ethereum-connector] 	Failed tx on simple calling method query nonce undefined
2026.03.02-03:07:11.405[31m error[39m [caliper] [ethereum-connector] 	Error: Returned values aren't valid, did it run Out of Gas? You might also see this error if you are not using the correct ABI for the contract you are retrieving data from, requesting data from a block number that does not exist, or querying a node which is not fully synced.
2026.03.02-03:07:11.415[31m error[39m [caliper] [ethereum-connector] 	Failed tx on simple calling method query nonce undefined
2026.03.02-03:07:11.415[31m error[39m [caliper] [ethereum-connector] 	Error: Returned values aren't valid, did it run Out of Gas? You might also see this error if you are not using the correct ABI for the contract you are retrieving data from, requesting data from a block number that does not exist, or querying a node which is not fully synced.
2026.03.02-03:07:11.426[31m error[39m [caliper] [ethereum-connector] 	Failed tx on simple calling method query nonce undefined
2026.03.02-03:07:11.426[31m error[39m [caliper] [ethereum-connector] 	Error: Returned values aren't valid, did it run Out of Gas? You might also see this error if you are not using the correct ABI for the contract you are retrieving data from, requesting data from a block number that does not exist, or querying a node which is not fully synced.
2026.03.02-03:07:11.435[31m error[39m [caliper] [ethereum-connector] 	Failed tx on simple calling method query nonce undefined
2026.03.02-03:07:11.435[31m error[39m [caliper] [ethereum-connector] 	Error: Returned values aren't valid, did it run Out of Gas? You might also see this error if you are not using the correct ABI for the contract you are retrieving data from, requesting data from a block number that does not exist, or querying a node which is not fully synced.
2026.03.02-03:07:11.445[31m error[39m [caliper] [ethereum-connector] 	Failed tx on simple calling method query nonce undefined
2026.03.02-03:07:11.446[31m error[39m [caliper] [ethereum-connector] 	Error: Returned values aren't valid, did it run Out of Gas? You might also see this error if you are not using the correct ABI for the contract you are retrieving data from, requesting data from a block number that does not exist, or querying a node which is not fully synced.
2026.03.02-03:07:11.454[31m error[39m [caliper] [ethereum-connector] 	Failed tx on simple calling method query nonce undefined
2026.03.02-03:07:11.455[31m error[39m [caliper] [ethereum-connector] 	Error: Returned values aren't valid, did it run Out of Gas? You might also see this error if you are not using the correct ABI for the contract you are retrieving data from, requesting data from a block number that does not exist, or querying a node which is not fully synced.
2026.03.02-03:07:11.465[31m error[39m [caliper] [ethereum-connector] 	Failed tx on simple calling method query nonce undefined
2026.03.02-03:07:11.465[31m error[39m [caliper] [ethereum-connector] 	Error: Returned values aren't valid, did it run Out of Gas? You might also see this error if you are not using the correct ABI for the contract you are retrieving data from, requesting data from a block number that does not exist, or querying a node which is not fully synced.
2026.03.02-03:07:11.475[31m error[39m [caliper] [ethereum-connector] 	Failed tx on simple calling method query nonce undefined
2026.03.02-03:07:11.475[31m error[39m [caliper] [ethereum-connector] 	Error: Returned values aren't valid, did it run Out of Gas? You might also see this error if you are not using the correct ABI for the contract you are retrieving data from, requesting data from a block number that does not exist, or querying a node which is not fully synced.
2026.03.02-03:07:11.485[31m error[39m [caliper] [ethereum-connector] 	Failed tx on simple calling method query nonce undefined
2026.03.02-03:07:11.485[31m error[39m [caliper] [ethereum-connector] 	Error: Returned values aren't valid, did it run Out of Gas? You might also see this error if you are not using the correct ABI for the contract you are retrieving data from, requesting data from a block number that does not exist, or querying a node which is not fully synced.
2026.03.02-03:07:11.495[31m error[39m [caliper] [ethereum-connector] 	Failed tx on simple calling method query nonce undefined
2026.03.02-03:07:11.495[31m error[39m [caliper] [ethereum-connector] 	Error: Returned values aren't valid, did it run Out of Gas? You might also see this error if you are not using the correct ABI for the contract you are retrieving data from, requesting data from a block number that does not exist, or querying a node which is not fully synced.
2026.03.02-03:07:11.505[31m error[39m [caliper] [ethereum-connector] 	Failed tx on simple calling method query nonce undefined
2026.03.02-03:07:11.506[31m error[39m [caliper] [ethereum-connector] 	Error: Returned values aren't valid, did it run Out of Gas? You might also see this error if you are not using the correct ABI for the contract you are retrieving data from, requesting data from a block number that does not exist, or querying a node which is not fully synced.
2026.03.02-03:07:11.515[31m error[39m [caliper] [ethereum-connector] 	Failed tx on simple calling method query nonce undefined
2026.03.02-03:07:11.515[31m error[39m [caliper] [ethereum-connector] 	Error: Returned values aren't valid, did it run Out of Gas? You might also see this error if you are not using the correct ABI for the contract you are retrieving data from, requesting data from a block number that does not exist, or querying a node which is not fully synced.
2026.03.02-03:07:11.525[31m error[39m [caliper] [ethereum-connector] 	Failed tx on simple calling method query nonce undefined
2026.03.02-03:07:11.525[31m error[39m [caliper] [ethereum-connector] 	Error: Returned values aren't valid, did it run Out of Gas? You might also see this error if you are not using the correct ABI for the contract you are retrieving data from, requesting data from a block number that does not exist, or querying a node which is not fully synced.
2026.03.02-03:07:11.535[31m error[39m [caliper] [ethereum-connector] 	Failed tx on simple calling method query nonce undefined
2026.03.02-03:07:11.535[31m error[39m [caliper] [ethereum-connector] 	Error: Returned values aren't valid, did it run Out of Gas? You might also see this error if you are not using the correct ABI for the contract you are retrieving data from, requesting data from a block number that does not exist, or querying a node which is not fully synced.
2026.03.02-03:07:11.545[31m error[39m [caliper] [ethereum-connector] 	Failed tx on simple calling method query nonce undefined
2026.03.02-03:07:11.545[31m error[39m [caliper] [ethereum-connector] 	Error: Returned values aren't valid, did it run Out of Gas? You might also see this error if you are not using the correct ABI for the contract you are retrieving data from, requesting data from a block number that does not exist, or querying a node which is not fully synced.
2026.03.02-03:07:11.554[31m error[39m [caliper] [ethereum-connector] 	Failed tx on simple calling method query nonce undefined
2026.03.02-03:07:11.554[31m error[39m [caliper] [ethereum-connector] 	Error: Returned values aren't valid, did it run Out of Gas? You might also see this error if you are not using the correct ABI for the contract you are retrieving data from, requesting data from a block number that does not exist, or querying a node which is not fully synced.
2026.03.02-03:07:11.565[31m error[39m [caliper] [ethereum-connector] 	Failed tx on simple calling method query nonce undefined
2026.03.02-03:07:11.565[31m error[39m [caliper] [ethereum-connector] 	Error: Returned values aren't valid, did it run Out of Gas? You might also see this error if you are not using the correct ABI for the contract you are retrieving data from, requesting data from a block number that does not exist, or querying a node which is not fully synced.
2026.03.02-03:07:11.574[31m error[39m [caliper] [ethereum-connector] 	Failed tx on simple calling method query nonce undefined
2026.03.02-03:07:11.574[31m error[39m [caliper] [ethereum-connector] 	Error: Returned values aren't valid, did it run Out of Gas? You might also see this error if you are not using the correct ABI for the contract you are retrieving data from, requesting data from a block number that does not exist, or querying a node which is not fully synced.
2026.03.02-03:07:11.585[31m error[39m [caliper] [ethereum-connector] 	Failed tx on simple calling method query nonce undefined
2026.03.02-03:07:11.585[31m error[39m [caliper] [ethereum-connector] 	Error: Returned values aren't valid, did it run Out of Gas? You might also see this error if you are not using the correct ABI for the contract you are retrieving data from, requesting data from a block number that does not exist, or querying a node which is not fully synced.
2026.03.02-03:07:11.595[31m error[39m [caliper] [ethereum-connector] 	Failed tx on simple calling method query nonce undefined
2026.03.02-03:07:11.595[31m error[39m [caliper] [ethereum-connector] 	Error: Returned values aren't valid, did it run Out of Gas? You might also see this error if you are not using the correct ABI for the contract you are retrieving data from, requesting data from a block number that does not exist, or querying a node which is not fully synced.
2026.03.02-03:07:11.605[31m error[39m [caliper] [ethereum-connector] 	Failed tx on simple calling method query nonce undefined
2026.03.02-03:07:11.606[31m error[39m [caliper] [ethereum-connector] 	Error: Returned values aren't valid, did it run Out of Gas? You might also see this error if you are not using the correct ABI for the contract you are retrieving data from, requesting data from a block number that does not exist, or querying a node which is not fully synced.
2026.03.02-03:07:11.615[31m error[39m [caliper] [ethereum-connector] 	Failed tx on simple calling method query nonce undefined
2026.03.02-03:07:11.615[31m error[39m [caliper] [ethereum-connector] 	Error: Returned values aren't valid, did it run Out of Gas? You might also see this error if you are not using the correct ABI for the contract you are retrieving data from, requesting data from a block number that does not exist, or querying a node which is not fully synced.
2026.03.02-03:07:11.624[31m error[39m [caliper] [ethereum-connector] 	Failed tx on simple calling method query nonce undefined
2026.03.02-03:07:11.624[31m error[39m [caliper] [ethereum-connector] 	Error: Returned values aren't valid, did it run Out of Gas? You might also see this error if you are not using the correct ABI for the contract you are retrieving data from, requesting data from a block number that does not exist, or querying a node which is not fully synced.
2026.03.02-03:07:11.635[31m error[39m [caliper] [ethereum-connector] 	Failed tx on simple calling method query nonce undefined
2026.03.02-03:07:11.635[31m error[39m [caliper] [ethereum-connector] 	Error: Returned values aren't valid, did it run Out of Gas? You might also see this error if you are not using the correct ABI for the contract you are retrieving data from, requesting data from a block number that does not exist, or querying a node which is not fully synced.
2026.03.02-03:07:11.645[31m error[39m [caliper] [ethereum-connector] 	Failed tx on simple calling method query nonce undefined
2026.03.02-03:07:11.645[31m error[39m [caliper] [ethereum-connector] 	Error: Returned values aren't valid, did it run Out of Gas? You might also see this error if you are not using the correct ABI for the contract you are retrieving data from, requesting data from a block number that does not exist, or querying a node which is not fully synced.
2026.03.02-03:07:11.655[31m error[39m [caliper] [ethereum-connector] 	Failed tx on simple calling method query nonce undefined
2026.03.02-03:07:11.655[31m error[39m [caliper] [ethereum-connector] 	Error: Returned values aren't valid, did it run Out of Gas? You might also see this error if you are not using the correct ABI for the contract you are retrieving data from, requesting data from a block number that does not exist, or querying a node which is not fully synced.
2026.03.02-03:07:11.665[31m error[39m [caliper] [ethereum-connector] 	Failed tx on simple calling method query nonce undefined
2026.03.02-03:07:11.665[31m error[39m [caliper] [ethereum-connector] 	Error: Returned values aren't valid, did it run Out of Gas? You might also see this error if you are not using the correct ABI for the contract you are retrieving data from, requesting data from a block number that does not exist, or querying a node which is not fully synced.
2026.03.02-03:07:11.675[31m error[39m [caliper] [ethereum-connector] 	Failed tx on simple calling method query nonce undefined
2026.03.02-03:07:11.675[31m error[39m [caliper] [ethereum-connector] 	Error: Returned values aren't valid, did it run Out of Gas? You might also see this error if you are not using the correct ABI for the contract you are retrieving data from, requesting data from a block number that does not exist, or querying a node which is not fully synced.
2026.03.02-03:07:11.685[31m error[39m [caliper] [ethereum-connector] 	Failed tx on simple calling method query nonce undefined
2026.03.02-03:07:11.685[31m error[39m [caliper] [ethereum-connector] 	Error: Returned values aren't valid, did it run Out of Gas? You might also see this error if you are not using the correct ABI for the contract you are retrieving data from, requesting data from a block number that does not exist, or querying a node which is not fully synced.
2026.03.02-03:07:11.695[31m error[39m [caliper] [ethereum-connector] 	Failed tx on simple calling method query nonce undefined
2026.03.02-03:07:11.696[31m error[39m [caliper] [ethereum-connector] 	Error: Returned values aren't valid, did it run Out of Gas? You might also see this error if you are not using the correct ABI for the contract you are retrieving data from, requesting data from a block number that does not exist, or querying a node which is not fully synced.
2026.03.02-03:07:11.706[31m error[39m [caliper] [ethereum-connector] 	Failed tx on simple calling method query nonce undefined
2026.03.02-03:07:11.706[31m error[39m [caliper] [ethereum-connector] 	Error: Returned values aren't valid, did it run Out of Gas? You might also see this error if you are not using the correct ABI for the contract you are retrieving data from, requesting data from a block number that does not exist, or querying a node which is not fully synced.
2026.03.02-03:07:11.715[31m error[39m [caliper] [ethereum-connector] 	Failed tx on simple calling method query nonce undefined
2026.03.02-03:07:11.715[31m error[39m [caliper] [ethereum-connector] 	Error: Returned values aren't valid, did it run Out of Gas? You might also see this error if you are not using the correct ABI for the contract you are retrieving data from, requesting data from a block number that does not exist, or querying a node which is not fully synced.
2026.03.02-03:07:11.725[31m error[39m [caliper] [ethereum-connector] 	Failed tx on simple calling method query nonce undefined
2026.03.02-03:07:11.725[31m error[39m [caliper] [ethereum-connector] 	Error: Returned values aren't valid, did it run Out of Gas? You might also see this error if you are not using the correct ABI for the contract you are retrieving data from, requesting data from a block number that does not exist, or querying a node which is not fully synced.
2026.03.02-03:07:11.735[31m error[39m [caliper] [ethereum-connector] 	Failed tx on simple calling method query nonce undefined
2026.03.02-03:07:11.735[31m error[39m [caliper] [ethereum-connector] 	Error: Returned values aren't valid, did it run Out of Gas? You might also see this error if you are not using the correct ABI for the contract you are retrieving data from, requesting data from a block number that does not exist, or querying a node which is not fully synced.
2026.03.02-03:07:11.745[31m error[39m [caliper] [ethereum-connector] 	Failed tx on simple calling method query nonce undefined
2026.03.02-03:07:11.745[31m error[39m [caliper] [ethereum-connector] 	Error: Returned values aren't valid, did it run Out of Gas? You might also see this error if you are not using the correct ABI for the contract you are retrieving data from, requesting data from a block number that does not exist, or querying a node which is not fully synced.
2026.03.02-03:07:11.755[31m error[39m [caliper] [ethereum-connector] 	Failed tx on simple calling method query nonce undefined
2026.03.02-03:07:11.755[31m error[39m [caliper] [ethereum-connector] 	Error: Returned values aren't valid, did it run Out of Gas? You might also see this error if you are not using the correct ABI for the contract you are retrieving data from, requesting data from a block number that does not exist, or querying a node which is not fully synced.
2026.03.02-03:07:11.765[31m error[39m [caliper] [ethereum-connector] 	Failed tx on simple calling method query nonce undefined
2026.03.02-03:07:11.766[31m error[39m [caliper] [ethereum-connector] 	Error: Returned values aren't valid, did it run Out of Gas? You might also see this error if you are not using the correct ABI for the contract you are retrieving data from, requesting data from a block number that does not exist, or querying a node which is not fully synced.
2026.03.02-03:07:11.776[31m error[39m [caliper] [ethereum-connector] 	Failed tx on simple calling method query nonce undefined
2026.03.02-03:07:11.776[31m error[39m [caliper] [ethereum-connector] 	Error: Returned values aren't valid, did it run Out of Gas? You might also see this error if you are not using the correct ABI for the contract you are retrieving data from, requesting data from a block number that does not exist, or querying a node which is not fully synced.
2026.03.02-03:07:11.784[31m error[39m [caliper] [ethereum-connector] 	Failed tx on simple calling method query nonce undefined
2026.03.02-03:07:11.784[31m error[39m [caliper] [ethereum-connector] 	Error: Returned values aren't valid, did it run Out of Gas? You might also see this error if you are not using the correct ABI for the contract you are retrieving data from, requesting data from a block number that does not exist, or querying a node which is not fully synced.
2026.03.02-03:07:11.795[31m error[39m [caliper] [ethereum-connector] 	Failed tx on simple calling method query nonce undefined
2026.03.02-03:07:11.795[31m error[39m [caliper] [ethereum-connector] 	Error: Returned values aren't valid, did it run Out of Gas? You might also see this error if you are not using the correct ABI for the contract you are retrieving data from, requesting data from a block number that does not exist, or querying a node which is not fully synced.
2026.03.02-03:07:11.805[31m error[39m [caliper] [ethereum-connector] 	Failed tx on simple calling method query nonce undefined
2026.03.02-03:07:11.806[31m error[39m [caliper] [ethereum-connector] 	Error: Returned values aren't valid, did it run Out of Gas? You might also see this error if you are not using the correct ABI for the contract you are retrieving data from, requesting data from a block number that does not exist, or querying a node which is not fully synced.
2026.03.02-03:07:11.815[31m error[39m [caliper] [ethereum-connector] 	Failed tx on simple calling method query nonce undefined
2026.03.02-03:07:11.815[31m error[39m [caliper] [ethereum-connector] 	Error: Returned values aren't valid, did it run Out of Gas? You might also see this error if you are not using the correct ABI for the contract you are retrieving data from, requesting data from a block number that does not exist, or querying a node which is not fully synced.
2026.03.02-03:07:11.824[31m error[39m [caliper] [ethereum-connector] 	Failed tx on simple calling method query nonce undefined
2026.03.02-03:07:11.824[31m error[39m [caliper] [ethereum-connector] 	Error: Returned values aren't valid, did it run Out of Gas? You might also see this error if you are not using the correct ABI for the contract you are retrieving data from, requesting data from a block number that does not exist, or querying a node which is not fully synced.
2026.03.02-03:07:11.835[31m error[39m [caliper] [ethereum-connector] 	Failed tx on simple calling method query nonce undefined
2026.03.02-03:07:11.835[31m error[39m [caliper] [ethereum-connector] 	Error: Returned values aren't valid, did it run Out of Gas? You might also see this error if you are not using the correct ABI for the contract you are retrieving data from, requesting data from a block number that does not exist, or querying a node which is not fully synced.
2026.03.02-03:07:11.845[31m error[39m [caliper] [ethereum-connector] 	Failed tx on simple calling method query nonce undefined
2026.03.02-03:07:11.845[31m error[39m [caliper] [ethereum-connector] 	Error: Returned values aren't valid, did it run Out of Gas? You might also see this error if you are not using the correct ABI for the contract you are retrieving data from, requesting data from a block number that does not exist, or querying a node which is not fully synced.
2026.03.02-03:07:11.855[31m error[39m [caliper] [ethereum-connector] 	Failed tx on simple calling method query nonce undefined
2026.03.02-03:07:11.855[31m error[39m [caliper] [ethereum-connector] 	Error: Returned values aren't valid, did it run Out of Gas? You might also see this error if you are not using the correct ABI for the contract you are retrieving data from, requesting data from a block number that does not exist, or querying a node which is not fully synced.
2026.03.02-03:07:11.865[31m error[39m [caliper] [ethereum-connector] 	Failed tx on simple calling method query nonce undefined
2026.03.02-03:07:11.865[31m error[39m [caliper] [ethereum-connector] 	Error: Returned values aren't valid, did it run Out of Gas? You might also see this error if you are not using the correct ABI for the contract you are retrieving data from, requesting data from a block number that does not exist, or querying a node which is not fully synced.
2026.03.02-03:07:11.875[31m error[39m [caliper] [ethereum-connector] 	Failed tx on simple calling method query nonce undefined
2026.03.02-03:07:11.875[31m error[39m [caliper] [ethereum-connector] 	Error: Returned values aren't valid, did it run Out of Gas? You might also see this error if you are not using the correct ABI for the contract you are retrieving data from, requesting data from a block number that does not exist, or querying a node which is not fully synced.
2026.03.02-03:07:11.885[31m error[39m [caliper] [ethereum-connector] 	Failed tx on simple calling method query nonce undefined
2026.03.02-03:07:11.885[31m error[39m [caliper] [ethereum-connector] 	Error: Returned values aren't valid, did it run Out of Gas? You might also see this error if you are not using the correct ABI for the contract you are retrieving data from, requesting data from a block number that does not exist, or querying a node which is not fully synced.
2026.03.02-03:07:11.895[31m error[39m [caliper] [ethereum-connector] 	Failed tx on simple calling method query nonce undefined
2026.03.02-03:07:11.895[31m error[39m [caliper] [ethereum-connector] 	Error: Returned values aren't valid, did it run Out of Gas? You might also see this error if you are not using the correct ABI for the contract you are retrieving data from, requesting data from a block number that does not exist, or querying a node which is not fully synced.
2026.03.02-03:07:11.905[31m error[39m [caliper] [ethereum-connector] 	Failed tx on simple calling method query nonce undefined
2026.03.02-03:07:11.905[31m error[39m [caliper] [ethereum-connector] 	Error: Returned values aren't valid, did it run Out of Gas? You might also see this error if you are not using the correct ABI for the contract you are retrieving data from, requesting data from a block number that does not exist, or querying a node which is not fully synced.
2026.03.02-03:07:11.916[31m error[39m [caliper] [ethereum-connector] 	Failed tx on simple calling method query nonce undefined
2026.03.02-03:07:11.916[31m error[39m [caliper] [ethereum-connector] 	Error: Returned values aren't valid, did it run Out of Gas? You might also see this error if you are not using the correct ABI for the contract you are retrieving data from, requesting data from a block number that does not exist, or querying a node which is not fully synced.
2026.03.02-03:07:11.925[31m error[39m [caliper] [ethereum-connector] 	Failed tx on simple calling method query nonce undefined
2026.03.02-03:07:11.925[31m error[39m [caliper] [ethereum-connector] 	Error: Returned values aren't valid, did it run Out of Gas? You might also see this error if you are not using the correct ABI for the contract you are retrieving data from, requesting data from a block number that does not exist, or querying a node which is not fully synced.
2026.03.02-03:07:11.934[31m error[39m [caliper] [ethereum-connector] 	Failed tx on simple calling method query nonce undefined
2026.03.02-03:07:11.934[31m error[39m [caliper] [ethereum-connector] 	Error: Returned values aren't valid, did it run Out of Gas? You might also see this error if you are not using the correct ABI for the contract you are retrieving data from, requesting data from a block number that does not exist, or querying a node which is not fully synced.
2026.03.02-03:07:11.946[31m error[39m [caliper] [ethereum-connector] 	Failed tx on simple calling method query nonce undefined
2026.03.02-03:07:11.946[31m error[39m [caliper] [ethereum-connector] 	Error: Returned values aren't valid, did it run Out of Gas? You might also see this error if you are not using the correct ABI for the contract you are retrieving data from, requesting data from a block number that does not exist, or querying a node which is not fully synced.
2026.03.02-03:07:11.955[31m error[39m [caliper] [ethereum-connector] 	Failed tx on simple calling method query nonce undefined
2026.03.02-03:07:11.955[31m error[39m [caliper] [ethereum-connector] 	Error: Returned values aren't valid, did it run Out of Gas? You might also see this error if you are not using the correct ABI for the contract you are retrieving data from, requesting data from a block number that does not exist, or querying a node which is not fully synced.
2026.03.02-03:07:11.964[31m error[39m [caliper] [ethereum-connector] 	Failed tx on simple calling method query nonce undefined
2026.03.02-03:07:11.964[31m error[39m [caliper] [ethereum-connector] 	Error: Returned values aren't valid, did it run Out of Gas? You might also see this error if you are not using the correct ABI for the contract you are retrieving data from, requesting data from a block number that does not exist, or querying a node which is not fully synced.
2026.03.02-03:07:11.975[31m error[39m [caliper] [ethereum-connector] 	Failed tx on simple calling method query nonce undefined
2026.03.02-03:07:11.976[31m error[39m [caliper] [ethereum-connector] 	Error: Returned values aren't valid, did it run Out of Gas? You might also see this error if you are not using the correct ABI for the contract you are retrieving data from, requesting data from a block number that does not exist, or querying a node which is not fully synced.
2026.03.02-03:07:11.985[31m error[39m [caliper] [ethereum-connector] 	Failed tx on simple calling method query nonce undefined
2026.03.02-03:07:11.985[31m error[39m [caliper] [ethereum-connector] 	Error: Returned values aren't valid, did it run Out of Gas? You might also see this error if you are not using the correct ABI for the contract you are retrieving data from, requesting data from a block number that does not exist, or querying a node which is not fully synced.
2026.03.02-03:07:11.995[31m error[39m [caliper] [ethereum-connector] 	Failed tx on simple calling method query nonce undefined
2026.03.02-03:07:11.995[31m error[39m [caliper] [ethereum-connector] 	Error: Returned values aren't valid, did it run Out of Gas? You might also see this error if you are not using the correct ABI for the contract you are retrieving data from, requesting data from a block number that does not exist, or querying a node which is not fully synced.
2026.03.02-03:07:12.005[31m error[39m [caliper] [ethereum-connector] 	Failed tx on simple calling method query nonce undefined
2026.03.02-03:07:12.006[31m error[39m [caliper] [ethereum-connector] 	Error: Returned values aren't valid, did it run Out of Gas? You might also see this error if you are not using the correct ABI for the contract you are retrieving data from, requesting data from a block number that does not exist, or querying a node which is not fully synced.
2026.03.02-03:07:12.015[31m error[39m [caliper] [ethereum-connector] 	Failed tx on simple calling method query nonce undefined
2026.03.02-03:07:12.015[31m error[39m [caliper] [ethereum-connector] 	Error: Returned values aren't valid, did it run Out of Gas? You might also see this error if you are not using the correct ABI for the contract you are retrieving data from, requesting data from a block number that does not exist, or querying a node which is not fully synced.
2026.03.02-03:07:12.023[31m error[39m [caliper] [ethereum-connector] 	Failed tx on simple calling method query nonce undefined
2026.03.02-03:07:12.023[31m error[39m [caliper] [ethereum-connector] 	Error: Returned values aren't valid, did it run Out of Gas? You might also see this error if you are not using the correct ABI for the contract you are retrieving data from, requesting data from a block number that does not exist, or querying a node which is not fully synced.
2026.03.02-03:07:12.035[31m error[39m [caliper] [ethereum-connector] 	Failed tx on simple calling method query nonce undefined
2026.03.02-03:07:12.035[31m error[39m [caliper] [ethereum-connector] 	Error: Returned values aren't valid, did it run Out of Gas? You might also see this error if you are not using the correct ABI for the contract you are retrieving data from, requesting data from a block number that does not exist, or querying a node which is not fully synced.
2026.03.02-03:07:12.045[31m error[39m [caliper] [ethereum-connector] 	Failed tx on simple calling method query nonce undefined
2026.03.02-03:07:12.045[31m error[39m [caliper] [ethereum-connector] 	Error: Returned values aren't valid, did it run Out of Gas? You might also see this error if you are not using the correct ABI for the contract you are retrieving data from, requesting data from a block number that does not exist, or querying a node which is not fully synced.
2026.03.02-03:07:12.055[31m error[39m [caliper] [ethereum-connector] 	Failed tx on simple calling method query nonce undefined
2026.03.02-03:07:12.055[31m error[39m [caliper] [ethereum-connector] 	Error: Returned values aren't valid, did it run Out of Gas? You might also see this error if you are not using the correct ABI for the contract you are retrieving data from, requesting data from a block number that does not exist, or querying a node which is not fully synced.
2026.03.02-03:07:12.066[31m error[39m [caliper] [ethereum-connector] 	Failed tx on simple calling method query nonce undefined
2026.03.02-03:07:12.066[31m error[39m [caliper] [ethereum-connector] 	Error: Returned values aren't valid, did it run Out of Gas? You might also see this error if you are not using the correct ABI for the contract you are retrieving data from, requesting data from a block number that does not exist, or querying a node which is not fully synced.
2026.03.02-03:07:12.075[31m error[39m [caliper] [ethereum-connector] 	Failed tx on simple calling method query nonce undefined
2026.03.02-03:07:12.075[31m error[39m [caliper] [ethereum-connector] 	Error: Returned values aren't valid, did it run Out of Gas? You might also see this error if you are not using the correct ABI for the contract you are retrieving data from, requesting data from a block number that does not exist, or querying a node which is not fully synced.
2026.03.02-03:07:12.084[31m error[39m [caliper] [ethereum-connector] 	Failed tx on simple calling method query nonce undefined
2026.03.02-03:07:12.084[31m error[39m [caliper] [ethereum-connector] 	Error: Returned values aren't valid, did it run Out of Gas? You might also see this error if you are not using the correct ABI for the contract you are retrieving data from, requesting data from a block number that does not exist, or querying a node which is not fully synced.
2026.03.02-03:07:12.095[31m error[39m [caliper] [ethereum-connector] 	Failed tx on simple calling method query nonce undefined
2026.03.02-03:07:12.095[31m error[39m [caliper] [ethereum-connector] 	Error: Returned values aren't valid, did it run Out of Gas? You might also see this error if you are not using the correct ABI for the contract you are retrieving data from, requesting data from a block number that does not exist, or querying a node which is not fully synced.
2026.03.02-03:07:12.106[31m error[39m [caliper] [ethereum-connector] 	Failed tx on simple calling method query nonce undefined
2026.03.02-03:07:12.106[31m error[39m [caliper] [ethereum-connector] 	Error: Returned values aren't valid, did it run Out of Gas? You might also see this error if you are not using the correct ABI for the contract you are retrieving data from, requesting data from a block number that does not exist, or querying a node which is not fully synced.
2026.03.02-03:07:12.115[31m error[39m [caliper] [ethereum-connector] 	Failed tx on simple calling method query nonce undefined
2026.03.02-03:07:12.115[31m error[39m [caliper] [ethereum-connector] 	Error: Returned values aren't valid, did it run Out of Gas? You might also see this error if you are not using the correct ABI for the contract you are retrieving data from, requesting data from a block number that does not exist, or querying a node which is not fully synced.
2026.03.02-03:07:12.125[31m error[39m [caliper] [ethereum-connector] 	Failed tx on simple calling method query nonce undefined
2026.03.02-03:07:12.125[31m error[39m [caliper] [ethereum-connector] 	Error: Returned values aren't valid, did it run Out of Gas? You might also see this error if you are not using the correct ABI for the contract you are retrieving data from, requesting data from a block number that does not exist, or querying a node which is not fully synced.
2026.03.02-03:07:12.135[31m error[39m [caliper] [ethereum-connector] 	Failed tx on simple calling method query nonce undefined
2026.03.02-03:07:12.135[31m error[39m [caliper] [ethereum-connector] 	Error: Returned values aren't valid, did it run Out of Gas? You might also see this error if you are not using the correct ABI for the contract you are retrieving data from, requesting data from a block number that does not exist, or querying a node which is not fully synced.
2026.03.02-03:07:12.145[31m error[39m [caliper] [ethereum-connector] 	Failed tx on simple calling method query nonce undefined
2026.03.02-03:07:12.145[31m error[39m [caliper] [ethereum-connector] 	Error: Returned values aren't valid, did it run Out of Gas? You might also see this error if you are not using the correct ABI for the contract you are retrieving data from, requesting data from a block number that does not exist, or querying a node which is not fully synced.
2026.03.02-03:07:12.155[31m error[39m [caliper] [ethereum-connector] 	Failed tx on simple calling method query nonce undefined
2026.03.02-03:07:12.155[31m error[39m [caliper] [ethereum-connector] 	Error: Returned values aren't valid, did it run Out of Gas? You might also see this error if you are not using the correct ABI for the contract you are retrieving data from, requesting data from a block number that does not exist, or querying a node which is not fully synced.
2026.03.02-03:07:12.165[31m error[39m [caliper] [ethereum-connector] 	Failed tx on simple calling method query nonce undefined
2026.03.02-03:07:12.166[31m error[39m [caliper] [ethereum-connector] 	Error: Returned values aren't valid, did it run Out of Gas? You might also see this error if you are not using the correct ABI for the contract you are retrieving data from, requesting data from a block number that does not exist, or querying a node which is not fully synced.
2026.03.02-03:07:12.175[31m error[39m [caliper] [ethereum-connector] 	Failed tx on simple calling method query nonce undefined
2026.03.02-03:07:12.175[31m error[39m [caliper] [ethereum-connector] 	Error: Returned values aren't valid, did it run Out of Gas? You might also see this error if you are not using the correct ABI for the contract you are retrieving data from, requesting data from a block number that does not exist, or querying a node which is not fully synced.
2026.03.02-03:07:12.184[31m error[39m [caliper] [ethereum-connector] 	Failed tx on simple calling method query nonce undefined
2026.03.02-03:07:12.184[31m error[39m [caliper] [ethereum-connector] 	Error: Returned values aren't valid, did it run Out of Gas? You might also see this error if you are not using the correct ABI for the contract you are retrieving data from, requesting data from a block number that does not exist, or querying a node which is not fully synced.
2026.03.02-03:07:12.195[31m error[39m [caliper] [ethereum-connector] 	Failed tx on simple calling method query nonce undefined
2026.03.02-03:07:12.195[31m error[39m [caliper] [ethereum-connector] 	Error: Returned values aren't valid, did it run Out of Gas? You might also see this error if you are not using the correct ABI for the contract you are retrieving data from, requesting data from a block number that does not exist, or querying a node which is not fully synced.
2026.03.02-03:07:12.205[31m error[39m [caliper] [ethereum-connector] 	Failed tx on simple calling method query nonce undefined
2026.03.02-03:07:12.205[31m error[39m [caliper] [ethereum-connector] 	Error: Returned values aren't valid, did it run Out of Gas? You might also see this error if you are not using the correct ABI for the contract you are retrieving data from, requesting data from a block number that does not exist, or querying a node which is not fully synced.
2026.03.02-03:07:12.216[31m error[39m [caliper] [ethereum-connector] 	Failed tx on simple calling method query nonce undefined
2026.03.02-03:07:12.216[31m error[39m [caliper] [ethereum-connector] 	Error: Returned values aren't valid, did it run Out of Gas? You might also see this error if you are not using the correct ABI for the contract you are retrieving data from, requesting data from a block number that does not exist, or querying a node which is not fully synced.
2026.03.02-03:07:12.225[31m error[39m [caliper] [ethereum-connector] 	Failed tx on simple calling method query nonce undefined
2026.03.02-03:07:12.225[31m error[39m [caliper] [ethereum-connector] 	Error: Returned values aren't valid, did it run Out of Gas? You might also see this error if you are not using the correct ABI for the contract you are retrieving data from, requesting data from a block number that does not exist, or querying a node which is not fully synced.
2026.03.02-03:07:12.235[31m error[39m [caliper] [ethereum-connector] 	Failed tx on simple calling method query nonce undefined
2026.03.02-03:07:12.235[31m error[39m [caliper] [ethereum-connector] 	Error: Returned values aren't valid, did it run Out of Gas? You might also see this error if you are not using the correct ABI for the contract you are retrieving data from, requesting data from a block number that does not exist, or querying a node which is not fully synced.
2026.03.02-03:07:12.245[31m error[39m [caliper] [ethereum-connector] 	Failed tx on simple calling method query nonce undefined
2026.03.02-03:07:12.245[31m error[39m [caliper] [ethereum-connector] 	Error: Returned values aren't valid, did it run Out of Gas? You might also see this error if you are not using the correct ABI for the contract you are retrieving data from, requesting data from a block number that does not exist, or querying a node which is not fully synced.
2026.03.02-03:07:12.255[31m error[39m [caliper] [ethereum-connector] 	Failed tx on simple calling method query nonce undefined
2026.03.02-03:07:12.255[31m error[39m [caliper] [ethereum-connector] 	Error: Returned values aren't valid, did it run Out of Gas? You might also see this error if you are not using the correct ABI for the contract you are retrieving data from, requesting data from a block number that does not exist, or querying a node which is not fully synced.
2026.03.02-03:07:12.265[31m error[39m [caliper] [ethereum-connector] 	Failed tx on simple calling method query nonce undefined
2026.03.02-03:07:12.266[31m error[39m [caliper] [ethereum-connector] 	Error: Returned values aren't valid, did it run Out of Gas? You might also see this error if you are not using the correct ABI for the contract you are retrieving data from, requesting data from a block number that does not exist, or querying a node which is not fully synced.
2026.03.02-03:07:12.276[31m error[39m [caliper] [ethereum-connector] 	Failed tx on simple calling method query nonce undefined
2026.03.02-03:07:12.276[31m error[39m [caliper] [ethereum-connector] 	Error: Returned values aren't valid, did it run Out of Gas? You might also see this error if you are not using the correct ABI for the contract you are retrieving data from, requesting data from a block number that does not exist, or querying a node which is not fully synced.
2026.03.02-03:07:12.285[31m error[39m [caliper] [ethereum-connector] 	Failed tx on simple calling method query nonce undefined
2026.03.02-03:07:12.285[31m error[39m [caliper] [ethereum-connector] 	Error: Returned values aren't valid, did it run Out of Gas? You might also see this error if you are not using the correct ABI for the contract you are retrieving data from, requesting data from a block number that does not exist, or querying a node which is not fully synced.
2026.03.02-03:07:12.294[31m error[39m [caliper] [ethereum-connector] 	Failed tx on simple calling method query nonce undefined
2026.03.02-03:07:12.294[31m error[39m [caliper] [ethereum-connector] 	Error: Returned values aren't valid, did it run Out of Gas? You might also see this error if you are not using the correct ABI for the contract you are retrieving data from, requesting data from a block number that does not exist, or querying a node which is not fully synced.
2026.03.02-03:07:12.305[31m error[39m [caliper] [ethereum-connector] 	Failed tx on simple calling method query nonce undefined
2026.03.02-03:07:12.305[31m error[39m [caliper] [ethereum-connector] 	Error: Returned values aren't valid, did it run Out of Gas? You might also see this error if you are not using the correct ABI for the contract you are retrieving data from, requesting data from a block number that does not exist, or querying a node which is not fully synced.
2026.03.02-03:07:12.315[31m error[39m [caliper] [ethereum-connector] 	Failed tx on simple calling method query nonce undefined
2026.03.02-03:07:12.315[31m error[39m [caliper] [ethereum-connector] 	Error: Returned values aren't valid, did it run Out of Gas? You might also see this error if you are not using the correct ABI for the contract you are retrieving data from, requesting data from a block number that does not exist, or querying a node which is not fully synced.
2026.03.02-03:07:12.325[31m error[39m [caliper] [ethereum-connector] 	Failed tx on simple calling method query nonce undefined
2026.03.02-03:07:12.325[31m error[39m [caliper] [ethereum-connector] 	Error: Returned values aren't valid, did it run Out of Gas? You might also see this error if you are not using the correct ABI for the contract you are retrieving data from, requesting data from a block number that does not exist, or querying a node which is not fully synced.
2026.03.02-03:07:12.335[31m error[39m [caliper] [ethereum-connector] 	Failed tx on simple calling method query nonce undefined
2026.03.02-03:07:12.335[31m error[39m [caliper] [ethereum-connector] 	Error: Returned values aren't valid, did it run Out of Gas? You might also see this error if you are not using the correct ABI for the contract you are retrieving data from, requesting data from a block number that does not exist, or querying a node which is not fully synced.
2026.03.02-03:07:12.345[31m error[39m [caliper] [ethereum-connector] 	Failed tx on simple calling method query nonce undefined
2026.03.02-03:07:12.346[31m error[39m [caliper] [ethereum-connector] 	Error: Returned values aren't valid, did it run Out of Gas? You might also see this error if you are not using the correct ABI for the contract you are retrieving data from, requesting data from a block number that does not exist, or querying a node which is not fully synced.
2026.03.02-03:07:12.355[31m error[39m [caliper] [ethereum-connector] 	Failed tx on simple calling method query nonce undefined
2026.03.02-03:07:12.356[31m error[39m [caliper] [ethereum-connector] 	Error: Returned values aren't valid, did it run Out of Gas? You might also see this error if you are not using the correct ABI for the contract you are retrieving data from, requesting data from a block number that does not exist, or querying a node which is not fully synced.
2026.03.02-03:07:12.365[31m error[39m [caliper] [ethereum-connector] 	Failed tx on simple calling method query nonce undefined
2026.03.02-03:07:12.365[31m error[39m [caliper] [ethereum-connector] 	Error: Returned values aren't valid, did it run Out of Gas? You might also see this error if you are not using the correct ABI for the contract you are retrieving data from, requesting data from a block number that does not exist, or querying a node which is not fully synced.
2026.03.02-03:07:12.375[31m error[39m [caliper] [ethereum-connector] 	Failed tx on simple calling method query nonce undefined
2026.03.02-03:07:12.375[31m error[39m [caliper] [ethereum-connector] 	Error: Returned values aren't valid, did it run Out of Gas? You might also see this error if you are not using the correct ABI for the contract you are retrieving data from, requesting data from a block number that does not exist, or querying a node which is not fully synced.
2026.03.02-03:07:12.384[31m error[39m [caliper] [ethereum-connector] 	Failed tx on simple calling method query nonce undefined
2026.03.02-03:07:12.384[31m error[39m [caliper] [ethereum-connector] 	Error: Returned values aren't valid, did it run Out of Gas? You might also see this error if you are not using the correct ABI for the contract you are retrieving data from, requesting data from a block number that does not exist, or querying a node which is not fully synced.
2026.03.02-03:07:12.394[31m error[39m [caliper] [ethereum-connector] 	Failed tx on simple calling method query nonce undefined
2026.03.02-03:07:12.394[31m error[39m [caliper] [ethereum-connector] 	Error: Returned values aren't valid, did it run Out of Gas? You might also see this error if you are not using the correct ABI for the contract you are retrieving data from, requesting data from a block number that does not exist, or querying a node which is not fully synced.
2026.03.02-03:07:12.404[31m error[39m [caliper] [ethereum-connector] 	Failed tx on simple calling method query nonce undefined
2026.03.02-03:07:12.404[31m error[39m [caliper] [ethereum-connector] 	Error: Returned values aren't valid, did it run Out of Gas? You might also see this error if you are not using the correct ABI for the contract you are retrieving data from, requesting data from a block number that does not exist, or querying a node which is not fully synced.
2026.03.02-03:07:12.415[31m error[39m [caliper] [ethereum-connector] 	Failed tx on simple calling method query nonce undefined
2026.03.02-03:07:12.415[31m error[39m [caliper] [ethereum-connector] 	Error: Returned values aren't valid, did it run Out of Gas? You might also see this error if you are not using the correct ABI for the contract you are retrieving data from, requesting data from a block number that does not exist, or querying a node which is not fully synced.
2026.03.02-03:07:12.425[31m error[39m [caliper] [ethereum-connector] 	Failed tx on simple calling method query nonce undefined
2026.03.02-03:07:12.425[31m error[39m [caliper] [ethereum-connector] 	Error: Returned values aren't valid, did it run Out of Gas? You might also see this error if you are not using the correct ABI for the contract you are retrieving data from, requesting data from a block number that does not exist, or querying a node which is not fully synced.
2026.03.02-03:07:12.435[31m error[39m [caliper] [ethereum-connector] 	Failed tx on simple calling method query nonce undefined
2026.03.02-03:07:12.435[31m error[39m [caliper] [ethereum-connector] 	Error: Returned values aren't valid, did it run Out of Gas? You might also see this error if you are not using the correct ABI for the contract you are retrieving data from, requesting data from a block number that does not exist, or querying a node which is not fully synced.
2026.03.02-03:07:12.445[31m error[39m [caliper] [ethereum-connector] 	Failed tx on simple calling method query nonce undefined
2026.03.02-03:07:12.445[31m error[39m [caliper] [ethereum-connector] 	Error: Returned values aren't valid, did it run Out of Gas? You might also see this error if you are not using the correct ABI for the contract you are retrieving data from, requesting data from a block number that does not exist, or querying a node which is not fully synced.
2026.03.02-03:07:12.455[31m error[39m [caliper] [ethereum-connector] 	Failed tx on simple calling method query nonce undefined
2026.03.02-03:07:12.455[31m error[39m [caliper] [ethereum-connector] 	Error: Returned values aren't valid, did it run Out of Gas? You might also see this error if you are not using the correct ABI for the contract you are retrieving data from, requesting data from a block number that does not exist, or querying a node which is not fully synced.
2026.03.02-03:07:12.465[31m error[39m [caliper] [ethereum-connector] 	Failed tx on simple calling method query nonce undefined
2026.03.02-03:07:12.466[31m error[39m [caliper] [ethereum-connector] 	Error: Returned values aren't valid, did it run Out of Gas? You might also see this error if you are not using the correct ABI for the contract you are retrieving data from, requesting data from a block number that does not exist, or querying a node which is not fully synced.
2026.03.02-03:07:12.475[31m error[39m [caliper] [ethereum-connector] 	Failed tx on simple calling method query nonce undefined
2026.03.02-03:07:12.475[31m error[39m [caliper] [ethereum-connector] 	Error: Returned values aren't valid, did it run Out of Gas? You might also see this error if you are not using the correct ABI for the contract you are retrieving data from, requesting data from a block number that does not exist, or querying a node which is not fully synced.
2026.03.02-03:07:12.485[31m error[39m [caliper] [ethereum-connector] 	Failed tx on simple calling method query nonce undefined
2026.03.02-03:07:12.485[31m error[39m [caliper] [ethereum-connector] 	Error: Returned values aren't valid, did it run Out of Gas? You might also see this error if you are not using the correct ABI for the contract you are retrieving data from, requesting data from a block number that does not exist, or querying a node which is not fully synced.
2026.03.02-03:07:12.495[31m error[39m [caliper] [ethereum-connector] 	Failed tx on simple calling method query nonce undefined
2026.03.02-03:07:12.495[31m error[39m [caliper] [ethereum-connector] 	Error: Returned values aren't valid, did it run Out of Gas? You might also see this error if you are not using the correct ABI for the contract you are retrieving data from, requesting data from a block number that does not exist, or querying a node which is not fully synced.
2026.03.02-03:07:12.504[31m error[39m [caliper] [ethereum-connector] 	Failed tx on simple calling method query nonce undefined
2026.03.02-03:07:12.504[31m error[39m [caliper] [ethereum-connector] 	Error: Returned values aren't valid, did it run Out of Gas? You might also see this error if you are not using the correct ABI for the contract you are retrieving data from, requesting data from a block number that does not exist, or querying a node which is not fully synced.
2026.03.02-03:07:12.514[31m error[39m [caliper] [ethereum-connector] 	Failed tx on simple calling method query nonce undefined
2026.03.02-03:07:12.514[31m error[39m [caliper] [ethereum-connector] 	Error: Returned values aren't valid, did it run Out of Gas? You might also see this error if you are not using the correct ABI for the contract you are retrieving data from, requesting data from a block number that does not exist, or querying a node which is not fully synced.
2026.03.02-03:07:12.524[31m error[39m [caliper] [ethereum-connector] 	Failed tx on simple calling method query nonce undefined
2026.03.02-03:07:12.524[31m error[39m [caliper] [ethereum-connector] 	Error: Returned values aren't valid, did it run Out of Gas? You might also see this error if you are not using the correct ABI for the contract you are retrieving data from, requesting data from a block number that does not exist, or querying a node which is not fully synced.
2026.03.02-03:07:12.535[31m error[39m [caliper] [ethereum-connector] 	Failed tx on simple calling method query nonce undefined
2026.03.02-03:07:12.535[31m error[39m [caliper] [ethereum-connector] 	Error: Returned values aren't valid, did it run Out of Gas? You might also see this error if you are not using the correct ABI for the contract you are retrieving data from, requesting data from a block number that does not exist, or querying a node which is not fully synced.
2026.03.02-03:07:12.545[31m error[39m [caliper] [ethereum-connector] 	Failed tx on simple calling method query nonce undefined
2026.03.02-03:07:12.545[31m error[39m [caliper] [ethereum-connector] 	Error: Returned values aren't valid, did it run Out of Gas? You might also see this error if you are not using the correct ABI for the contract you are retrieving data from, requesting data from a block number that does not exist, or querying a node which is not fully synced.
2026.03.02-03:07:12.555[31m error[39m [caliper] [ethereum-connector] 	Failed tx on simple calling method query nonce undefined
2026.03.02-03:07:12.555[31m error[39m [caliper] [ethereum-connector] 	Error: Returned values aren't valid, did it run Out of Gas? You might also see this error if you are not using the correct ABI for the contract you are retrieving data from, requesting data from a block number that does not exist, or querying a node which is not fully synced.
2026.03.02-03:07:12.565[31m error[39m [caliper] [ethereum-connector] 	Failed tx on simple calling method query nonce undefined
2026.03.02-03:07:12.566[31m error[39m [caliper] [ethereum-connector] 	Error: Returned values aren't valid, did it run Out of Gas? You might also see this error if you are not using the correct ABI for the contract you are retrieving data from, requesting data from a block number that does not exist, or querying a node which is not fully synced.
2026.03.02-03:07:12.575[31m error[39m [caliper] [ethereum-connector] 	Failed tx on simple calling method query nonce undefined
2026.03.02-03:07:12.575[31m error[39m [caliper] [ethereum-connector] 	Error: Returned values aren't valid, did it run Out of Gas? You might also see this error if you are not using the correct ABI for the contract you are retrieving data from, requesting data from a block number that does not exist, or querying a node which is not fully synced.
2026.03.02-03:07:12.584[31m error[39m [caliper] [ethereum-connector] 	Failed tx on simple calling method query nonce undefined
2026.03.02-03:07:12.584[31m error[39m [caliper] [ethereum-connector] 	Error: Returned values aren't valid, did it run Out of Gas? You might also see this error if you are not using the correct ABI for the contract you are retrieving data from, requesting data from a block number that does not exist, or querying a node which is not fully synced.
2026.03.02-03:07:12.594[31m error[39m [caliper] [ethereum-connector] 	Failed tx on simple calling method query nonce undefined
2026.03.02-03:07:12.594[31m error[39m [caliper] [ethereum-connector] 	Error: Returned values aren't valid, did it run Out of Gas? You might also see this error if you are not using the correct ABI for the contract you are retrieving data from, requesting data from a block number that does not exist, or querying a node which is not fully synced.
2026.03.02-03:07:12.604[31m error[39m [caliper] [ethereum-connector] 	Failed tx on simple calling method query nonce undefined
2026.03.02-03:07:12.604[31m error[39m [caliper] [ethereum-connector] 	Error: Returned values aren't valid, did it run Out of Gas? You might also see this error if you are not using the correct ABI for the contract you are retrieving data from, requesting data from a block number that does not exist, or querying a node which is not fully synced.
2026.03.02-03:07:12.615[31m error[39m [caliper] [ethereum-connector] 	Failed tx on simple calling method query nonce undefined
2026.03.02-03:07:12.615[31m error[39m [caliper] [ethereum-connector] 	Error: Returned values aren't valid, did it run Out of Gas? You might also see this error if you are not using the correct ABI for the contract you are retrieving data from, requesting data from a block number that does not exist, or querying a node which is not fully synced.
2026.03.02-03:07:12.625[31m error[39m [caliper] [ethereum-connector] 	Failed tx on simple calling method query nonce undefined
2026.03.02-03:07:12.625[31m error[39m [caliper] [ethereum-connector] 	Error: Returned values aren't valid, did it run Out of Gas? You might also see this error if you are not using the correct ABI for the contract you are retrieving data from, requesting data from a block number that does not exist, or querying a node which is not fully synced.
2026.03.02-03:07:12.635[31m error[39m [caliper] [ethereum-connector] 	Failed tx on simple calling method query nonce undefined
2026.03.02-03:07:12.635[31m error[39m [caliper] [ethereum-connector] 	Error: Returned values aren't valid, did it run Out of Gas? You might also see this error if you are not using the correct ABI for the contract you are retrieving data from, requesting data from a block number that does not exist, or querying a node which is not fully synced.
2026.03.02-03:07:12.645[31m error[39m [caliper] [ethereum-connector] 	Failed tx on simple calling method query nonce undefined
2026.03.02-03:07:12.646[31m error[39m [caliper] [ethereum-connector] 	Error: Returned values aren't valid, did it run Out of Gas? You might also see this error if you are not using the correct ABI for the contract you are retrieving data from, requesting data from a block number that does not exist, or querying a node which is not fully synced.
2026.03.02-03:07:12.656[31m error[39m [caliper] [ethereum-connector] 	Failed tx on simple calling method query nonce undefined
2026.03.02-03:07:12.656[31m error[39m [caliper] [ethereum-connector] 	Error: Returned values aren't valid, did it run Out of Gas? You might also see this error if you are not using the correct ABI for the contract you are retrieving data from, requesting data from a block number that does not exist, or querying a node which is not fully synced.
2026.03.02-03:07:12.665[31m error[39m [caliper] [ethereum-connector] 	Failed tx on simple calling method query nonce undefined
2026.03.02-03:07:12.665[31m error[39m [caliper] [ethereum-connector] 	Error: Returned values aren't valid, did it run Out of Gas? You might also see this error if you are not using the correct ABI for the contract you are retrieving data from, requesting data from a block number that does not exist, or querying a node which is not fully synced.
2026.03.02-03:07:12.675[31m error[39m [caliper] [ethereum-connector] 	Failed tx on simple calling method query nonce undefined
2026.03.02-03:07:12.675[31m error[39m [caliper] [ethereum-connector] 	Error: Returned values aren't valid, did it run Out of Gas? You might also see this error if you are not using the correct ABI for the contract you are retrieving data from, requesting data from a block number that does not exist, or querying a node which is not fully synced.
2026.03.02-03:07:12.685[31m error[39m [caliper] [ethereum-connector] 	Failed tx on simple calling method query nonce undefined
2026.03.02-03:07:12.685[31m error[39m [caliper] [ethereum-connector] 	Error: Returned values aren't valid, did it run Out of Gas? You might also see this error if you are not using the correct ABI for the contract you are retrieving data from, requesting data from a block number that does not exist, or querying a node which is not fully synced.
2026.03.02-03:07:12.695[31m error[39m [caliper] [ethereum-connector] 	Failed tx on simple calling method query nonce undefined
2026.03.02-03:07:12.695[31m error[39m [caliper] [ethereum-connector] 	Error: Returned values aren't valid, did it run Out of Gas? You might also see this error if you are not using the correct ABI for the contract you are retrieving data from, requesting data from a block number that does not exist, or querying a node which is not fully synced.
2026.03.02-03:07:12.705[31m error[39m [caliper] [ethereum-connector] 	Failed tx on simple calling method query nonce undefined
2026.03.02-03:07:12.705[31m error[39m [caliper] [ethereum-connector] 	Error: Returned values aren't valid, did it run Out of Gas? You might also see this error if you are not using the correct ABI for the contract you are retrieving data from, requesting data from a block number that does not exist, or querying a node which is not fully synced.
2026.03.02-03:07:12.715[31m error[39m [caliper] [ethereum-connector] 	Failed tx on simple calling method query nonce undefined
2026.03.02-03:07:12.715[31m error[39m [caliper] [ethereum-connector] 	Error: Returned values aren't valid, did it run Out of Gas? You might also see this error if you are not using the correct ABI for the contract you are retrieving data from, requesting data from a block number that does not exist, or querying a node which is not fully synced.
2026.03.02-03:07:12.725[31m error[39m [caliper] [ethereum-connector] 	Failed tx on simple calling method query nonce undefined
2026.03.02-03:07:12.725[31m error[39m [caliper] [ethereum-connector] 	Error: Returned values aren't valid, did it run Out of Gas? You might also see this error if you are not using the correct ABI for the contract you are retrieving data from, requesting data from a block number that does not exist, or querying a node which is not fully synced.
2026.03.02-03:07:12.735[31m error[39m [caliper] [ethereum-connector] 	Failed tx on simple calling method query nonce undefined
2026.03.02-03:07:12.735[31m error[39m [caliper] [ethereum-connector] 	Error: Returned values aren't valid, did it run Out of Gas? You might also see this error if you are not using the correct ABI for the contract you are retrieving data from, requesting data from a block number that does not exist, or querying a node which is not fully synced.
2026.03.02-03:07:12.745[31m error[39m [caliper] [ethereum-connector] 	Failed tx on simple calling method query nonce undefined
2026.03.02-03:07:12.745[31m error[39m [caliper] [ethereum-connector] 	Error: Returned values aren't valid, did it run Out of Gas? You might also see this error if you are not using the correct ABI for the contract you are retrieving data from, requesting data from a block number that does not exist, or querying a node which is not fully synced.
2026.03.02-03:07:12.755[31m error[39m [caliper] [ethereum-connector] 	Failed tx on simple calling method query nonce undefined
2026.03.02-03:07:12.755[31m error[39m [caliper] [ethereum-connector] 	Error: Returned values aren't valid, did it run Out of Gas? You might also see this error if you are not using the correct ABI for the contract you are retrieving data from, requesting data from a block number that does not exist, or querying a node which is not fully synced.
2026.03.02-03:07:12.765[31m error[39m [caliper] [ethereum-connector] 	Failed tx on simple calling method query nonce undefined
2026.03.02-03:07:12.766[31m error[39m [caliper] [ethereum-connector] 	Error: Returned values aren't valid, did it run Out of Gas? You might also see this error if you are not using the correct ABI for the contract you are retrieving data from, requesting data from a block number that does not exist, or querying a node which is not fully synced.
2026.03.02-03:07:12.775[31m error[39m [caliper] [ethereum-connector] 	Failed tx on simple calling method query nonce undefined
2026.03.02-03:07:12.775[31m error[39m [caliper] [ethereum-connector] 	Error: Returned values aren't valid, did it run Out of Gas? You might also see this error if you are not using the correct ABI for the contract you are retrieving data from, requesting data from a block number that does not exist, or querying a node which is not fully synced.
2026.03.02-03:07:12.785[31m error[39m [caliper] [ethereum-connector] 	Failed tx on simple calling method query nonce undefined
2026.03.02-03:07:12.785[31m error[39m [caliper] [ethereum-connector] 	Error: Returned values aren't valid, did it run Out of Gas? You might also see this error if you are not using the correct ABI for the contract you are retrieving data from, requesting data from a block number that does not exist, or querying a node which is not fully synced.
2026.03.02-03:07:12.795[31m error[39m [caliper] [ethereum-connector] 	Failed tx on simple calling method query nonce undefined
2026.03.02-03:07:12.795[31m error[39m [caliper] [ethereum-connector] 	Error: Returned values aren't valid, did it run Out of Gas? You might also see this error if you are not using the correct ABI for the contract you are retrieving data from, requesting data from a block number that does not exist, or querying a node which is not fully synced.
2026.03.02-03:07:12.805[31m error[39m [caliper] [ethereum-connector] 	Failed tx on simple calling method query nonce undefined
2026.03.02-03:07:12.805[31m error[39m [caliper] [ethereum-connector] 	Error: Returned values aren't valid, did it run Out of Gas? You might also see this error if you are not using the correct ABI for the contract you are retrieving data from, requesting data from a block number that does not exist, or querying a node which is not fully synced.
2026.03.02-03:07:12.815[31m error[39m [caliper] [ethereum-connector] 	Failed tx on simple calling method query nonce undefined
2026.03.02-03:07:12.815[31m error[39m [caliper] [ethereum-connector] 	Error: Returned values aren't valid, did it run Out of Gas? You might also see this error if you are not using the correct ABI for the contract you are retrieving data from, requesting data from a block number that does not exist, or querying a node which is not fully synced.
2026.03.02-03:07:12.825[31m error[39m [caliper] [ethereum-connector] 	Failed tx on simple calling method query nonce undefined
2026.03.02-03:07:12.825[31m error[39m [caliper] [ethereum-connector] 	Error: Returned values aren't valid, did it run Out of Gas? You might also see this error if you are not using the correct ABI for the contract you are retrieving data from, requesting data from a block number that does not exist, or querying a node which is not fully synced.
2026.03.02-03:07:12.835[31m error[39m [caliper] [ethereum-connector] 	Failed tx on simple calling method query nonce undefined
2026.03.02-03:07:12.835[31m error[39m [caliper] [ethereum-connector] 	Error: Returned values aren't valid, did it run Out of Gas? You might also see this error if you are not using the correct ABI for the contract you are retrieving data from, requesting data from a block number that does not exist, or querying a node which is not fully synced.
2026.03.02-03:07:12.845[31m error[39m [caliper] [ethereum-connector] 	Failed tx on simple calling method query nonce undefined
2026.03.02-03:07:12.845[31m error[39m [caliper] [ethereum-connector] 	Error: Returned values aren't valid, did it run Out of Gas? You might also see this error if you are not using the correct ABI for the contract you are retrieving data from, requesting data from a block number that does not exist, or querying a node which is not fully synced.
2026.03.02-03:07:12.854[31m error[39m [caliper] [ethereum-connector] 	Failed tx on simple calling method query nonce undefined
2026.03.02-03:07:12.855[31m error[39m [caliper] [ethereum-connector] 	Error: Returned values aren't valid, did it run Out of Gas? You might also see this error if you are not using the correct ABI for the contract you are retrieving data from, requesting data from a block number that does not exist, or querying a node which is not fully synced.
2026.03.02-03:07:12.865[31m error[39m [caliper] [ethereum-connector] 	Failed tx on simple calling method query nonce undefined
2026.03.02-03:07:12.865[31m error[39m [caliper] [ethereum-connector] 	Error: Returned values aren't valid, did it run Out of Gas? You might also see this error if you are not using the correct ABI for the contract you are retrieving data from, requesting data from a block number that does not exist, or querying a node which is not fully synced.
2026.03.02-03:07:13.965[32m info [39m [caliper] [worker-message-handler] 	Worker#0 finished Round#1
2026.03.02-03:07:18.967[32m info [39m [caliper] [default-observer] 	Resetting txCount indicator count
2026.03.02-03:07:18.967[32m info [39m [caliper] [report-builder] 	### Test result ###
2026.03.02-03:07:18.969[32m info [39m [caliper] [report-builder] 	
+-------+------+------+-----------------+-----------------+-----------------+-----------------+------------------+
| Name  | Succ | Fail | Send Rate (TPS) | Max Latency (s) | Min Latency (s) | Avg Latency (s) | Throughput (TPS) |
|-------|------|------|-----------------|-----------------|-----------------|-----------------|------------------|
| query | 0    | 1000 | 100.1           | -               | -               | -               | 100.1            |
+-------+------+------+-----------------+-----------------+-----------------+-----------------+------------------+

2026.03.02-03:07:18.980[32m info [39m [caliper] [report-builder] 	### docker resource stats ###'
2026.03.02-03:07:18.983[32m info [39m [caliper] [report-builder] 	
+-------------+----------------------+----------------------+------------------+------------------+----------------+-----------------+-----------------+---------------+
| Name        | CPU%(max)            | CPU%(avg)            | Memory(max) [GB] | Memory(avg) [GB] | Traffic In [B] | Traffic Out [B] | Disc Write [KB] | Disc Read [B] |
|-------------|----------------------|----------------------|------------------|------------------|----------------|-----------------|-----------------|---------------|
| /node-besu2 | 0.006666666666666667 | 0.00375              | 0.682            | 0.682            | 0.00           | 0.00            | 0.00            | 0.00          |
|-------------|----------------------|----------------------|------------------|------------------|----------------|-----------------|-----------------|---------------|
| /node-besu4 | 0.007083333333333334 | 0.005416666666666667 | 0.659            | 0.659            | 0.00           | 0.00            | 244             | 0.00          |
|-------------|----------------------|----------------------|------------------|------------------|----------------|-----------------|-----------------|---------------|
| /node-besu1 | 0.05333333333333334  | 0.02125              | 1.38             | 1.38             | 0.00           | 0.00            | 460             | 0.00          |
|-------------|----------------------|----------------------|------------------|------------------|----------------|-----------------|-----------------|---------------|
| /node-besu3 | 0.008333333333333333 | 0.005416666666666667 | 0.681            | 0.681            | 0.00           | 0.00            | 0.00            | 0.00          |
+-------------+----------------------+----------------------+------------------+------------------+----------------+-----------------+-----------------+---------------+

2026.03.02-03:07:18.984[32m info [39m [caliper] [round-orchestrator] 	Finished round 2 (query) in 10.092 seconds
2026.03.02-03:07:18.984[32m info [39m [caliper] [monitor.js] 	Stopping all monitors
2026.03.02-03:07:19.085[32m info [39m [caliper] [round-orchestrator] 	Waiting 5 seconds for the next round...
2026.03.02-03:07:24.085[32m info [39m [caliper] [round-orchestrator] 	Started round 3 (transfer)
2026.03.02-03:07:24.087[32m info [39m [caliper] [worker-message-handler] 	Preparing Worker#0 for Round#2
2026.03.02-03:07:24.116[32m info [39m [caliper] [caliper-worker] 	Info: worker 0 prepare test phase for round 2 is starting...
2026.03.02-03:07:24.118[32m info [39m [caliper] [caliper-worker] 	Info: worker 0 prepare test phase for round 2 is completed
2026.03.02-03:07:24.118[32m info [39m [caliper] [worker-message-handler] 	Worker#0 prepared for Round#2
2026.03.02-03:07:24.119[32m info [39m [caliper] [worker-orchestrator] 	1 workers prepared, progressing to test phase.
2026.03.02-03:07:26.149[32m info [39m [caliper] [round-orchestrator] 	Monitors successfully started
2026.03.02-03:07:26.151[32m info [39m [caliper] [worker-message-handler] 	Worker#0 is starting Round#2
2026.03.02-03:07:26.180[32m info [39m [caliper] [caliper-worker] 	Worker #0 starting workload loop
2026.03.02-03:07:29.121[32m info [39m [caliper] [default-observer] 	[transfer Round 2 Transaction Info] - Submitted: 10 Succ: 0 Fail:0 Unfinished:10
2026.03.02-03:07:34.122[32m info [39m [caliper] [default-observer] 	[transfer Round 2 Transaction Info] - Submitted: 36 Succ: 15 Fail:0 Unfinished:21
2026.03.02-03:07:39.122[32m info [39m [caliper] [default-observer] 	[transfer Round 2 Transaction Info] - Submitted: 50 Succ: 15 Fail:0 Unfinished:35
2026.03.02-03:07:44.123[32m info [39m [caliper] [default-observer] 	[transfer Round 2 Transaction Info] - Submitted: 50 Succ: 15 Fail:0 Unfinished:35
2026.03.02-03:07:49.124[32m info [39m [caliper] [default-observer] 	[transfer Round 2 Transaction Info] - Submitted: 50 Succ: 50 Fail:0 Unfinished:0
2026.03.02-03:07:50.113[32m info [39m [caliper] [worker-message-handler] 	Worker#0 finished Round#2
2026.03.02-03:07:55.118[32m info [39m [caliper] [default-observer] 	Resetting txCount indicator count
2026.03.02-03:07:55.118[32m info [39m [caliper] [report-builder] 	### Test result ###
2026.03.02-03:07:55.120[32m info [39m [caliper] [report-builder] 	
+----------+------+------+-----------------+-----------------+-----------------+-----------------+------------------+
| Name     | Succ | Fail | Send Rate (TPS) | Max Latency (s) | Min Latency (s) | Avg Latency (s) | Throughput (TPS) |
|----------|------|------|-----------------|-----------------|-----------------|-----------------|------------------|
| transfer | 50   | 0    | 5.1             | 19.87           | 0.05            | 11.97           | 2.2              |
+----------+------+------+-----------------+-----------------+-----------------+-----------------+------------------+

2026.03.02-03:07:55.131[32m info [39m [caliper] [report-builder] 	### docker resource stats ###'
2026.03.02-03:07:55.133[32m info [39m [caliper] [report-builder] 	
+-------------+-----------------------+-----------------------+------------------+------------------+----------------+-----------------+-----------------+---------------+
| Name        | CPU%(max)             | CPU%(avg)             | Memory(max) [GB] | Memory(avg) [GB] | Traffic In [B] | Traffic Out [B] | Disc Write [KB] | Disc Read [B] |
|-------------|-----------------------|-----------------------|------------------|------------------|----------------|-----------------|-----------------|---------------|
| /node-besu2 | 0.0062499999999999995 | 0.0033333333333333335 | 0.683            | 0.682            | 0.00           | 0.00            | 128             | 0.00          |
|-------------|-----------------------|-----------------------|------------------|------------------|----------------|-----------------|-----------------|---------------|
| /node-besu4 | 0.009166666666666667  | 0.004583333333333333  | 0.659            | 0.659            | 0.00           | 0.00            | 292             | 0.00          |
|-------------|-----------------------|-----------------------|------------------|------------------|----------------|-----------------|-----------------|---------------|
| /node-besu1 | 0.009166666666666667  | 0.004583333333333333  | 1.38             | 1.38             | 0.00           | 0.00            | 276             | 0.00          |
|-------------|-----------------------|-----------------------|------------------|------------------|----------------|-----------------|-----------------|---------------|
| /node-besu3 | 0.009166666666666667  | 0.004166666666666667  | 0.682            | 0.681            | 0.00           | 0.00            | 120             | 0.00          |
+-------------+-----------------------+-----------------------+------------------+------------------+----------------+-----------------+-----------------+---------------+

2026.03.02-03:07:55.134[32m info [39m [caliper] [round-orchestrator] 	Finished round 3 (transfer) in 22.933 seconds
2026.03.02-03:07:55.134[32m info [39m [caliper] [monitor.js] 	Stopping all monitors
2026.03.02-03:07:55.235[32m info [39m [caliper] [report-builder] 	### All test results ###
2026.03.02-03:07:55.237[32m info [39m [caliper] [report-builder] 	
+----------+------+------+-----------------+-----------------+-----------------+-----------------+------------------+
| Name     | Succ | Fail | Send Rate (TPS) | Max Latency (s) | Min Latency (s) | Avg Latency (s) | Throughput (TPS) |
|----------|------|------|-----------------|-----------------|-----------------|-----------------|------------------|
| open     | 1000 | 0    | 50.1            | 20.36           | 2.14            | 10.99           | 29.1             |
|----------|------|------|-----------------|-----------------|-----------------|-----------------|------------------|
| query    | 0    | 1000 | 100.1           | -               | -               | -               | 100.1            |
|----------|------|------|-----------------|-----------------|-----------------|-----------------|------------------|
| transfer | 50   | 0    | 5.1             | 19.87           | 0.05            | 11.97           | 2.2              |
+----------+------+------+-----------------+-----------------+-----------------+-----------------+------------------+

2026.03.02-03:07:55.257[32m info [39m [caliper] [report-builder] 	Generated report with path /home/stefa/Área de Trabalho/dapp-benchmarking/src/caliper/report.html
2026.03.02-03:07:55.257[32m info [39m [caliper] [monitor.js] 	Stopping all monitors
2026.03.02-03:07:55.258[32m info [39m [caliper] [worker-orchestrator] 	Sending exit message to connected workers
2026.03.02-03:07:55.258[32m info [39m [caliper] [round-orchestrator] 	Benchmark finished in 102.307 seconds. Total rounds: 3. Successful rounds: 3. Failed rounds: 0.
2026.03.02-03:07:55.259[32m info [39m [caliper] [caliper-engine] 	Network configuration attribute "caliper.command.end" is not present, skipping end command
2026.03.02-03:07:55.259[32m info [39m [caliper] [cli-launch-manager] 	Benchmark successfully finished
2026.03.02-03:07:55.259[32m info [39m [caliper] [worker-message-handler] 	Worker#0 is exiting
✅ Benchmark finalizado
